#Annotated with Bakta (v1.7.0): https://github.com/oschwengers/bakta								
#Database (v5.0): https://doi.org/10.5281/zenodo.4247252								
#Sequence Id	Type	Start	Stop	Strand	Locus Tag	Gene	Product	DbXrefs
contig_1	cds	300	1313	-	KK01_00005	ilvC	ketol-acid reductoisomerase	"COG:COG0059, COG:EH, EC:1.1.1.86, KEGG:K00053, RefSeq:WP_019390042.1, SO:0001217, UniParc:UPI0002F4C31E, UniRef:UniRef100_UPI0002F4C31E, UniRef:UniRef50_D0WGK0, UniRef:UniRef90_E4ZC66"
contig_1	cds	1499	3979	-	KK01_00010	ftsK	DNA segregation ATPase FtsK/SpoIIIE or related protein	"COG:COG1674, COG:D, SO:0001217, UniRef:UniRef50_Q9JU31, UniRef:UniRef90_F5S7D1"
contig_1	cds	4055	4687	-	KK01_00015	acrR	"DNA-binding protein, AcrR family, includes nucleoid occlusion protein SlmA"	"COG:COG1309, COG:K, RefSeq:WP_032133585.1, SO:0001217, UniParc:UPI000418B2D6, UniRef:UniRef100_UPI000418B2D6, UniRef:UniRef50_V9HCB6, UniRef:UniRef90_F5S7D0"
contig_1	cds	4890	6179	+	KK01_00020	acrA	Multidrug efflux pump subunit AcrA (membrane-fusion protein)	"COG:COG0845, COG:MV, RefSeq:WP_019390039.1, SO:0001217, UniParc:UPI00037310BE, UniRef:UniRef100_UPI00037310BE, UniRef:UniRef50_P43505, UniRef:UniRef90_UPI000B0FD8E7"
contig_1	cds	6195	9362	+	KK01_00025	acrB	Multidrug efflux pump subunit AcrB	"COG:COG0841, COG:V, SO:0001217, UniRef:UniRef50_A0A0M6Y3U9, UniRef:UniRef90_F5S7C8"
contig_1	cds	9492	10922	+	KK01_00030	adeC	Outer membrane protein TolC	"COG:COG1538, COG:M, SO:0001217, UniRef:UniRef50_G4CQN9, UniRef:UniRef90_F5S7C7"
contig_1	cds	11121	12176	-	KK01_00035	tal	transaldolase	"COG:COG0176, COG:G, EC:2.2.1.2, KEGG:K00616, RefSeq:WP_032133581.1, SO:0001217, UniParc:UPI000419576C, UniRef:UniRef100_UPI000419576C, UniRef:UniRef50_Q5F6E9, UniRef:UniRef90_F5S7C5"
contig_1	cds	12308	12448	+	KK01_00040		hypothetical protein	
contig_1	cds	12448	13272	+	KK01_00045		"Signal-transduction protein containing cAMP-binding, CBS, and nucleotidyltransferase domains"	"COG:COG2905, COG:T, SO:0001217, UniRef:UniRef50_B2VL66, UniRef:UniRef90_F5S7C4"
contig_1	cds	13296	14141	+	KK01_00050	kdsA	3-deoxy-8-phosphooctulonate synthase	"COG:COG2877, COG:M, EC:2.5.1.55, KEGG:K01627, RefSeq:WP_032133580.1, SO:0001217, UniParc:UPI00040FB398, UniRef:UniRef100_UPI00040FB398, UniRef:UniRef50_Q70JW1, UniRef:UniRef90_F5S7C3"
contig_1	cds	14216	15463	-	KK01_00055	fabB	beta-ketoacyl-ACP synthase	"COG:COG0304, COG:IQ, RefSeq:WP_032133579.1, SO:0001217, UniParc:UPI000415992F, UniRef:UniRef100_UPI000415992F, UniRef:UniRef50_A0A0T9MRA3, UniRef:UniRef90_F5S7C2"
contig_1	cds	15495	16223	-	KK01_00060	fabG	3-oxoacyl-ACP reductase FabG	"COG:COG1028, COG:I, RefSeq:WP_019390033.1, SO:0001217, UniParc:UPI0002F2A111, UniRef:UniRef100_UPI0002F2A111, UniRef:UniRef50_P70720, UniRef:UniRef90_F5S7C1"
contig_1	cds	16272	16760	-	KK01_00065		"putative 3-hydroxylacyl-ACP dehydratase, HotDog domain"	"COG:COG4706, COG:I, RefSeq:WP_038303369.1, SO:0001217, UniParc:UPI000418D3B8, UniRef:UniRef100_UPI000418D3B8, UniRef:UniRef50_V9H920, UniRef:UniRef90_F5S7C0"
contig_1	cds	16753	17967	-	KK01_00070	fabB	3-oxoacyl-(acyl-carrier-protein) synthase	"COG:COG0304, COG:IQ, RefSeq:WP_060537094.1, SO:0001217, UniParc:UPI0007065C02, UniRef:UniRef100_UPI0007065C02, UniRef:UniRef50_A0A377IXQ7, UniRef:UniRef90_F5S7B9"
contig_1	cds	17986	18387	-	KK01_00075		Lipoprotein	"RefSeq:WP_019390031.1, SO:0001217, UniParc:UPI0002EDBBFD, UniRef:UniRef100_UPI0002EDBBFD, UniRef:UniRef50_V9HMM6, UniRef:UniRef90_F5S7B8"
contig_1	cds	18384	19175	-	KK01_00080	plsC	1-acyl-sn-glycerol-3-phosphate acyltransferase	"COG:COG0204, COG:I, SO:0001217, UniRef:UniRef50_G4CJN3, UniRef:UniRef90_F5S7B7"
contig_1	cds	19157	19870	-	KK01_00085		Ketoacyl-synth-N domain-containing protein	"SO:0001217, UniRef:UniRef50_V9HMM3, UniRef:UniRef90_F5S7B6"
contig_1	cds	19903	20517	-	KK01_00090	entD	4'-phosphopantetheinyl transferase EntD (siderophore biosynthesis)	"COG:COG2977, COG:Q, RefSeq:WP_230311303.1, SO:0001217, UniParc:UPI0002D888F0, UniRef:UniRef100_UPI0002D888F0, UniRef:UniRef50_F5S7B5, UniRef:UniRef90_F5S7B5"
contig_1	cds	20598	21107	+	KK01_00095		Excinuclease	"RefSeq:WP_019390027.1, SO:0001217, UniParc:UPI0002F32B5B, UniRef:UniRef100_UPI0002F32B5B, UniRef:UniRef50_A0A1A9S3E5, UniRef:UniRef90_F5S7B4"
contig_1	cds	21133	21984	+	KK01_00100	wcaA	Glycosyltransferase involved in cell wall bisynthesis	"COG:COG0463, COG:M, SO:0001217, UniRef:UniRef50_F5S7B3, UniRef:UniRef90_F5S7B3"
contig_1	cds	21994	22488	+	KK01_00105		DUF2726 domain-containing protein	"RefSeq:WP_019390025.1, SO:0001217, UniParc:UPI00037AD3E8, UniRef:UniRef100_UPI00037AD3E8, UniRef:UniRef50_F0EW79, UniRef:UniRef90_F5S7B2"
contig_1	cds	22609	22956	-	KK01_00110		HTH cro/C1-type domain-containing protein	"RefSeq:WP_003790424.1, SO:0001217, UniParc:UPI0002585A2E, UniRef:UniRef100_UPI000408F116, UniRef:UniRef50_F5S7B1, UniRef:UniRef90_F5S7B1"
contig_1	cds	23090	24283	-	KK01_00115	pncB	nicotinate phosphoribosyltransferase	"COG:COG1488, COG:H, EC:6.3.4.21, KEGG:K00763, RefSeq:WP_019390024.1, SO:0001217, UniParc:UPI0002E331D2, UniRef:UniRef100_UPI0002E331D2, UniRef:UniRef50_Q6F6W1, UniRef:UniRef90_F5S7B0"
contig_1	cds	24416	25297	+	KK01_00120	ubiA	4-hydroxybenzoate octaprenyltransferase	"COG:COG0382, COG:H, RefSeq:WP_060537095.1, SO:0001217, UniParc:UPI000705E282, UniRef:UniRef100_UPI000705E282, UniRef:UniRef50_Q5P5M0, UniRef:UniRef90_F5S7A9"
contig_1	cds	25347	25874	+	KK01_00125		Methylated-DNA--protein-cysteine methyltransferase	"RefSeq:WP_032133557.1, SO:0001217, UniParc:UPI00050A30C1, UniRef:UniRef100_UPI00050A30C1, UniRef:UniRef50_F5S7A8, UniRef:UniRef90_F5S7A8"
contig_1	cds	25940	27193	+	KK01_00130	sstT	serine/threonine transporter SstT	"COG:COG3633, COG:E, RefSeq:WP_019390021.1, SO:0001217, UniParc:UPI0002F2317D, UniRef:UniRef100_UPI0002F2317D, UniRef:UniRef50_P0AGE5, UniRef:UniRef90_F5S7A7"
contig_1	cds	27265	28278	-	KK01_00135	dusB	tRNA dihydrouridine synthase DusB	"COG:COG0042, COG:J, EC:1.-.-.-, KEGG:K05540, SO:0001217, UniRef:UniRef50_A0A376BTR4, UniRef:UniRef90_F5S7A6"
contig_1	cds	28390	30441	+	KK01_00140	glyS	"Glycyl-tRNA synthetase, beta subunit"	"COG:COG0751, COG:J, SO:0001217, UniRef:UniRef50_Q9JXQ5, UniRef:UniRef90_F5S7A5"
contig_1	cds	30532	31317	+	KK01_00145		DUF4422 domain-containing protein	"RefSeq:WP_003786872.1, SO:0001217, UniParc:UPI00020C7179, UniRef:UniRef100_G1AUD2, UniRef:UniRef50_V9H6P1, UniRef:UniRef90_A0A238HDV2"
contig_1	cds	31332	32471	+	KK01_00150	glf	UDP-galactopyranose mutase	"COG:COG0562, COG:M, RefSeq:WP_038315775.1, SO:0001217, UniParc:UPI00041943C4, UniRef:UniRef100_UPI00041943C4, UniRef:UniRef50_Q6E7F1, UniRef:UniRef90_F5S7A3"
contig_1	cds	32542	34320	+	KK01_00155	wcaE	"Glycosyltransferase, GT2 family"	"COG:COG1216, COG:G, EC:2.4.1.288, KEGG:K16650, RefSeq:WP_003786867.1, SO:0001217, UniParc:UPI00020C7177, UniRef:UniRef100_F5S7A2, UniRef:UniRef50_V9HME2, UniRef:UniRef90_G1AUD4"
contig_1	cds	34415	35611	+	KK01_00160	rfaB	Glycosyltransferase involved in cell wall bisynthesis	"COG:COG0438, COG:M, RefSeq:WP_003786866.1, SO:0001217, UniParc:UPI00020C7176, UniRef:UniRef100_F5S7A1, UniRef:UniRef50_A0A238TEA2, UniRef:UniRef90_A0A238TEA2"
contig_1	cds	35608	36399	+	KK01_00165		"Glycosyltransferase involved in LPS biosynthesis, GR25 family"	"COG:COG3306, COG:M, SO:0001217, UniRef:UniRef50_A0A238TGP0, UniRef:UniRef90_A0A238TGP0"
contig_1	cds	36399	36833	+	KK01_00170		DUF4375 domain-containing protein	"RefSeq:WP_003786863.1, SO:0001217, UniParc:UPI00020C7174, UniRef:UniRef100_F5S799, UniRef:UniRef50_V9HM92, UniRef:UniRef90_F5S799"
contig_1	cds	36840	37400	+	KK01_00175	gmhB	"D-glycero-beta-D-manno-heptose 1,7-bisphosphate 7-phosphatase"	"COG:COG0241, COG:E, RefSeq:WP_003786861.1, SO:0001217, UniParc:UPI00020C7173, UniRef:UniRef100_F5S798, UniRef:UniRef50_G2JBX5, UniRef:UniRef90_F5S798"
contig_1	cds	37431	39287	+	KK01_00180	mltE	Soluble lytic murein transglycosylase or regulatory protein s ( may contain LysM/invasin domain)	"COG:COG0741, COG:M, RefSeq:WP_019390015.1, SO:0001217, UniParc:UPI00031A7317, UniRef:UniRef100_UPI00031A7317, UniRef:UniRef50_A0A376BKG6, UniRef:UniRef90_F5S797"
contig_1	cds	39331	39984	+	KK01_00185	grxB	glutaredoxin 2	"COG:COG2999, COG:O, KEGG:K03675, RefSeq:WP_019390014.1, SO:0001217, UniParc:UPI0002E71F96, UniRef:UniRef100_UPI0002E71F96, UniRef:UniRef50_F5S796, UniRef:UniRef90_F5S796"
contig_1	cds	40072	41193	-	KK01_00190	bamC	Outer membrane beta-barrel protein assembly factor BamC	"COG:COG3317, COG:M, KEGG:K07287, RefSeq:WP_019390013.1, SO:0001217, UniParc:UPI0002DC8F53, UniRef:UniRef100_UPI0002DC8F53, UniRef:UniRef50_Q9JZR5, UniRef:UniRef90_F5S795"
contig_1	cds	41226	42101	-	KK01_00195	dapA	4-hydroxy-tetrahydrodipicolinate synthase	"COG:COG0329, COG:EM, RefSeq:WP_019390012.1, SO:0001217, UniParc:UPI0002F9FF8E, UniRef:UniRef100_UPI0002F9FF8E, UniRef:UniRef50_Q9JZR4, UniRef:UniRef90_F5S794"
contig_1	cds	42434	42898	+	KK01_00200	bfr	bacterioferritin	"COG:COG2193, COG:P, EC:1.16.3.1, KEGG:K03594, RefSeq:WP_003790389.1, SO:0001217, UniParc:UPI0002585A20, UniRef:UniRef100_UPI0002585A20, UniRef:UniRef50_F5S792, UniRef:UniRef90_F5S792"
contig_1	cds	42911	43384	+	KK01_00205	bfr	bacterioferritin	"COG:COG2193, COG:P, EC:1.16.3.1, KEGG:K03594, SO:0001217, UniRef:UniRef50_P22759, UniRef:UniRef90_F5S791"
contig_1	cds	43551	45212	+	KK01_00210	recN	DNA repair protein RecN	"COG:COG0497, COG:L, RefSeq:WP_019390008.1, SO:0001217, UniParc:UPI00031E2FDE, UniRef:UniRef100_UPI00031E2FDE, UniRef:UniRef50_F2BD61, UniRef:UniRef90_F5S789"
contig_1	tRNA	45302	45377	-	KK01_00215	trnR	tRNA-Arg(ccg)	SO:0001036
contig_1	cds	45606	46445	+	KK01_00220	cytC5	Cytochrome c5	"COG:C, COG:COG3245, RefSeq:WP_019390007.1, SO:0001217, UniParc:UPI00031D35C9, UniRef:UniRef100_UPI00031D35C9, UniRef:UniRef50_V9H7U3, UniRef:UniRef90_F5S788"
contig_1	cds	46981	47433	-	KK01_00225	rplI	50S ribosomal protein L9	"COG:COG0359, COG:J, KEGG:K02939, RefSeq:WP_019390005.1, SO:0001217, UniParc:UPI00031888C0, UniRef:UniRef100_UPI00031888C0, UniRef:UniRef50_B3R2P4, UniRef:UniRef90_F5S786"
contig_1	cds	47449	47679	-	KK01_00230	rpsR	30S ribosomal protein S18	"COG:COG0238, COG:J, GO:0003735, GO:0005840, GO:0006412, GO:0019843, GO:1990904, KEGG:K02963, RefSeq:WP_002641495.1, SO:0001217, UniParc:UPI0001A4A0DD, UniRef:UniRef100_D4DR28, UniRef:UniRef50_P57916, UniRef:UniRef90_Q5F923"
contig_1	cds	47685	47981	-	KK01_00235	priB	primosomal replication protein N	"COG:COG2965, COG:L, RefSeq:WP_003786837.1, SO:0001217, UniParc:UPI00020C7166, UniRef:UniRef100_F5S784, UniRef:UniRef50_Q5F924, UniRef:UniRef90_F5S784"
contig_1	cds	47982	48356	-	KK01_00240	rpsF	30S ribosomal protein S6	"COG:COG0360, COG:J, RefSeq:WP_003786836.1, SO:0001217, UniParc:UPI00020C7165, UniRef:UniRef100_F5S783, UniRef:UniRef50_Q5F925, UniRef:UniRef90_V9H681"
contig_1	cds	48566	49513	+	KK01_00245	trxB	thioredoxin-disulfide reductase	"COG:COG0492, COG:O, EC:1.8.1.9, KEGG:K00384, RefSeq:WP_038309287.1, SO:0001217, UniParc:UPI0003FFB6A4, UniRef:UniRef100_UPI0003FFB6A4, UniRef:UniRef50_Q9Z8M4, UniRef:UniRef90_F5S781"
contig_1	cds	49590	52139	-	KK01_00250	zntA	Cation-transporting P-type ATPase	"COG:COG2217, COG:P, SO:0001217, UniRef:UniRef50_A0A7H9W9U2, UniRef:UniRef90_F5S780"
contig_1	cds	52175	53017	-	KK01_00255	lpxP	lysophospholipid acyltransferase family protein	"COG:COG1560, COG:I, EC:2.3.1.-, EC:2.3.1.241, KEGG:K02517, SO:0001217, UniRef:UniRef50_F5S779, UniRef:UniRef90_F5S779"
contig_1	cds	53036	54085	-	KK01_00260	argC	N-acetyl-gamma-glutamyl-phosphate reductase	"COG:COG0002, COG:E, SO:0001217, UniRef:UniRef50_Q6FCI4, UniRef:UniRef90_F5S778"
contig_1	cds	54144	54488	-	KK01_00265		DUF5668 domain-containing protein	"RefSeq:WP_019390000.1, SO:0001217, UniParc:UPI00031B67FD, UniRef:UniRef100_UPI00031B67FD, UniRef:UniRef50_F5S777, UniRef:UniRef90_F5S777"
contig_1	cds	54515	54958	-	KK01_00270	nusB	transcription antitermination factor NusB	"COG:COG0781, COG:K, KEGG:K03625, RefSeq:WP_019389999.1, SO:0001217, UniParc:UPI00030AFA7A, UniRef:UniRef100_UPI00030AFA7A, UniRef:UniRef50_V9H5X3, UniRef:UniRef90_F5S776"
contig_1	cds	54988	55443	-	KK01_00275	ribH	"6,7-dimethyl-8-ribityllumazine synthase"	"COG:COG0054, COG:H, EC:2.5.1.78, KEGG:K00794, RefSeq:WP_019389998.1, SO:0001217, UniParc:UPI0002D7C138, UniRef:UniRef100_F5S775, UniRef:UniRef50_Q21V18, UniRef:UniRef90_F5S775"
contig_1	cds	55453	55779	-	KK01_00280		DUF2185 domain-containing protein	"COG:COG4859, COG:S, RefSeq:WP_003786818.1, SO:0001217, UniParc:UPI00020C715C, UniRef:UniRef100_F5S774, UniRef:UniRef50_A0A1X3CV57, UniRef:UniRef90_F5S774"
contig_1	cds	55813	56778	-	KK01_00285	ansA	L-asparaginase/archaeal Glu-tRNAGln amidotransferase subunit D	"COG:COG0252, COG:JE, RefSeq:WP_019389997.1, SO:0001217, UniParc:UPI0003724DF6, UniRef:UniRef100_UPI0003724DF6, UniRef:UniRef50_X5EL99, UniRef:UniRef90_F5S773"
contig_1	cds	56793	57203	-	KK01_00290		DUF1624 domain-containing protein	"RefSeq:WP_019389996.1, SO:0001217, UniParc:UPI0002F25FA9, UniRef:UniRef100_UPI0002F25FA9, UniRef:UniRef50_F5S772, UniRef:UniRef90_F5S772"
contig_1	cds	57331	57963	+	KK01_00295	upp	uracil phosphoribosyltransferase	"COG:COG0035, COG:F, EC:2.4.2.9, KEGG:K00761, RefSeq:WP_019389995.1, SO:0001217, UniParc:UPI0002D60244, UniRef:UniRef100_UPI0002D60244, UniRef:UniRef50_Q9RU32, UniRef:UniRef90_V9H8R8"
contig_1	cds	58055	58372	+	KK01_00300		DUF2322 domain-containing protein	"COG:COG4390, COG:S, RefSeq:WP_019389994.1, SO:0001217, UniParc:UPI0002EB2BEC, UniRef:UniRef100_UPI0002EB2BEC, UniRef:UniRef50_A4MXL2, UniRef:UniRef90_F5S770"
contig_1	cds	58385	59179	+	KK01_00305	thyA	thymidylate synthase	"COG:COG0207, COG:F, EC:2.1.1.45, KEGG:K00560, RefSeq:WP_019389993.1, SO:0001217, UniParc:UPI0002DE2D15, UniRef:UniRef100_UPI0002DE2D15, UniRef:UniRef50_Q8EH94, UniRef:UniRef90_F5S769"
contig_1	cds	59233	60747	-	KK01_00310		polyamine aminopropyltransferase	"COG:COG4262, COG:R, RefSeq:WP_019389992.1, SO:0001217, UniParc:UPI00035CD003, UniRef:UniRef100_UPI00035CD003, UniRef:UniRef50_I0KG55, UniRef:UniRef90_F5S768"
contig_1	cds	60814	61776	-	KK01_00315	yeaD2	"Uncharacterized conserved protein, DUF58 family, contains vWF domain"	"COG:COG1721, COG:S, RefSeq:WP_003786804.1, SO:0001217, UniParc:UPI00020C6DD5, UniRef:UniRef100_F5S767, UniRef:UniRef50_V9HD53, UniRef:UniRef90_F5S767"
contig_1	cds	61777	62682	-	KK01_00320	moxR	MoxR-like ATPase	"COG:COG0714, COG:R, RefSeq:WP_003786802.1, SO:0001217, UniParc:UPI0001AF9FF6, UniRef:UniRef100_C6ZNL2, UniRef:UniRef50_A0A238HGY5, UniRef:UniRef90_C6ZNL2"
contig_1	cds	62868	64523	-	KK01_00325	atoC	"DNA-binding transcriptional response regulator, NtrC family, contains REC, AAA-type ATPase, and a Fis-type DNA-binding domains"	"COG:COG2204, COG:T, RefSeq:WP_019389991.1, SO:0001217, UniParc:UPI0001AF9FF5, UniRef:UniRef100_C6ZNL1, UniRef:UniRef50_V7ICT7, UniRef:UniRef90_C6ZNL1"
contig_1	cds	64520	66127	-	KK01_00330	kdpD	K+-sensing histidine kinase KdpD	"COG:COG2205, COG:T, SO:0001217, UniRef:UniRef50_F5S763, UniRef:UniRef90_F5S763"
contig_1	cds	66141	68414	-	KK01_00335	parC	DNA topoisomerase IV subunit A	"COG:COG0188, COG:L, RefSeq:WP_019389989.1, SO:0001217, UniParc:UPI00031C90D1, UniRef:UniRef100_UPI00031C90D1, UniRef:UniRef50_P48374, UniRef:UniRef90_F5S762"
contig_1	cds	68513	70330	-	KK01_00340	typA	translational GTPase TypA	"COG:COG1217, COG:T, RefSeq:WP_003786789.1, SO:0001217, UniParc:UPI00020C6DD0, UniRef:UniRef100_F5S761, UniRef:UniRef50_A0A2E5UXS5, UniRef:UniRef90_F5S761"
contig_1	cds	70507	70983	+	KK01_00345	luxS	S-ribosylhomocysteine lyase	"COG:COG1854, COG:T, EC:4.4.1.21, KEGG:K07173, RefSeq:WP_038304297.1, SO:0001217, UniParc:UPI0003F7FFF2, UniRef:UniRef100_UPI0003F7FFF2, UniRef:UniRef50_Q9ZMW8, UniRef:UniRef90_F5S760"
contig_1	cds	70980	71717	+	KK01_00350	mtnN	5'-methylthioadenosine/adenosylhomocysteine nucleosidase	"COG:COG0775, COG:FH, RefSeq:WP_019389987.1, SO:0001217, UniParc:UPI0002EF1D1D, UniRef:UniRef100_UPI0002EF1D1D, UniRef:UniRef50_F5S759, UniRef:UniRef90_F5S759"
contig_1	cds	71791	72396	-	KK01_00355	fMR2	Fatty acid repression mutant protein (putative oxidoreductase)	"COG:COG3560, COG:R, KEGG:K07078, RefSeq:WP_019389986.1, SO:0001217, UniParc:UPI00031FDBA7, UniRef:UniRef100_UPI00031FDBA7, UniRef:UniRef50_C7Z1M6, UniRef:UniRef90_F5S758"
contig_1	cds	72582	72830	+	KK01_00360	wbbJ	"Acetyltransferase, isoleucine patch superfamily"	"COG:COG0110, COG:R, EC:2.3.1.79, KEGG:K00661, RefSeq:WP_237714516.1, SO:0001217, UniParc:UPI00070629A4, UniRef:UniRef100_UPI00070629A4, UniRef:UniRef50_A0A1L3NDY1, UniRef:UniRef90_F5S757"
contig_1	cds	72906	73598	+	KK01_00365	tsaB	tRNA (adenosine(37)-N6)-threonylcarbamoyltransferase complex dimerization subunit type 1 TsaB	"COG:COG1214, COG:J, RefSeq:WP_019389984.1, SO:0001217, UniParc:UPI000314839F, UniRef:UniRef100_UPI000314839F, UniRef:UniRef50_I4E2N7, UniRef:UniRef90_F5S756"
contig_1	cds	73601	73945	+	KK01_00370	yraN	YraN family protein	"COG:COG0792, COG:L, KEGG:K07460, RefSeq:WP_019389983.1, SO:0001217, UniParc:UPI0002EB0F10, UniRef:UniRef100_UPI0002EB0F10, UniRef:UniRef50_Q9JXE2, UniRef:UniRef90_F5S755"
contig_1	cds	73951	74544	+	KK01_00375	gmhA	phosphoheptose isomerase	"COG:COG0279, COG:G, EC:5.3.1.28, KEGG:K03271, RefSeq:WP_019389982.1, SO:0001217, UniParc:UPI0002E146E9, UniRef:UniRef100_UPI0002E146E9, UniRef:UniRef50_Q8EK08, UniRef:UniRef90_F5S754"
contig_1	cds	74675	75310	+	KK01_00380	osmY	"Osmotically-inducible protein OsmY, contains BON domain"	"COG:COG2823, COG:M, KEGG:K04065, RefSeq:WP_019389981.1, SO:0001217, UniParc:UPI000367FD27, UniRef:UniRef100_UPI000367FD27, UniRef:UniRef50_C4GGA1, UniRef:UniRef90_F5S753"
contig_1	cds	75340	75909	+	KK01_00385		"2-oxoglutarate dehydrogenase E2, dihydrolipoamide acetyltransferase"	"RefSeq:WP_019389980.1, SO:0001217, UniParc:UPI00036437AB, UniRef:UniRef100_UPI00036437AB, UniRef:UniRef50_F5S752, UniRef:UniRef90_F5S752"
contig_1	tRNA	75955	76030	+	KK01_00390	trnK	tRNA-Lys(ttt)	SO:0000265
contig_1	cds	76546	78792	-	KK01_00395	norB	Nitric oxide reductase large subunit	"COG:COG3256, COG:P, EC:1.7.2.5, KEGG:K04561, RefSeq:WP_019389979.1, SO:0001217, UniParc:UPI00030F0B41, UniRef:UniRef100_UPI00030F0B41, UniRef:UniRef50_Q9JYE2, UniRef:UniRef90_F5S751"
contig_1	cds	79256	80788	+	KK01_00400	nirK	copper-containing nitrite reductase	"COG:COG2132, COG:DPM, EC:1.7.2.1, KEGG:K00368, RefSeq:WP_003786767.1, SO:0001217, UniParc:UPI00020C6DC5, UniRef:UniRef100_F5S750, UniRef:UniRef50_C2M5S8, UniRef:UniRef90_F5S750"
contig_1	cds	80880	81623	+	KK01_00405	yfmG	"Formylglycine-generating enzyme, required for sulfatase activity, contains SUMF1/FGE domain"	"COG:COG1262, COG:O, RefSeq:WP_003786766.1, SO:0001217, UniParc:UPI00020C6DC4, UniRef:UniRef100_F5S749, UniRef:UniRef50_A0A376BV51, UniRef:UniRef90_F5S749"
contig_1	cds	81698	82738	-	KK01_00410	tdh	Threonine dehydrogenase or related Zn-dependent dehydrogenase	"COG:COG1063, COG:ER, EC:1.1.1.-, KEGG:K18369, RefSeq:WP_038309887.1, SO:0001217, UniParc:UPI0003FAC75D, UniRef:UniRef100_UPI0003FAC75D, UniRef:UniRef50_W0TC93, UniRef:UniRef90_V9HAU7"
contig_1	cds	82987	85290	+	KK01_00415	rimL	"Protein N-acetyltransferase, RimJ/RimL family"	"COG:COG1670, COG:JO, RefSeq:WP_019389977.1, SO:0001217, UniParc:UPI0002F50746, UniRef:UniRef100_UPI0002F50746, UniRef:UniRef50_V9HCW6, UniRef:UniRef90_F5S747"
contig_1	cds	85413	87350	-	KK01_00420	ftsH	ATP-dependent zinc metalloprotease FtsH	"COG:COG0465, COG:O, RefSeq:WP_019389976.1, SO:0001217, UniParc:UPI0002DB8DAB, UniRef:UniRef100_UPI0002DB8DAB, UniRef:UniRef50_C1F8X6, UniRef:UniRef90_A0A376BSS7"
contig_1	cds	87419	88060	-	KK01_00425	rlmE	23S rRNA (uridine(2552)-2'-O)-methyltransferase RlmE	"COG:COG0293, COG:J, SO:0001217, UniRef:UniRef50_Q0K8Y4, UniRef:UniRef90_F5S745"
contig_1	cds	88379	88762	+	KK01_00430	sdhC	"succinate dehydrogenase, cytochrome b556 subunit"	"COG:C, COG:COG2009, KEGG:K00241, RefSeq:WP_019389974.1, SO:0001217, UniParc:UPI0002F13805, UniRef:UniRef100_UPI0002F13805, UniRef:UniRef50_G4CRY1, UniRef:UniRef90_F5S744"
contig_1	cds	88756	89103	+	KK01_00435	sdhD	"succinate dehydrogenase, hydrophobic membrane anchor protein"	"COG:C, COG:COG2142, KEGG:K00242, RefSeq:WP_003786756.1, SO:0001217, UniParc:UPI00020C6DBE, UniRef:UniRef100_F5S743, UniRef:UniRef50_D4DV40, UniRef:UniRef90_F5S743"
contig_1	cds	89107	90870	+	KK01_00440	sdhA	succinate dehydrogenase flavoprotein subunit	"COG:C, COG:COG1053, RefSeq:WP_003790320.1, SO:0001217, UniParc:UPI000258552A, UniRef:UniRef100_UPI000258552A, UniRef:UniRef50_P51054, UniRef:UniRef90_G4CG34"
contig_1	cds	90942	91646	+	KK01_00445	sdhB	"Succinate dehydrogenase/fumarate reductase, Fe-S protein subunit"	"COG:C, COG:COG0479, RefSeq:WP_003790318.1, SO:0001217, UniParc:UPI0002585529, UniRef:UniRef100_F5S741, UniRef:UniRef50_A0A6L5DNQ4, UniRef:UniRef90_G4CG35"
contig_1	cds	91750	91998	+	KK01_00450	sdhE	"Succinate dehydrogenase flavin-adding protein, antitoxin component of the CptAB toxin-antitoxin module"	"COG:COG2938, COG:O, RefSeq:WP_003786750.1, SO:0001217, UniParc:UPI00020C6DBB, UniRef:UniRef100_F5S740, UniRef:UniRef50_A0A376BTF4, UniRef:UniRef90_F5S740"
contig_1	cds	92058	93341	+	KK01_00455	gltA	citrate synthase	"COG:C, COG:COG0372, RefSeq:WP_019389973.1, SO:0001217, UniParc:UPI0003656BAD, UniRef:UniRef100_UPI0003656BAD, UniRef:UniRef50_O33915, UniRef:UniRef90_D4DV44"
contig_1	cds	93554	96385	+	KK01_00460	sucA	2-oxoglutarate dehydrogenase E1 component	"COG:C, COG:COG0567, SO:0001217, UniRef:UniRef50_V9HM82, UniRef:UniRef90_F5S738"
contig_1	cds	96465	97634	+	KK01_00465	odhB	2-oxoglutarate dehydrogenase complex dihydrolipoyllysine-residue succinyltransferase	"COG:C, COG:COG0508, RefSeq:WP_038303303.1, SO:0001217, UniParc:UPI0003F82653, UniRef:UniRef100_UPI0003F82653, UniRef:UniRef50_P52993, UniRef:UniRef90_F5S737"
contig_1	cds	97697	99556	-	KK01_00470	hemY	Protoporphyrinogen oxidase HemY/PPOX	"COG:COG1232, COG:H, EC:1.5.99.6, KEGG:K00316, RefSeq:WP_019389970.1, SO:0001217, UniParc:UPI00031FA312, UniRef:UniRef100_UPI00031FA312, UniRef:UniRef50_A0A7D7N2W3, UniRef:UniRef90_F5S736"
contig_1	cds	100014	100322	+	KK01_00475	grxD	Grx4 family monothiol glutaredoxin	"COG:COG0278, COG:O, RefSeq:WP_019389969.1, SO:0001217, UniParc:UPI0002E26F4D, UniRef:UniRef100_UPI0002E26F4D, UniRef:UniRef50_X5EQW3, UniRef:UniRef90_A0A376BW03"
contig_1	cds	100649	102007	-	KK01_00480		UPF0210 protein	"COG:COG2848, COG:D, KEGG:K09157, RefSeq:WP_060537103.1, SO:0001217, UniParc:UPI00070695D4, UniRef:UniRef100_UPI00070695D4, UniRef:UniRef50_Q9JYC3, UniRef:UniRef90_D4DN60"
contig_1	cds	102465	102611	-	KK01_00485		Type II toxin-antitoxin system RelE/ParE family toxin	"SO:0001217, UniRef:UniRef50_S6AIT3"
contig_1	cds	102740	102985	-	KK01_00490		Antitoxin	"SO:0001217, UniRef:UniRef50_F5S730"
contig_1	cds	103065	104753	-	KK01_00495	dld	D-lactate dehydrogenase	"COG:C, COG:COG0277, EC:1.1.5.12, KEGG:K03777, SO:0001217, UniRef:UniRef50_P45295, UniRef:UniRef90_F5S729"
contig_1	cds	104778	105050	-	KK01_00500	aCT	ACT domain-containing protein	"COG:COG3830, COG:T, RefSeq:WP_038312637.1, SO:0001217, UniParc:UPI0003FB3E2C, UniRef:UniRef100_UPI0003FB3E2C, UniRef:UniRef50_Q9JYC2, UniRef:UniRef90_F5S728"
contig_1	cds	105112	106272	-	KK01_00505	hemW	radical SAM family heme chaperone HemW	"COG:COG0635, COG:H, RefSeq:WP_038312635.1, SO:0001217, UniParc:UPI000413701A, UniRef:UniRef100_UPI000413701A, UniRef:UniRef50_A0A7W9TSA3, UniRef:UniRef90_F5S727"
contig_1	cds	106254	106802	-	KK01_00510	tag	3-methyladenine DNA glycosylase Tag	"COG:COG2818, COG:L, EC:3.2.2.20, KEGG:K01246, RefSeq:WP_032133451.1, SO:0001217, UniParc:UPI00040E99D8, UniRef:UniRef100_UPI00040E99D8, UniRef:UniRef50_S2LB94, UniRef:UniRef90_F5S726"
contig_1	cds	106802	107182	-	KK01_00515		Orphan protein	"SO:0001217, UniRef:UniRef50_F5S725, UniRef:UniRef90_F5S725"
contig_1	cds	107205	108002	-	KK01_00520	trmJ	"tRNA C32,U32 (ribose-2'-O)-methylase TrmJ or a related methyltransferase"	"COG:COG0565, COG:J, RefSeq:WP_019389963.1, SO:0001217, UniParc:UPI0002FED3A8, UniRef:UniRef100_UPI0002FED3A8, UniRef:UniRef50_V9HCV3, UniRef:UniRef90_F5S724"
contig_1	cds	108105	108305	-	KK01_00525		HMA domain-containing protein	"RefSeq:WP_019389962.1, SO:0001217, UniParc:UPI000304B256, UniRef:UniRef100_UPI000304B256, UniRef:UniRef50_C4GFC5, UniRef:UniRef90_UPI0003FB3CB6"
contig_1	cds	108562	110016	-	KK01_00530	trkG	"Trk-type K+ transport system, membrane component"	"COG:COG0168, COG:P, RefSeq:WP_019389961.1, SO:0001217, UniParc:UPI0002F07A08, UniRef:UniRef100_UPI0002F07A08, UniRef:UniRef50_G4CFW4, UniRef:UniRef90_F5S722"
contig_1	cds	110316	113006	+	KK01_00535	aceE	"pyruvate dehydrogenase (acetyl-transferring), homodimeric type"	"COG:C, COG:COG2609, EC:1.2.4.1, KEGG:K00163, RefSeq:WP_019389960.1, SO:0001217, UniParc:UPI00030DF632, UniRef:UniRef100_UPI00030DF632, UniRef:UniRef50_B8KWX0, UniRef:UniRef90_F5S720"
contig_1	cds	113128	113253	+	KK01_00540		Lipoprotein	"RefSeq:WP_003786707.1, SO:0001217, UniParc:UPI00020C69D8, UniRef:UniRef100_F5S718, UniRef:UniRef50_F5S718, UniRef:UniRef90_F5S718"
contig_1	cds	113306	114928	+	KK01_00545	aceF	dihydrolipoyllysine-residue acetyltransferase	"COG:C, COG:COG0508, RefSeq:WP_019389959.1, SO:0001217, UniParc:UPI00036A8307, UniRef:UniRef100_UPI00036A8307, UniRef:UniRef50_A0A2K4MKP4, UniRef:UniRef90_F5S717"
contig_1	cds	115054	115677	+	KK01_00550		Membrane lipoprotein	"RefSeq:WP_032827461.1, SO:0001217, UniParc:UPI000517FC49, UniRef:UniRef100_UPI000517FC49, UniRef:UniRef50_F5S716, UniRef:UniRef90_F5S716"
contig_1	cds	115677	116345	+	KK01_00555		DUF45 domain-containing protein	"RefSeq:WP_019389957.1, SO:0001217, UniParc:UPI0002D57252, UniRef:UniRef100_UPI001E46A76D, UniRef:UniRef50_UPI001E46A76D, UniRef:UniRef90_UPI001E46A76D"
contig_1	cds	116350	116583	+	KK01_00560	ybcJ	"Ribosome-associated protein YbcJ, S4-like RNA-binding protein"	"COG:COG2501, COG:J, RefSeq:WP_019389956.1, SO:0001217, UniParc:UPI00030E36B8, UniRef:UniRef100_UPI00030E36B8, UniRef:UniRef50_V9HMG2, UniRef:UniRef90_F5S714"
contig_1	cds	116561	116725	+	KK01_00565		Oxidoreductase-like domain-containing protein	"RefSeq:WP_019389955.1, SO:0001217, UniParc:UPI0003141D2D, UniRef:UniRef100_UPI0003141D2D, UniRef:UniRef50_A0A0B5CMV2, UniRef:UniRef90_UPI0009B7635C"
contig_1	cds	117015	119291	+	KK01_00570	nrdA	ribonucleoside-diphosphate reductase subunit alpha	"COG:COG0209, COG:F, RefSeq:WP_019389954.1, SO:0001217, UniParc:UPI0003031F1A, UniRef:UniRef100_UPI0003031F1A, UniRef:UniRef50_P00452, UniRef:UniRef90_F5S711"
contig_1	cds	119359	119883	-	KK01_00575		Signal peptide protein	"RefSeq:WP_019389953.1, SO:0001217, UniParc:UPI0002E14F01, UniRef:UniRef100_UPI0002E14F01, UniRef:UniRef50_A0A238TC47, UniRef:UniRef90_F5S710"
contig_1	cds	119918	121840	-	KK01_00580	uup	ATPase components of ABC transporters with duplicated ATPase domains	"COG:COG0488, COG:R, RefSeq:WP_060537104.1, SO:0001217, UniParc:UPI000705DDAE, UniRef:UniRef100_UPI000705DDAE, UniRef:UniRef50_P44808, UniRef:UniRef90_F5S709"
contig_1	cds	121935	122117	-	KK01_00585		type II toxin-antitoxin system RelE/ParE family toxin	"SO:0001217, UniRef:UniRef50_UPI001E6165CA, UniRef:UniRef90_UPI001E6165CA"
contig_1	cds	122197	122391	-	KK01_00590		Antitoxin	"RefSeq:WP_003786684.1, SO:0001217, UniParc:UPI00020C69CD, UniRef:UniRef100_F5S707, UniRef:UniRef50_U6Q0Z9, UniRef:UniRef90_F5S707"
contig_1	cds	122501	123499	-	KK01_00595	ykwD	Spore germination protein YkwD and related proteins with CAP (CSP/antigen 5/PR1) domain	"COG:COG2340, COG:DR, RefSeq:WP_003790280.1, SO:0001217, UniParc:UPI0002585068, UniRef:UniRef100_UPI0002585068, UniRef:UniRef50_V9HMW0, UniRef:UniRef90_F5S706"
contig_1	cds	123580	124518	-	KK01_00600	ylqF	ribosome biogenesis GTPase YlqF	"COG:COG1161, COG:J, RefSeq:WP_019389949.1, SO:0001217, UniParc:UPI0002F3821A, UniRef:UniRef100_UPI0002F3821A, UniRef:UniRef50_A0A072TEY4, UniRef:UniRef90_F0EXH3"
contig_1	cds	124705	124977	+	KK01_00605	ybeD	"Putative lipoate-binding regulatory protein, UPF0250 family"	"COG:COG2921, COG:T, RefSeq:WP_019389947.1, SO:0001217, UniParc:UPI0002FBCFE5, UniRef:UniRef100_UPI0002FBCFE5, UniRef:UniRef50_P67536, UniRef:UniRef90_F5S703"
contig_1	cds	124981	125583	+	KK01_00610	lipB	lipoyl(octanoyl) transferase LipB	"COG:COG0321, COG:H, EC:2.3.1.181, KEGG:K03801, RefSeq:WP_019389946.1, SO:0001217, UniParc:UPI0002FB23E3, UniRef:UniRef100_UPI0002FB23E3, UniRef:UniRef50_Q7N766, UniRef:UniRef90_F5S702"
contig_1	cds	125799	126524	+	KK01_00615	dltE	Short-chain dehydrogenase involved in D-alanine esterification of teichoic acids	"COG:COG3967, COG:MI, RefSeq:WP_019389945.1, SO:0001217, UniParc:UPI0002F92687, UniRef:UniRef100_UPI0002F92687, UniRef:UniRef50_A0A1F4D6P9, UniRef:UniRef90_F5S700"
contig_1	cds	126698	127237	+	KK01_00620		ABC transporter substrate-binding protein	"SO:0001217, UniRef:UniRef50_F5S6Z9, UniRef:UniRef90_F5S6Z9"
contig_1	cds	127237	127854	+	KK01_00625		Lipoprotein	"RefSeq:WP_019389943.1, SO:0001217, UniParc:UPI00036BD60D, UniRef:UniRef100_UPI00036BD60D, UniRef:UniRef50_F5S6Z8, UniRef:UniRef90_F5S6Z8"
contig_1	cds	127935	128930	+	KK01_00630	lipA	lipoyl synthase	"COG:COG0320, COG:H, EC:2.8.1.8, KEGG:K03644, RefSeq:WP_038303263.1, SO:0001217, UniParc:UPI0004160706, UniRef:UniRef100_UPI0004160706, UniRef:UniRef50_Q9PDW0, UniRef:UniRef90_F0EXM4"
contig_1	cds	128991	129626	-	KK01_00635	tesA	Lysophospholipase L1 or related esterase Includes spore coat protein LipC/YcsK	"COG:COG2755, COG:DI, SO:0001217, UniRef:UniRef50_A0A377QZE0, UniRef:UniRef90_F5S6Z6"
contig_1	cds	129639	130022	-	KK01_00640	gcvH	glycine cleavage system protein GcvH	"COG:COG0509, COG:E, RefSeq:WP_003786658.1, SO:0001217, UniParc:UPI00020C69C1, UniRef:UniRef100_F5S6Z5, UniRef:UniRef50_Q9K0L7, UniRef:UniRef90_F5S6Z5"
contig_1	cds	130040	130840	-	KK01_00645	cysE	serine O-acetyltransferase	"COG:COG1045, COG:E, RefSeq:WP_038303260.1, SO:0001217, UniParc:UPI0003F8F7DC, UniRef:UniRef100_UPI0003F8F7DC, UniRef:UniRef50_C1D9Y6, UniRef:UniRef90_F5S6Z4"
contig_1	cds	130929	131675	-	KK01_00650	fabG	3-oxoacyl-ACP reductase FabG	"COG:COG1028, COG:I, RefSeq:WP_003786654.1, SO:0001217, UniParc:UPI00020C69BF, UniRef:UniRef100_F5S6Z3, UniRef:UniRef50_A0A5E7EI60, UniRef:UniRef90_F5S6Z3"
contig_1	cds	131715	131948	-	KK01_00655		TMhelix containing protein	"RefSeq:WP_019389940.1, SO:0001217, UniParc:UPI0002FC81AC, UniRef:UniRef100_UPI0002FC81AC, UniRef:UniRef50_F5S6Z2, UniRef:UniRef90_F5S6Z2"
contig_1	cds	131978	132907	-	KK01_00660	fabD	ACP S-malonyltransferase	"COG:COG0331, COG:I, RefSeq:WP_019389939.1, SO:0001217, UniParc:UPI0002F09398, UniRef:UniRef100_UPI0002F09398, UniRef:UniRef50_O85140, UniRef:UniRef90_F5S6Z1"
contig_1	cds	132918	133676	-	KK01_00665	truC	tRNA pseudouridine(65) synthase TruC	"COG:COG0564, COG:J, EC:5.4.99.26, KEGG:K06175, RefSeq:WP_026036325.1, SO:0001217, UniParc:UPI0004252EEB, UniRef:UniRef100_UPI0004252EEB, UniRef:UniRef50_A0A7M1S305, UniRef:UniRef90_F5S6Z0"
contig_1	cds	133814	135124	-	KK01_00670	tPR	TPR repeat	"COG:COG0790, COG:R, SO:0001217, UniRef:UniRef50_F5S6Y8, UniRef:UniRef90_F5S6Y8"
contig_1	cds	135219	136232	-	KK01_00675	hemH	ferrochelatase	"COG:COG0276, COG:H, EC:4.98.1.1, EC:4.99.1.9, KEGG:K01772, RefSeq:WP_019389937.1, SO:0001217, UniParc:UPI0002ED4B84, UniRef:UniRef100_UPI0002ED4B84, UniRef:UniRef50_A6T228, UniRef:UniRef90_F5S6Y7"
contig_1	cds	136308	137600	-	KK01_00680		hypothetical protein	PFAM:PF00731.23
contig_1	cds	137635	137970	-	KK01_00685	ybaB	YbaB/EbfC family nucleoid-associated protein	"COG:COG0718, COG:K, KEGG:K09747, RefSeq:WP_019389936.1, SO:0001217, UniParc:UPI0002D33AA5, UniRef:UniRef100_UPI0002D33AA5, UniRef:UniRef50_Q7NXL5, UniRef:UniRef90_F5S6Y5"
contig_1	cds	138084	139001	-	KK01_00690	yneE	"putative membrane chloride channel, bestrophin family"	"COG:COG3781, COG:P, KEGG:K08994, RefSeq:WP_019389935.1, SO:0001217, UniParc:UPI0002DA832B, UniRef:UniRef100_UPI0002DA832B, UniRef:UniRef50_V2VLD2, UniRef:UniRef90_F5S6Y4"
contig_1	cds	139006	139842	-	KK01_00695	panC	pantoate--beta-alanine ligase	"COG:COG0414, COG:H, EC:6.3.2.1, KEGG:K01918, RefSeq:WP_019389934.1, SO:0001217, UniParc:UPI0002F94613, UniRef:UniRef100_UPI0002F94613, UniRef:UniRef50_Q2T095, UniRef:UniRef90_F5S6Y3"
contig_1	cds	139995	141827	-	KK01_00700	surA	"Peptidyl-prolyl isomerase, parvulin family"	"COG:COG0760, COG:O, RefSeq:WP_154700252.1, SO:0001217, UniParc:UPI000DFE868E, UniRef:UniRef100_UPI000DFE868E, UniRef:UniRef50_F0EVZ9, UniRef:UniRef90_F5S6Y2"
contig_1	cds	142094	143758	-	KK01_00705	fixX	Ferredoxin-like protein FixX	"COG:C, COG:COG2440, EC:1.5.5.1, KEGG:K00311, RefSeq:WP_019389932.1, SO:0001217, UniParc:UPI000311FE76, UniRef:UniRef100_UPI000311FE76, UniRef:UniRef50_S5T6Z8, UniRef:UniRef90_F5S6Y1"
contig_1	cds	143982	144359	-	KK01_00710	sirB2	Uncharacterized membrane protein SirB2	"COG:COG3094, COG:S, RefSeq:WP_003786628.1, SO:0001217, UniParc:UPI00020C64E5, UniRef:UniRef100_F5S6Y0, UniRef:UniRef50_V9HMJ6, UniRef:UniRef90_F5S6Y0"
contig_1	cds	144379	144942	-	KK01_00715	mraW	tRNA A58 N-methylase Trm61	"COG:COG2519, COG:J, RefSeq:WP_019389931.1, SO:0001217, UniParc:UPI0003044128, UniRef:UniRef100_UPI0003044128, UniRef:UniRef50_F5S6X9, UniRef:UniRef90_F5S6X9"
contig_1	cds	144948	145265	-	KK01_00720		DUF4298 domain-containing protein	"RefSeq:WP_019389930.1, SO:0001217, UniParc:UPI00031DE139, UniRef:UniRef100_UPI00031DE139, UniRef:UniRef50_F5S6X8, UniRef:UniRef90_F5S6X8"
contig_1	cds	145265	146239	-	KK01_00725	era	GTPase Era	"COG:COG1159, COG:J, SO:0001217, UniRef:UniRef50_Q9K0C7, UniRef:UniRef90_V9HCR6"
contig_1	cds	146413	147081	-	KK01_00730	lysM	LysM domain/M23 peptidase domain protein	"RefSeq:WP_019389927.1, SO:0001217, UniParc:UPI0002D260FA, UniRef:UniRef100_UPI0002D260FA, UniRef:UniRef50_F5S6X6, UniRef:UniRef90_F5S6X6"
contig_1	cds	147232	147717	+	KK01_00735	fxsA	"FxsA protein affecting phage T7 exclusion by the F plasmid, UPF0716 family"	"COG:COG3030, COG:R, KEGG:K07113, RefSeq:WP_003786616.1, SO:0001217, UniParc:UPI00020C64E0, UniRef:UniRef100_F5S6X5, UniRef:UniRef50_F5S6X5, UniRef:UniRef90_F5S6X5"
contig_1	cds	147776	150196	-	KK01_00740	gyrB	DNA topoisomerase (ATP-hydrolyzing) subunit B	"COG:COG0187, COG:L, RefSeq:WP_019389925.1, SO:0001217, UniParc:UPI000303362D, UniRef:UniRef100_UPI000303362D, UniRef:UniRef50_P22118, UniRef:UniRef90_F5S6X4"
contig_1	cds	150362	151873	+	KK01_00745	ubiB	ubiquinone biosynthesis regulatory protein kinase UbiB	"COG:COG0661, COG:HT, KEGG:K03688, RefSeq:WP_038326906.1, SO:0001217, UniParc:UPI0005711388, UniRef:UniRef100_UPI0005711388, UniRef:UniRef50_Q9K0N0, UniRef:UniRef90_F5S6X3"
contig_1	cds	151897	152658	+	KK01_00750	tatD	3'->5' ssDNA/RNA exonuclease TatD	"COG:COG0084, COG:N, EC:3.1.21.-, KEGG:K03424, RefSeq:WP_019389924.1, SO:0001217, UniParc:UPI000305D451, UniRef:UniRef100_UPI000305D451, UniRef:UniRef50_A0A0J1C5B1, UniRef:UniRef90_F5S6X2"
contig_1	cds	152713	153819	+	KK01_00755	serC	phosphoserine transaminase	"COG:COG1932, COG:HE, EC:2.6.1.52, KEGG:K00831, RefSeq:WP_003786606.1, SO:0001217, UniParc:UPI00020C64DC, UniRef:UniRef100_F5S6X1, UniRef:UniRef50_O34370, UniRef:UniRef90_F5S6X1"
contig_1	cds	153885	154493	+	KK01_00760	mltE	Soluble lytic murein transglycosylase or regulatory protein s ( may contain LysM/invasin domain)	"COG:COG0741, COG:M, RefSeq:WP_019389923.1, SO:0001217, UniParc:UPI0003619EDC, UniRef:UniRef100_UPI0003619EDC, UniRef:UniRef50_A0A125WBY7, UniRef:UniRef90_F5S6X0"
contig_1	cds	154497	155378	+	KK01_00765		L-rhamnose-H(+) symporter	"RefSeq:WP_019389922.1, SO:0001217, UniParc:UPI00031D94CB, UniRef:UniRef100_UPI00031D94CB, UniRef:UniRef50_A0A0A3ARW1, UniRef:UniRef90_F5S6W9"
contig_1	ncRNA	155629	155725	-	KK01_00770	Bacteria_small_SRP	Bacterial small signal recognition particle RNA	"RFAM:RF00169, SO:0000655"
contig_1	cds	155896	156411	+	KK01_00775	cybB	Cytochrome b561	"COG:C, COG:COG3038, RefSeq:WP_019389921.1, SO:0001217, UniParc:UPI000300E5DE, UniRef:UniRef100_UPI000300E5DE, UniRef:UniRef50_V9HMQ9, UniRef:UniRef90_F5S6W7"
contig_1	cds	156632	158152	-	KK01_00780	aCH1	Propionyl CoA:succinate CoA transferase	"COG:C, COG:COG0427, EC:2.8.3.18, KEGG:K18118, RefSeq:WP_019389920.1, SO:0001217, UniParc:UPI0002FB94DF, UniRef:UniRef100_UPI0002FB94DF, UniRef:UniRef50_P38946, UniRef:UniRef90_F5S6W6"
contig_1	cds	158429	160441	+	KK01_00785	rep	DNA helicase Rep	"COG:COG0210, COG:L, EC:5.6.2.4, KEGG:K03656, RefSeq:WP_154700253.1, SO:0001217, UniParc:UPI000E05747B, UniRef:UniRef100_UPI000E05747B, UniRef:UniRef50_A0A0J1C5E6, UniRef:UniRef90_F5S6W4"
contig_1	cds	160444	161166	+	KK01_00790	azlC	putative branched-chain amino acid permease (azaleucine resistance)	"COG:COG1296, COG:E, RefSeq:WP_019389918.1, SO:0001217, UniParc:UPI0002D92E26, UniRef:UniRef100_UPI0002D92E26, UniRef:UniRef50_F5S6W3, UniRef:UniRef90_F5S6W3"
contig_1	cds	161163	161462	+	KK01_00795		Uncharacterized membrane protein	"COG:COG4541, COG:S, RefSeq:WP_019389917.1, SO:0001217, UniParc:UPI0002FDBFFD, UniRef:UniRef100_UPI0002FDBFFD, UniRef:UniRef50_C3X2K6, UniRef:UniRef90_F5S6W2"
contig_1	cds	161528	163132	-	KK01_00800		TPR-REGION domain-containing protein	"RefSeq:WP_230311304.1, SO:0001217, UniParc:UPI000706C584, UniRef:UniRef100_UPI000706C584, UniRef:UniRef50_F5S6W1, UniRef:UniRef90_F5S6W1"
contig_1	cds	163222	164019	-	KK01_00805	truA	tRNA pseudouridine(38-40) synthase TruA	"COG:COG0101, COG:J, EC:5.4.99.12, KEGG:K06173, RefSeq:WP_019389915.1, SO:0001217, UniParc:UPI0003103721, UniRef:UniRef100_UPI0003103721, UniRef:UniRef50_Q9JXI2, UniRef:UniRef90_F5S6W0"
contig_1	cds	164019	164804	-	KK01_00810	bepA	"Outer membrane protein chaperone/metalloprotease BepA/YfgC, contains M48 and TPR domains"	"COG:COG4783, COG:MO, EC:3.4.24.-, KEGG:K23010, RefSeq:WP_019389914.1, SO:0001217, UniParc:UPI0002D788BE, UniRef:UniRef100_UPI0002D788BE, UniRef:UniRef50_A0A0U1RHJ0, UniRef:UniRef90_F5S6V9"
contig_1	cds	164944	166242	+	KK01_00815	serS	serine--tRNA ligase	"COG:COG0172, COG:J, EC:6.1.1.11, KEGG:K01875, RefSeq:WP_019389913.1, SO:0001217, UniParc:UPI0002F320F2, UniRef:UniRef100_UPI0002F320F2, UniRef:UniRef50_A4IJ96, UniRef:UniRef90_F5S6V8"
contig_1	cds	166239	166568	+	KK01_00820	pspE	Rhodanese-related sulfurtransferase	"COG:COG0607, COG:P, RefSeq:WP_003786578.1, SO:0001217, UniParc:UPI00020C64CE, UniRef:UniRef100_F5S6V7, UniRef:UniRef50_A0A3S4Z8G4, UniRef:UniRef90_F5S6V7"
contig_1	cds	166579	167118	+	KK01_00825		HNH endonuclease	"RefSeq:WP_003786576.1, SO:0001217, UniParc:UPI00020C64CD, UniRef:UniRef100_F5S6V6, UniRef:UniRef50_F5S6V6, UniRef:UniRef90_F5S6V6"
contig_1	cds	167140	167403	+	KK01_00830		Spore coat-associated protein camelysin	"RefSeq:WP_019389912.1, SO:0001217, UniParc:UPI00031508F6, UniRef:UniRef100_UPI00031508F6, UniRef:UniRef50_F0EYH3, UniRef:UniRef90_F5S6V5"
contig_1	cds	167540	167890	+	KK01_00835	manA	"Mannose-6-phosphate isomerase, class I"	"COG:COG1482, COG:G, RefSeq:WP_019389910.1, SO:0001217, UniParc:UPI000305C2F8, UniRef:UniRef100_UPI000305C2F8, UniRef:UniRef50_F5S6V4, UniRef:UniRef90_F5S6V4"
contig_1	cds	168141	170060	-	KK01_00840	fepA	TonB-dependent copper receptor	"COG:COG4771, COG:P, SO:0001217, UniRef:UniRef50_E1W4V5, UniRef:UniRef90_F5S6V3"
contig_1	cds	170496	171926	+	KK01_00845	dltB	"D-alanyl-lipoteichoic acid acyltransferase DltB, MBOAT superfamily"	"COG:COG1696, COG:M, KEGG:K19294, RefSeq:WP_019389908.1, SO:0001217, UniParc:UPI0002E972A0, UniRef:UniRef100_UPI0002E972A0, UniRef:UniRef50_A0A448TSN8, UniRef:UniRef90_F5S6V1"
contig_1	cds	171936	172958	+	KK01_00850		DUF459 domain-containing protein	"COG:COG2845, COG:S, KEGG:K09795, RefSeq:WP_019389907.1, SO:0001217, UniParc:UPI0003023335, UniRef:UniRef100_UPI0003023335, UniRef:UniRef50_X5F9R1, UniRef:UniRef90_F5S6V0"
contig_1	cds	172971	174125	+	KK01_00855		SGNH-hydro domain-containing protein	"SO:0001217, UniRef:UniRef50_F5S6U9, UniRef:UniRef90_F5S6U9"
contig_1	cds	174200	175354	+	KK01_00860	rlmL	23S rRNA G2445 N2-methylase RlmL	"COG:COG0116, COG:J, SO:0001217, UniRef:UniRef50_A0A4R7B3J2, UniRef:UniRef90_A0A238TEW4"
contig_1	cds	175460	175792	-	KK01_00865	trxA	thioredoxin TrxA	"COG:COG3118, COG:O, RefSeq:WP_003786555.1, SO:0001217, UniParc:UPI00020C5FA4, UniRef:UniRef100_F5S6U6, UniRef:UniRef50_B5EBG4, UniRef:UniRef90_F5S6U6"
contig_1	tRNA	175947	176022	+	KK01_00870	trnE	tRNA-Glu(ttc)	SO:0000259
contig_1	cds	176206	177219	+	KK01_00875		Phage integrase family integrase/recombinase	"SO:0001217, UniRef:UniRef50_F5S6U5, UniRef:UniRef90_F5S6U5"
contig_1	cds	177240	177533	-	KK01_00880	alpA	AlpA family phage regulatory protein	"RefSeq:WP_003790187.1, SO:0001217, UniParc:UPI00025845DA, UniRef:UniRef100_A0A238HDV0, UniRef:UniRef50_F5S6U4, UniRef:UniRef90_F5S6U4"
contig_1	cds	177540	177701	-	KK01_00885		Tail length tape measure protein	"RefSeq:WP_167331701.1, SO:0001217, UniParc:UPI000410C268, UniRef:UniRef100_UPI000410C268, UniRef:UniRef50_F5S6U3, UniRef:UniRef90_F5S6U3"
contig_1	cds	177715	178668	-	KK01_00890		Phytoene/squalene synthase family protein	"SO:0001217, UniRef:UniRef50_F5S6U2, UniRef:UniRef90_F5S6U2"
contig_1	cds	178730	179176	-	KK01_00895		single-stranded DNA-binding protein	"SO:0001217, UniRef:UniRef50_A0A0J1C4P4, UniRef:UniRef90_UPI000A26CE86"
contig_1	cds	179186	180145	-	KK01_00900	recT	recombination protein RecT	"KEGG:K07455, RefSeq:WP_019389899.1, SO:0001217, UniParc:UPI0002F138C1, UniRef:UniRef100_UPI0002F138C1, UniRef:UniRef50_A0A6S5K1B0, UniRef:UniRef90_A0A238HEF6"
contig_1	cds	180411	180845	+	KK01_00905		DUF2335 domain-containing protein	"SO:0001217, UniRef:UniRef50_UPI00036C36E1, UniRef:UniRef90_UPI00036C36E1"
contig_1	cds	181155	181763	+	KK01_00910		KilA-N domain-containing protein	"RefSeq:WP_019389897.1, SO:0001217, UniParc:UPI00031DAD88, UniRef:UniRef100_UPI00031DAD88, UniRef:UniRef50_UPI00031DAD88, UniRef:UniRef90_UPI00031DAD88"
contig_1	cds	181826	182515	-	KK01_00915	yqaJ	YqaJ viral recombinase family protein	"RefSeq:WP_154700260.1, SO:0001217, UniParc:UPI0003F62610, UniRef:UniRef100_UPI0003F62610, UniRef:UniRef50_A0A8S5QVG7, UniRef:UniRef90_UPI0018AD3564"
contig_2	cds	238	1761	+	KK01_00920		SEC-C metal-binding domain-containing protein	"SO:0001217, UniRef:UniRef50_UPI0018AD5204, UniRef:UniRef90_UPI0018AD5204"
contig_2	cds	1855	3162	+	KK01_00925		DUF2130 domain-containing protein	"COG:COG4487, COG:S, SO:0001217, UniRef:UniRef50_A0A380JK55, UniRef:UniRef90_F5S4Q5"
contig_2	cds	3204	4787	-	KK01_00930	ftsK	DNA segregation ATPase FtsK/SpoIIIE or related protein	"COG:COG1674, COG:D, SO:0001217, UniRef:UniRef50_F5S4Q6, UniRef:UniRef90_F5S4Q6"
contig_2	cds	4797	6857	-	KK01_00935	sbcC	DNA repair exonuclease SbcCD ATPase subunit	"COG:COG0419, COG:L, SO:0001217, UniRef:UniRef50_F5S4Q7, UniRef:UniRef90_F5S4Q7"
contig_2	cds	6862	7083	-	KK01_00940		Toxin-antitoxin system protein	"RefSeq:WP_038313357.1, SO:0001217, UniParc:UPI00040FB974, UniRef:UniRef100_UPI00040FB974, UniRef:UniRef50_F5S4Q8, UniRef:UniRef90_F5S4Q8"
contig_2	cds	7080	8198	-	KK01_00945	dndC	DNA phosphorothioation system sulfurtransferase DndC	"COG:COG0175, COG:EH, KEGG:K19170, SO:0001217, UniRef:UniRef50_E4ZFA9, UniRef:UniRef90_F5S4Q9"
contig_2	cds	8317	8535	+	KK01_00950		DNA-binding protein	"SO:0001217, UniParc:UPI00020C5EFC, UniRef:UniRef100_F5S4R0, UniRef:UniRef50_A0A2X5AGD0, UniRef:UniRef90_F5S4R0"
contig_2	cds	8532	8993	+	KK01_00955		putative restriction endonuclease	"COG:COG3440, COG:V, RefSeq:WP_038311260.1, SO:0001217, UniParc:UPI000427495A, UniRef:UniRef100_UPI000427495A, UniRef:UniRef50_C0DSV8, UniRef:UniRef90_A0A238TB61"
contig_2	cds	9077	10318	+	KK01_00960		MFS domain-containing protein	"SO:0001217, UniRef:UniRef50_V7ICI9"
contig_2	cds	10382	10873	-	KK01_00965	rfaE2	"ADP-heptose synthase, bifunctional sugar kinase/adenylyltransferase"	"COG:COG2870, COG:M, RefSeq:WP_019389522.1, SO:0001217, UniParc:UPI0002E1FB46, UniRef:UniRef100_UPI0002E1FB46, UniRef:UniRef50_G4CSC2, UniRef:UniRef90_F5S4R3"
contig_2	cds	10931	13654	-	KK01_00970	cafA	Ribonuclease G or E	"COG:COG1530, COG:J, EC:3.1.26.12, KEGG:K08300, SO:0001217, UniRef:UniRef50_Q9K1F8, UniRef:UniRef90_F5S4R4"
contig_2	cds	14334	15332	+	KK01_00975	rluA	"Pseudouridine synthase RluA, 23S rRNA- or tRNA-specific"	"COG:COG0564, COG:J, RefSeq:WP_019389524.1, SO:0001217, UniParc:UPI0003034D60, UniRef:UniRef100_UPI0003034D60, UniRef:UniRef50_E3HTB0, UniRef:UniRef90_F5S4R7"
contig_2	cds	15363	16718	+	KK01_00980	mpl	UDP-N-acetylmuramate:L-alanyl-gamma-D-glutamyl-meso-diaminopimelate ligase	"COG:COG0773, COG:M, RefSeq:WP_019389525.1, SO:0001217, UniParc:UPI0002FB64D3, UniRef:UniRef100_UPI0002FB64D3, UniRef:UniRef50_Q1LIU4, UniRef:UniRef90_F5S4R8"
contig_2	cds	16797	17570	+	KK01_00985		Glycosyltransferase sugar-binding region containing DXD motif protein	"RefSeq:WP_019389526.1, SO:0001217, UniParc:UPI00031A1A90, UniRef:UniRef100_UPI00031A1A90, UniRef:UniRef50_A0A4P7CJH0, UniRef:UniRef90_A0A238TDV6"
contig_2	cds	17972	20371	-	KK01_00990	btuB	Outer membrane cobalamin receptor protein BtuB	"COG:COG4206, COG:H, RefSeq:WP_019389527.1, SO:0001217, UniParc:UPI00031D7DF9, UniRef:UniRef100_UPI00031D7DF9, UniRef:UniRef50_G4CHD5, UniRef:UniRef90_F5S4S0"
contig_2	cds	20684	20995	-	KK01_00995		Lipoprotein	"RefSeq:WP_003791268.1, SO:0001217, UniParc:UPI0002585A78, UniRef:UniRef100_F5S4S3, UniRef:UniRef50_A0A7H1ME10, UniRef:UniRef90_F5S4S3"
contig_2	cds	20996	22381	-	KK01_01000	argH	argininosuccinate lyase	"COG:COG0165, COG:E, EC:4.3.2.1, KEGG:K01755, RefSeq:WP_019389528.1, SO:0001217, UniParc:UPI000319D7E0, UniRef:UniRef100_UPI000319D7E0, UniRef:UniRef50_P59618, UniRef:UniRef90_V9HB05"
contig_2	cds	22537	23418	-	KK01_01005	lysR	"DNA-binding transcriptional regulator, LysR family"	"COG:COG0583, COG:K, RefSeq:WP_019389529.1, SO:0001217, UniParc:UPI00030192F7, UniRef:UniRef100_UPI00030192F7, UniRef:UniRef50_V9HB58, UniRef:UniRef90_F5S4S6"
contig_2	cds	23537	25393	-	KK01_01010	hscA	Fe-S protein assembly chaperone HscA	"COG:COG0443, COG:O, RefSeq:WP_019389530.1, SO:0001217, UniParc:UPI00031516B8, UniRef:UniRef100_UPI00031516B8, UniRef:UniRef50_P44669, UniRef:UniRef90_F5S4S7"
contig_2	tRNA	25676	25769	-	KK01_01015	trnS	tRNA-Ser(gct)	SO:0000269
contig_2	cds	25850	26338	-	KK01_01020	mnaT	L-amino acid N-acyltransferase MnaT	"COG:COG1247, COG:E, RefSeq:WP_003785327.1, SO:0001217, UniParc:UPI00020C643E, UniRef:UniRef100_F5S4S8, UniRef:UniRef50_E4ZCS9, UniRef:UniRef90_F5S4S8"
contig_2	cds	27253	28950	-	KK01_01025		DUF927 domain-containing protein	"COG:COG5519, COG:R, SO:0001217, UniRef:UniRef50_A0A3S4Y9B6, UniRef:UniRef90_F5S805"
contig_2	cds	28947	29147	-	KK01_01030		Prophage protein	"RefSeq:WP_019389532.1, SO:0001217, UniParc:UPI00030BC329, UniRef:UniRef100_UPI00030BC329, UniRef:UniRef50_F5S806, UniRef:UniRef90_F5S806"
contig_2	cds	29239	29514	-	KK01_01035		DUF3077 domain-containing protein	"RefSeq:WP_019389533.1, SO:0001217, UniParc:UPI00030F2318, UniRef:UniRef100_UPI00030F2318, UniRef:UniRef50_F5S807, UniRef:UniRef90_F5S807"
contig_2	cds	29784	30020	-	KK01_01040	alpA	DNA-binding transcriptional regulator AlpA	"COG:COG3311, COG:KX, RefSeq:WP_019389534.1, SO:0001217, UniParc:UPI000380BBA4, UniRef:UniRef100_UPI000380BBA4, UniRef:UniRef50_F5S808, UniRef:UniRef90_F5S808"
contig_2	cds	30481	30840	-	KK01_01045		Phage integrase family site-specific recombinase	"SO:0001217, UniRef:UniRef50_F5S809, UniRef:UniRef90_F5S809"
contig_2	cds	31189	31698	-	KK01_01050		Arm-DNA-bind-3 domain-containing protein	"SO:0001217, UniRef:UniRef50_C0DXF3"
contig_2	tRNA	31944	32029	-	KK01_01055	trnL	tRNA-Leu(gag)	SO:0000264
contig_2	cds	32040	32405	-	KK01_01060	secG	preprotein translocase subunit SecG	"RefSeq:WP_019389538.1, SO:0001217, UniParc:UPI000316FA85, UniRef:UniRef100_UPI000316FA85, UniRef:UniRef50_F0F270, UniRef:UniRef90_F5S811"
contig_2	cds	32408	33175	-	KK01_01065	tpiA	triose-phosphate isomerase	"COG:COG0149, COG:G, RefSeq:WP_003787419.1, SO:0001217, UniParc:UPI00020C7193, UniRef:UniRef100_F5S812, UniRef:UniRef50_Q9JXT8, UniRef:UniRef90_F5S812"
contig_2	cds	33245	34981	-	KK01_01070	ptsP	Phosphoenolpyruvate-protein kinase (PTS system EI component in bacteria)	"COG:COG1080, COG:G, RefSeq:WP_019389539.1, SO:0001217, UniParc:UPI0002DA2167, UniRef:UniRef100_UPI0002DA2167, UniRef:UniRef50_A0A381KQ29, UniRef:UniRef90_F5S813"
contig_2	cds	34984	35253	-	KK01_01075	ptsH	HPr or related phosphotransfer protein	"COG:COG1925, COG:TG, RefSeq:WP_003787424.1, SO:0001217, UniParc:UPI00020C7195, UniRef:UniRef100_F5S814, UniRef:UniRef50_I0HXK1, UniRef:UniRef90_F5S814"
contig_2	cds	35412	35567	-	KK01_01080		hypothetical protein	"RefSeq:WP_019389540.1, SO:0001217, UniParc:UPI000317EAD7, UniRef:UniRef100_UPI000317EAD7, UniRef:UniRef50_UPI000317EAD7, UniRef:UniRef90_UPI000317EAD7"
contig_2	cds	35567	35698	-	KK01_01085		hypothetical protein	
contig_2	cds	35695	35910	-	KK01_01090		hypothetical protein	"RefSeq:WP_019389542.1, SO:0001217, UniParc:UPI0002E32088, UniRef:UniRef100_UPI0002E32088, UniRef:UniRef50_UPI0002E32088, UniRef:UniRef90_UPI0002E32088"
contig_2	cds	35957	36349	-	KK01_01095	manX	"Phosphotransferase system, mannose/fructose-specific component IIA"	"COG:COG2893, COG:G, RefSeq:WP_019389543.1, SO:0001217, UniParc:UPI000314454F, UniRef:UniRef100_UPI000314454F, UniRef:UniRef50_U6Q1N8, UniRef:UniRef90_F5S815"
contig_2	cds	36472	37449	-	KK01_01100	apbE	FAD:protein FMN transferase ApbE	"COG:COG1477, COG:HO, EC:2.7.1.180, KEGG:K03734, RefSeq:WP_019389544.1, SO:0001217, UniParc:UPI0002D26EBF, UniRef:UniRef100_UPI0002D26EBF, UniRef:UniRef50_C4GN91, UniRef:UniRef90_F5S816"
contig_2	cds	37688	39520	+	KK01_01105	edd	phosphogluconate dehydratase	"COG:COG0129, COG:EG, EC:4.2.1.12, KEGG:K01690, RefSeq:WP_154700098.1, SO:0001217, UniParc:UPI000E085E36, UniRef:UniRef100_UPI000E085E36, UniRef:UniRef50_P56111, UniRef:UniRef90_F5S817"
contig_2	cds	39633	40493	-	KK01_01110	accD	"acetyl-CoA carboxylase, carboxyltransferase subunit beta"	"COG:COG0777, COG:I, RefSeq:WP_154700099.1, SO:0001217, UniParc:UPI000DFF7EC8, UniRef:UniRef100_UPI000DFF7EC8, UniRef:UniRef50_A0KLN6, UniRef:UniRef90_F5S819"
contig_2	cds	40612	41769	-	KK01_01115	metC	Cystathionine beta-lyase/cystathionine gamma-synthase	"COG:COG0626, COG:E, SO:0001217, UniRef:UniRef50_E3D3G0, UniRef:UniRef90_F5S820"
contig_2	cds	42204	42980	+	KK01_01120	folE2	GTP cyclohydrolase FolE2	"COG:COG1469, COG:H, EC:3.5.4.16, KEGG:K09007, RefSeq:WP_019389549.1, SO:0001217, UniParc:UPI0002FE2C35, UniRef:UniRef100_UPI0002FE2C35, UniRef:UniRef50_Q5F9K6, UniRef:UniRef90_F5S821"
contig_2	cds	42968	43198	+	KK01_01125	baeS	Signal transduction histidine kinase	"COG:COG0642, COG:T, RefSeq:WP_019389550.1, SO:0001217, UniParc:UPI00030ACF3F, UniRef:UniRef100_UPI0003F59E09, UniRef:UniRef50_F5S822, UniRef:UniRef90_F5S822"
contig_2	cds	43528	44505	-	KK01_01130	mdh	malate dehydrogenase	"COG:C, COG:COG0039, RefSeq:WP_019389552.1, SO:0001217, UniParc:UPI0003008AE2, UniRef:UniRef100_UPI0003008AE2, UniRef:UniRef50_Q9K3J3, UniRef:UniRef90_A0A377QY97"
contig_2	cds	44724	45599	-	KK01_01135	rsgA	ribosome small subunit-dependent GTPase A	"COG:COG1162, COG:J, RefSeq:WP_019389553.1, SO:0001217, UniParc:UPI0002EEE02D, UniRef:UniRef100_UPI0002EEE02D, UniRef:UniRef50_Q9K1A4, UniRef:UniRef90_F5S825"
contig_2	cds	46003	46233	-	KK01_01140		(pseudo) Major facilitator family transporter	"SO:0001217, UniRef:UniRef50_F5S826, UniRef:UniRef90_F5S826"
contig_2	cds	46325	47575	-	KK01_01145	glyA	Glycine/serine hydroxymethyltransferase	"COG:COG0112, COG:E, EC:2.1.2.1, KEGG:K00600, RefSeq:WP_019389555.1, SO:0001217, UniParc:UPI00031BC054, UniRef:UniRef100_UPI00031BC054, UniRef:UniRef50_Q9KTG1, UniRef:UniRef90_A0A1A9RND9"
contig_2	cds	47830	48705	-	KK01_01150	rapZ	RNase adapter RapZ	"COG:COG1660, COG:T, KEGG:K06958, RefSeq:WP_019389556.1, SO:0001217, UniParc:UPI00035E1393, UniRef:UniRef100_UPI00035E1393, UniRef:UniRef50_A9M393, UniRef:UniRef90_F5S829"
contig_2	cds	48686	49654	-	KK01_01155	hprK	HPr(Ser) kinase/phosphatase	"COG:COG1493, COG:T, EC:2.7.11.-, EC:2.7.4.-, KEGG:K06023, RefSeq:WP_003791179.1, SO:0001217, UniParc:UPI000258557C, UniRef:UniRef100_UPI000258557C, UniRef:UniRef50_Q9K081, UniRef:UniRef90_F0F1M3"
contig_2	cds	49721	50164	-	KK01_01160	ptsN	PTS IIA-like nitrogen regulatory protein PtsN	"COG:COG1762, COG:GT, RefSeq:WP_003787459.1, SO:0001217, UniParc:UPI00020C71A6, UniRef:UniRef100_F5S831, UniRef:UniRef50_F5S831, UniRef:UniRef90_F5S831"
contig_2	cds	50308	53013	-	KK01_01165	ppc	phosphoenolpyruvate carboxylase	"COG:C, COG:COG2352, EC:4.1.1.31, KEGG:K01595, RefSeq:WP_019389557.1, SO:0001217, UniParc:UPI0002DEFCFB, UniRef:UniRef100_UPI0002DEFCFB, UniRef:UniRef50_Q9JWH1, UniRef:UniRef90_F5S832"
contig_2	cds	53196	54497	+	KK01_01170	fucP	Fucose permease	"COG:COG0738, COG:G, KEGG:K02429, SO:0001217, UniRef:UniRef50_G4CSA4, UniRef:UniRef90_F5S833"
contig_2	cds	54640	56025	+	KK01_01175	araJ	"putative arabinose efflux permease AraJ, MFS family"	"COG:COG2814, COG:G, RefSeq:WP_042925107.1, SO:0001217, UniParc:UPI0005B4C763, UniRef:UniRef100_UPI0005B4C763, UniRef:UniRef50_A0A1F1SI22, UniRef:UniRef90_F5S834"
contig_2	cds	56028	56549	+	KK01_01180	ssb	Single-stranded DNA-binding protein	"COG:COG0629, COG:L, RefSeq:WP_003787468.1, SO:0001217, UniParc:UPI00020C74D5, UniRef:UniRef100_F5S835, UniRef:UniRef50_G4T2U7, UniRef:UniRef90_F5S835"
contig_2	cds	56786	57370	+	KK01_01185	petA	ubiquinol-cytochrome c reductase iron-sulfur subunit	"COG:C, COG:COG0723, RefSeq:WP_003787471.1, SO:0001217, UniParc:UPI00020C74D6, UniRef:UniRef100_F5S836, UniRef:UniRef50_A0A5C7RJJ4, UniRef:UniRef90_F5S836"
contig_2	cds	57388	58740	+	KK01_01190	petB	Cytochrome b subunit of the bc complex	"COG:C, COG:COG1290, RefSeq:WP_003791167.1, SO:0001217, UniParc:UPI0002585576, UniRef:UniRef100_UPI0002585576, UniRef:UniRef50_A0A6L5C5R3, UniRef:UniRef90_F5S837"
contig_2	cds	58754	59539	+	KK01_01195	cYT1	Cytochrome c1	"COG:C, COG:COG2857, KEGG:K00413, RefSeq:WP_019389561.1, SO:0001217, UniParc:UPI0002E6260E, UniRef:UniRef100_UPI0002E6260E, UniRef:UniRef50_A0A8C8G2Y1, UniRef:UniRef90_F5S838"
contig_2	cds	59648	60115	+	KK01_01200		DUF4149 domain-containing protein	"SO:0001217, UniRef:UniRef50_F5S839, UniRef:UniRef90_F5S839"
contig_2	cds	60194	61081	-	KK01_01205		TbpB-B-D domain-containing protein	"RefSeq:WP_019389563.1, SO:0001217, UniParc:UPI000377575D, UniRef:UniRef100_UPI000377575D, UniRef:UniRef50_F5S840, UniRef:UniRef90_F5S840"
contig_2	cds	61219	63795	-	KK01_01210	clpB	ATP-dependent chaperone ClpB	"COG:COG0542, COG:O, RefSeq:WP_019389564.1, SO:0001217, UniParc:UPI0002FA2F0F, UniRef:UniRef100_UPI0002FA2F0F, UniRef:UniRef50_A0A173MFY5, UniRef:UniRef90_F5S841"
contig_2	tRNA	63980	64070	+	KK01_01215	trnS	tRNA-Ser(tga)	SO:0000269
contig_2	cds	64147	64581	+	KK01_01220	hslJ	Heat shock protein HslJ	"COG:COG3187, COG:O, RefSeq:WP_019389565.1, SO:0001217, UniParc:UPI0002DBC636, UniRef:UniRef100_UPI0002DBC636, UniRef:UniRef50_F5S842, UniRef:UniRef90_F5S842"
contig_2	cds	64598	65344	+	KK01_01225	radC	DNA repair protein RadC	"COG:COG2003, COG:L, KEGG:K03630, SO:0001217, UniRef:UniRef50_Q12EY8, UniRef:UniRef90_F5S843"
contig_2	cds	65403	66242	-	KK01_01230	htpX	protease HtpX	"COG:COG0501, COG:O, RefSeq:WP_003787488.1, SO:0001217, UniParc:UPI00020C74DE, UniRef:UniRef100_F5S844, UniRef:UniRef50_Q87QN1, UniRef:UniRef90_F5S844"
contig_2	cds	66414	67373	-	KK01_01235	fabH	3-oxoacyl-[acyl-carrier-protein] synthase III	"COG:COG0332, COG:I, RefSeq:WP_026036274.1, SO:0001217, UniParc:UPI0004745B4D, UniRef:UniRef100_F5S846, UniRef:UniRef50_Q8Y0J4, UniRef:UniRef90_F5S846"
contig_2	cds	67486	67887	+	KK01_01240	gloA	lactoylglutathione lyase	"COG:COG0346, COG:Q, RefSeq:WP_003787492.1, SO:0001217, UniParc:UPI00020C74E1, UniRef:UniRef100_F5S847, UniRef:UniRef50_P44638, UniRef:UniRef90_F5S847"
contig_2	cds	67999	69285	+	KK01_01245	eno	phosphopyruvate hydratase	"COG:COG0148, COG:G, EC:4.2.1.11, GO:0000015, GO:0000287, GO:0004634, GO:0005576, GO:0006096, GO:0009986, RefSeq:WP_019389567.1, SO:0001217, UniParc:UPI00036BBA9F, UniRef:UniRef100_UPI00036BBA9F, UniRef:UniRef50_B4EUF7, UniRef:UniRef90_Q9JZ53"
contig_2	cds	69578	69853	+	KK01_01250	ftsB	Cell division protein FtsB	"COG:COG2919, COG:D, RefSeq:WP_019389568.1, SO:0001217, UniParc:UPI000316A446, UniRef:UniRef100_UPI000316A446, UniRef:UniRef50_F5S849, UniRef:UniRef90_F5S849"
contig_2	cds	69856	70365	+	KK01_01255		DUF2750 domain-containing protein	"SO:0001217, UniRef:UniRef50_F5S850, UniRef:UniRef90_F5S850"
contig_2	cds	70378	71571	+	KK01_01260	astC	Acetylornithine/succinyldiaminopimelate/putrescine aminotransferase	"COG:COG4992, COG:E, RefSeq:WP_019389570.1, SO:0001217, UniParc:UPI0002E3260D, UniRef:UniRef100_UPI0002E3260D, UniRef:UniRef50_P59324, UniRef:UniRef90_F5S851"
contig_2	cds	71568	72002	+	KK01_01265	rimI	ribosomal protein S18-alanine N-acetyltransferase	"COG:COG0456, COG:J, SO:0001217, UniRef:UniRef50_F5S852, UniRef:UniRef90_F5S852"
contig_2	cds	71996	72754	+	KK01_01270		UDG domain-containing protein	"RefSeq:WP_019389572.1, SO:0001217, UniParc:UPI0002EBE354, UniRef:UniRef100_UPI000706B0B0, UniRef:UniRef50_F0F259, UniRef:UniRef90_F5S853"
contig_2	cds	72813	73916	+	KK01_01275	hemK	Methylase of polypeptide chain release factors	"COG:COG2890, COG:J, RefSeq:WP_019389573.1, SO:0001217, UniParc:UPI000301517C, UniRef:UniRef100_UPI000301517C, UniRef:UniRef50_V7IGQ2, UniRef:UniRef90_F5S854"
contig_2	cds	73916	74200	+	KK01_01280		DUF4376 domain-containing protein	"RefSeq:WP_019389574.1, SO:0001217, UniParc:UPI00035F81CE, UniRef:UniRef100_UPI00035F81CE, UniRef:UniRef50_A0A660N4V1, UniRef:UniRef90_F5S855"
contig_2	cds	74217	75329	+	KK01_01285	lptF	LPS export ABC transporter permease LptF	"COG:COG0795, COG:MN, RefSeq:WP_019389575.1, SO:0001217, UniParc:UPI0002E7DD51, UniRef:UniRef100_UPI0002E7DD51, UniRef:UniRef50_A0A448VPN6, UniRef:UniRef90_F5S856"
contig_2	cds	75500	76564	+	KK01_01290	lptG	LPS export ABC transporter permease LptG	"COG:COG0795, COG:MN, RefSeq:WP_019389576.1, SO:0001217, UniParc:UPI0003119D04, UniRef:UniRef100_UPI0003119D04, UniRef:UniRef50_V9HE87, UniRef:UniRef90_F5S857"
contig_2	cds	76726	77184	-	KK01_01295		Cass2 domain-containing protein	"RefSeq:WP_019389577.1, SO:0001217, UniParc:UPI0002FC5C7D, UniRef:UniRef100_UPI0002FC5C7D, UniRef:UniRef50_F5S858, UniRef:UniRef90_F5S858"
contig_2	cds	77313	77942	+	KK01_01300	eda	2-keto-3-deoxy-6-phosphogluconate aldolase	"COG:COG0800, COG:G, RefSeq:WP_019389578.1, SO:0001217, UniParc:UPI0002F5503A, UniRef:UniRef100_UPI0002F5503A, UniRef:UniRef50_A0A7V8ZMC9, UniRef:UniRef90_F5S859"
contig_2	cds	78119	78937	-	KK01_01305	mutM	bifunctional DNA-formamidopyrimidine glycosylase/DNA-(apurinic or apyrimidinic site) lyase	"COG:COG0266, COG:L, EC:3.2.2.23, EC:4.2.99.18, KEGG:K10563, RefSeq:WP_019389579.1, SO:0001217, UniParc:UPI00031B7881, UniRef:UniRef100_UPI00031B7881, UniRef:UniRef50_P55044, UniRef:UniRef90_F5S860"
contig_2	cds	79164	80156	-	KK01_01310	oppF	murein tripeptide/oligopeptide ABC transporter ATP binding protein OppF	"COG:COG0444, COG:EP, RefSeq:WP_019389580.1, SO:0001217, UniParc:UPI00030FE435, UniRef:UniRef100_UPI00030FE435, UniRef:UniRef50_A0A249A0Y3, UniRef:UniRef90_F5S861"
contig_2	cds	80153	81148	-	KK01_01315	oppD	"ABC-type dipeptide/oligopeptide/nickel transport system, ATPase component"	"COG:COG0444, COG:EP, RefSeq:WP_019389581.1, SO:0001217, UniParc:UPI0003169417, UniRef:UniRef100_UPI0003169417, UniRef:UniRef50_P45052, UniRef:UniRef90_F5S862"
contig_2	cds	81242	82150	-	KK01_01320	oppC	oligopeptide ABC transporter permease OppC	"COG:COG1173, COG:EP, RefSeq:WP_003787521.1, SO:0001217, UniParc:UPI00020C74F1, UniRef:UniRef100_F5S863, UniRef:UniRef50_I7ZJT7, UniRef:UniRef90_F5S863"
contig_2	cds	82310	83230	-	KK01_01325	oppB	oligopeptide ABC transporter permease OppB	"COG:COG0601, COG:EP, RefSeq:WP_003791123.1, SO:0001217, UniParc:UPI00025850BF, UniRef:UniRef100_UPI00025850BF, UniRef:UniRef50_P08005, UniRef:UniRef90_F5S864"
contig_2	cds	83335	84999	-	KK01_01330	oppA	"ABC-type oligopeptide transport system, periplasmic component"	"COG:COG4166, COG:E, KEGG:K15580, SO:0001217, UniRef:UniRef50_A0A7H4SIU9, UniRef:UniRef90_F5S865"
contig_2	cds	85247	86311	+	KK01_01335	fba	fructose-bisphosphate aldolase class II	"COG:COG0191, COG:G, RefSeq:WP_003791119.1, SO:0001217, UniParc:UPI00025850BD, UniRef:UniRef100_UPI00025850BD, UniRef:UniRef50_Q56815, UniRef:UniRef90_E4ZF81"
contig_2	cds	86406	87605	+	KK01_01340	ykwD	Spore germination protein YkwD and related proteins with CAP (CSP/antigen 5/PR1) domain	"COG:COG2340, COG:DR, SO:0001217, UniRef:UniRef50_F5S868, UniRef:UniRef90_F5S868"
contig_2	cds	88230	88760	-	KK01_01345		Integral membrane protein	"RefSeq:WP_003787539.1, SO:0001217, UniParc:UPI00020C74F9, UniRef:UniRef100_F5S871, UniRef:UniRef50_F5S871, UniRef:UniRef90_F5S871"
contig_2	cds	88765	89901	-	KK01_01350	hflX	GTPase HflX	"COG:COG2262, COG:J, RefSeq:WP_003787541.1, SO:0001217, UniParc:UPI00020C74FA, UniRef:UniRef100_F5S872, UniRef:UniRef50_X2H9M7, UniRef:UniRef90_F5S872"
contig_2	cds	90128	91303	+	KK01_01355	lldD	"FMN-dependent dehydrogenase, includes L-lactate dehydrogenase and type II isopentenyl diphosphate isomerase"	"COG:CIR, COG:COG1304, RefSeq:WP_003787543.1, SO:0001217, UniParc:UPI00020C74FB, UniRef:UniRef100_F5S873, UniRef:UniRef50_F2BD05, UniRef:UniRef90_F5S873"
contig_2	cds	91416	92573	+	KK01_01360	pseC	"UDP-4-amino-4,6-dideoxy-N-acetyl-beta-L-altrosamine transaminase"	"COG:COG0399, COG:M, RefSeq:WP_019389589.1, SO:0001217, UniParc:UPI0002D75E8E, UniRef:UniRef100_UPI0002D75E8E, UniRef:UniRef50_A0A8B3ICZ1, UniRef:UniRef90_F5S874"
contig_2	cds	93000	94049	+	KK01_01365	pilT	"Type IV pilus assembly protein PilT, pilus retraction ATPase"	"COG:COG2805, COG:NW, SO:0001217, UniParc:UPI00020C7881, UniRef:UniRef100_F5S876, UniRef:UniRef50_F5S876, UniRef:UniRef90_F5S876"
contig_2	cds	94069	95349	+	KK01_01370	pilU	"Type IV pilus assembly protein, ATPase PilU"	"COG:COG5008, COG:NW, KEGG:K02670, RefSeq:WP_003787551.1, SO:0001217, UniParc:UPI00020C7882, UniRef:UniRef100_F5S877, UniRef:UniRef50_F5S877, UniRef:UniRef90_F5S877"
contig_2	cds	95427	95870	+	KK01_01375	bcp	Peroxiredoxin	"COG:COG1225, COG:O, EC:1.11.1.24, KEGG:K03564, SO:0001217, UniRef:UniRef50_C8NA85, UniRef:UniRef90_F5S878"
contig_2	cds	95867	96244	+	KK01_01380	dgkA	Diacylglycerol kinase	"COG:COG0818, COG:I, RefSeq:WP_003787555.1, SO:0001217, UniParc:UPI00020C7884, UniRef:UniRef100_F5S879, UniRef:UniRef50_F5S879, UniRef:UniRef90_F5S879"
contig_2	cds	96315	96824	-	KK01_01385	gntK	Gluconate kinase	"COG:COG3265, COG:G, RefSeq:WP_003787558.1, SO:0001217, UniParc:UPI00020C7885, UniRef:UniRef100_F5S880, UniRef:UniRef50_F5S880, UniRef:UniRef90_F5S880"
contig_2	cds	96949	98337	-	KK01_01390	gntT	"H+/gluconate symporter GntT or related permease, GntP/DsdX family"	"COG:COG2610, COG:G, RefSeq:WP_019389593.1, SO:0001217, UniParc:UPI0002DC1794, UniRef:UniRef100_UPI0002DC1794, UniRef:UniRef50_V2UPP9, UniRef:UniRef90_F5S881"
contig_2	cds	98480	99331	-	KK01_01395	folD	bifunctional methylenetetrahydrofolate dehydrogenase/methenyltetrahydrofolate cyclohydrolase FolD	"COG:COG0190, COG:H, RefSeq:WP_003791096.1, SO:0001217, UniParc:UPI00025850B1, UniRef:UniRef100_UPI00025850B1, UniRef:UniRef50_A5V1H2, UniRef:UniRef90_F5S882"
contig_2	cds	99388	100431	-	KK01_01400		Histone deacetylase	"RefSeq:WP_042226611.1, SO:0001217, UniParc:UPI0004028A31, UniRef:UniRef100_UPI00041AAB48, UniRef:UniRef50_G4CEK6, UniRef:UniRef90_F5S883"
contig_2	cds	100545	101363	+	KK01_01405		Core-2/I-Branching enzyme	"RefSeq:WP_038313440.1, SO:0001217, UniParc:UPI0004187E72, UniRef:UniRef100_UPI0004187E72, UniRef:UniRef50_V9HMU4, UniRef:UniRef90_F5S884"
contig_2	cds	101517	102827	+	KK01_01410	pqiA	Intermembrane transporter PqiABC subunit PqiA	"COG:COG2995, COG:M, KEGG:K03808, SO:0001217, UniParc:UPI00020C788A, UniRef:UniRef100_F5S885, UniRef:UniRef50_F2BCP4, UniRef:UniRef90_F5S885"
contig_2	cds	102860	104542	+	KK01_01415	pqiB	intermembrane transport protein PqiB	"COG:COG3008, COG:M, SO:0001217, UniRef:UniRef50_V9HKU2, UniRef:UniRef90_F5S886"
contig_2	cds	104544	105074	+	KK01_01420	pqiC	Intermembrane transporter PqiABC lipoprotein subunit PqiC	"COG:COG3009, COG:M, KEGG:K09857, RefSeq:WP_060537187.1, SO:0001217, UniParc:UPI000705EDE6, UniRef:UniRef100_UPI000705EDE6, UniRef:UniRef50_F5S887, UniRef:UniRef90_F5S887"
contig_2	cds	105090	105626	+	KK01_01425	ubiJ	"Ubiquinone biosynthesis protein UbiJ, contains SCP2 domain"	"COG:COG3165, COG:H, KEGG:K03690, RefSeq:WP_003791084.1, SO:0001217, UniParc:UPI00025850AB, UniRef:UniRef100_UPI00025850AB, UniRef:UniRef50_F5S888, UniRef:UniRef90_F5S888"
contig_2	cds	105649	106206	+	KK01_01430	nudE	ADP compounds hydrolase NudE	"COG:COG1051, COG:F, EC:3.6.1.-, KEGG:K08312, RefSeq:WP_038331969.1, SO:0001217, UniParc:UPI000429239B, UniRef:UniRef100_UPI000429239B, UniRef:UniRef50_P45799, UniRef:UniRef90_F5S889"
contig_2	cds	106394	107212	-	KK01_01435	pssA	CDP-diacylglycerol--serine O-phosphatidyltransferase	"COG:COG1183, COG:I, EC:2.7.8.8, KEGG:K17103, RefSeq:WP_154700280.1, SO:0001217, UniParc:UPI000705C6EF, UniRef:UniRef100_UPI000705C6EF, UniRef:UniRef50_C4GHW6, UniRef:UniRef90_F5S890"
contig_2	cds	107381	108190	-	KK01_01440	dapB	4-hydroxy-tetrahydrodipicolinate reductase	"COG:COG0289, COG:E, EC:1.17.1.8, KEGG:K00215, RefSeq:WP_003787583.1, SO:0001217, UniParc:UPI00020C7891, UniRef:UniRef100_F5S892, UniRef:UniRef50_Q9K1F1, UniRef:UniRef90_F5S892"
contig_2	cds	108187	108564	-	KK01_01445	bamE	"Outer membrane protein assembly factor BamE, lipoprotein component of the BamABCDE complex"	"COG:COG2913, COG:M, KEGG:K06186, RefSeq:WP_003787585.1, SO:0001217, UniParc:UPI00020C7892, UniRef:UniRef100_F5S893, UniRef:UniRef50_F0EZG8, UniRef:UniRef90_F5S893"
contig_2	cds	108745	109170	+	KK01_01450	fur	ferric iron uptake transcriptional regulator	"RefSeq:WP_003791078.1, SO:0001217, UniParc:UPI00025850A8, UniRef:UniRef100_F5S894, UniRef:UniRef50_Q51008, UniRef:UniRef90_A0A1X3D0J2"
contig_2	cds	109354	110133	-	KK01_01455	tatD	3'->5' ssDNA/RNA exonuclease TatD	"COG:COG0084, COG:N, EC:3.1.21.-, KEGG:K03424, RefSeq:WP_038320934.1, SO:0001217, UniParc:UPI00041CD945, UniRef:UniRef100_UPI00041CD945, UniRef:UniRef50_A0A2X1UGR2, UniRef:UniRef90_F5S895"
contig_2	cds	110360	110752	-	KK01_01460	pilZ	Type IV pilus assembly protein PilZ	"COG:COG3215, COG:NW, KEGG:K02676, RefSeq:WP_003787592.1, SO:0001217, UniParc:UPI00020C7895, UniRef:UniRef100_F5S896, UniRef:UniRef50_A0A2L0PNP9, UniRef:UniRef90_F5S896"
contig_2	cds	110803	111801	-	KK01_01465	holB	"DNA polymerase III, delta prime subunit"	"COG:COG0470, COG:L, RefSeq:WP_038316305.1, SO:0001217, UniParc:UPI0003F4FF29, UniRef:UniRef100_UPI0003F4FF29, UniRef:UniRef50_G4CTS6, UniRef:UniRef90_F5S897"
contig_2	cds	111814	112317	-	KK01_01470		DUF1841 domain-containing protein	"RefSeq:WP_003791072.1, SO:0001217, UniParc:UPI00025850A5, UniRef:UniRef100_UPI00025850A5, UniRef:UniRef50_X2H7D0, UniRef:UniRef90_V9H5E0"
contig_2	tmRNA	112417	112782	+	KK01_01475	ssrA	"transfer-messenger RNA, SsrA"	SO:0000584
contig_2	cds	112851	114170	-	KK01_01480	argA	amino-acid N-acetyltransferase	"COG:COG1246, COG:E, EC:2.3.1.1, KEGG:K14682, SO:0001217, UniRef:UniRef50_F5S899, UniRef:UniRef90_F5S899"
contig_2	cds	114247	115047	-	KK01_01485		Znf/thioredoxin-put domain-containing protein	"SO:0001217, UniRef:UniRef50_F5S8A0, UniRef:UniRef90_F5S8A0"
contig_2	cds	115063	115944	-	KK01_01490	prmA	50S ribosomal protein L11 methyltransferase	"COG:COG2264, COG:J, SO:0001217, UniRef:UniRef50_Q9JXW2, UniRef:UniRef90_F5S8A1"
contig_2	cds	116067	117500	-	KK01_01495	mgtE	magnesium transporter	"COG:COG2239, COG:P, RefSeq:WP_003787603.1, SO:0001217, UniParc:UPI00020C789B, UniRef:UniRef100_F5S8A2, UniRef:UniRef50_A0A7V9INI2, UniRef:UniRef90_F5S8A2"
contig_3	cds	169	651	-	KK01_01500	hpaC	"4-hydroxyphenylacetate 3-monooxygenase, reductase component"	"COG:C, COG:COG1853, RefSeq:WP_019389890.1, SO:0001217, UniParc:UPI000361F9E1, UniRef:UniRef100_UPI000361F9E1, UniRef:UniRef50_A0A377R329, UniRef:UniRef90_F5SA50"
contig_3	cds	678	1745	-	KK01_01505	alr	alanine racemase	"COG:COG0787, COG:M, EC:5.1.1.1, KEGG:K01775, RefSeq:WP_019389889.1, SO:0001217, UniParc:UPI00031B82D9, UniRef:UniRef100_UPI00031B82D9, UniRef:UniRef50_Q9JYC4, UniRef:UniRef90_F5SA49"
contig_3	cds	1903	2151	+	KK01_01510	rpsP	30S ribosomal protein S16	"COG:COG0228, COG:J, RefSeq:WP_003788910.1, SO:0001217, UniParc:UPI00020C753F, UniRef:UniRef100_F5SA48, UniRef:UniRef50_Q2SL58, UniRef:UniRef90_V9HC75"
contig_3	cds	2155	2664	+	KK01_01515	rimM	ribosome maturation factor RimM	"COG:COG0806, COG:J, RefSeq:WP_019389888.1, SO:0001217, UniParc:UPI0002FA16CC, UniRef:UniRef100_UPI0002FA16CC, UniRef:UniRef50_X2HHC4, UniRef:UniRef90_F5SA47"
contig_3	cds	2664	3404	+	KK01_01520	trmD	tRNA (guanosine(37)-N1)-methyltransferase TrmD	"COG:COG0336, COG:J, EC:2.1.1.228, KEGG:K00554, SO:0001217, UniRef:UniRef50_Q9K0K4, UniRef:UniRef90_F5SA46"
contig_3	cds	3432	3800	+	KK01_01525	rplS	50S ribosomal protein L19	"COG:COG0335, COG:J, GO:0003735, GO:0005840, GO:0006412, GO:1990904, KEGG:K02884, RefSeq:WP_003788904.1, SO:0001217, UniParc:UPI00020C753C, UniRef:UniRef100_F5SA45, UniRef:UniRef50_Q5NNK7, UniRef:UniRef90_Q5FA60"
contig_3	cds	3863	4621	-	KK01_01530	dnaQ	DNA polymerase III subunit epsilon	"COG:COG0847, COG:L, RefSeq:WP_019389886.1, SO:0001217, UniParc:UPI0002E714ED, UniRef:UniRef100_UPI0002E714ED, UniRef:UniRef50_L1NIS2, UniRef:UniRef90_F5SA44"
contig_3	cds	4639	4851	-	KK01_01535		HTH-16 domain-containing protein	"RefSeq:WP_003791607.1, SO:0001217, UniParc:UPI00025850DD, UniRef:UniRef100_UPI00025850DD, UniRef:UniRef50_F5SA43, UniRef:UniRef90_F5SA43"
contig_3	cds	4869	5606	-	KK01_01540	nlpC	"Cell wall-associated hydrolase, NlpC_P60 family"	"COG:COG0791, COG:M, RefSeq:WP_038309254.1, SO:0001217, UniParc:UPI0004186A25, UniRef:UniRef100_UPI0004186A25, UniRef:UniRef50_A0A378UI98, UniRef:UniRef90_F5SA42"
contig_3	cds	5749	6294	-	KK01_01545	btuE	"Thioredoxin/glutathione peroxidase BtuE, reduces lipid peroxides"	"COG:COG0386, COG:VI, EC:1.11.1.9, KEGG:K00432, RefSeq:WP_019389884.1, SO:0001217, UniParc:UPI0002DC8FEA, UniRef:UniRef100_UPI0002DC8FEA, UniRef:UniRef50_P0A0T4, UniRef:UniRef90_F5SA41"
contig_3	cds	6468	6737	-	KK01_01550	rpsO	30S ribosomal protein S15	"COG:COG0184, COG:J, SO:0001217, UniRef:UniRef50_Q3Z7V7, UniRef:UniRef90_V9HLA1"
contig_3	ncRNA-region	6681	6806	-			Ribosomal S15 leader	"RFAM:RF00114, SO:0000140"
contig_3	cds	6878	7621	-	KK01_01555		Phosphate/phosphonate ABC superfamily ATP binding cassette transporter binding protein	"RefSeq:WP_019389883.1, SO:0001217, UniParc:UPI0002F1A630, UniRef:UniRef100_UPI0002F1A630, UniRef:UniRef50_V9HM47, UniRef:UniRef90_F5SA39"
contig_3	cds	7637	8134	-	KK01_01560	pAS	PAS domain	"COG:COG2202, COG:T, RefSeq:WP_003791598.1, SO:0001217, UniParc:UPI00025850D7, UniRef:UniRef100_UPI00025850D7, UniRef:UniRef50_A0A5S9MPE9, UniRef:UniRef90_F5SA38"
contig_3	cds	8150	8518	-	KK01_01565		"putative regulator of Ras-like GTPase activity, Roadblock/LC7/MglB family"	"COG:COG2018, COG:T, KEGG:K07131, RefSeq:WP_003791596.1, SO:0001217, UniParc:UPI00025850D6, UniRef:UniRef100_UPI00025850D6, UniRef:UniRef50_F5SA37, UniRef:UniRef90_F5SA37"
contig_3	cds	9001	10515	+	KK01_01570	lysS	lysine--tRNA ligase	"COG:COG1190, COG:J, RefSeq:WP_019389882.1, SO:0001217, UniParc:UPI0002E945FA, UniRef:UniRef100_UPI0002E945FA, UniRef:UniRef50_Q8EI58, UniRef:UniRef90_F5SA36"
contig_3	cds	10587	11030	-	KK01_01575		insulinase family protein	"RefSeq:WP_230311277.1, SO:0001217, UniParc:UPI000706A0B1, UniRef:UniRef100_UPI000706A0B1, UniRef:UniRef50_UPI001E4E58D6, UniRef:UniRef90_UPI001E4E58D6"
contig_3	cds	11033	11257	-	KK01_01580		insulinase family protein	"RefSeq:WP_026036315.1, SO:0001217, UniParc:UPI00030F43FD, UniRef:UniRef100_UPI00030F43FD, UniRef:UniRef50_UPI0003F8EFDC, UniRef:UniRef90_UPI0003F8EFDC"
contig_3	cds	11380	11847	+	KK01_01585	ychJ	YchJ family protein	"COG:COG3012, COG:S, KEGG:K09858, SO:0001217, UniRef:UniRef50_Q9CKJ8, UniRef:UniRef90_F5SA31"
contig_3	cds	11925	13262	+	KK01_01590	argG	argininosuccinate synthase	"COG:COG0137, COG:E, EC:6.3.4.5, GO:0004055, GO:0005524, GO:0005737, GO:0006526, GO:0042803, RefSeq:WP_019389880.1, SO:0001217, UniParc:UPI0002DB16BA, UniRef:UniRef100_UPI0002DB16BA, UniRef:UniRef50_Q06734, UniRef:UniRef90_Q9JXC1"
contig_3	cds	13399	15834	+	KK01_01595		glycosyltransferase	"RefSeq:WP_019389879.1, SO:0001217, UniParc:UPI0002DE83F5, UniRef:UniRef100_UPI0002DE83F5, UniRef:UniRef50_A0A366W4S7, UniRef:UniRef90_UPI001412E0DC"
contig_3	cds	16190	17194	-	KK01_01600	hemB	porphobilinogen synthase	"COG:COG0113, COG:H, RefSeq:WP_019389878.1, SO:0001217, UniParc:UPI0003621C74, UniRef:UniRef100_UPI0003621C74, UniRef:UniRef50_A0A2G6LE55, UniRef:UniRef90_F5SA26"
contig_3	cds	17270	17911	-	KK01_01605	acrR	"DNA-binding protein, AcrR family, includes nucleoid occlusion protein SlmA"	"COG:COG1309, COG:K, RefSeq:WP_019389877.1, SO:0001217, UniParc:UPI0002D82DF1, UniRef:UniRef100_UPI0002D82DF1, UniRef:UniRef50_V9HCW2, UniRef:UniRef90_F5SA25"
contig_3	cds	18019	18813	-	KK01_01610	cdsA	CDP-diglyceride synthetase	"COG:COG0575, COG:I, RefSeq:WP_019389876.1, SO:0001217, UniParc:UPI0002D8FCBD, UniRef:UniRef100_UPI0002D8FCBD, UniRef:UniRef50_D4DV18, UniRef:UniRef90_F5SA24"
contig_3	cds	18872	19624	-	KK01_01615	uppS	polyprenyl diphosphate synthase	"COG:COG0020, COG:I, EC:2.5.1.31, KEGG:K00806, RefSeq:WP_019389875.1, SO:0001217, UniParc:UPI0002F9FE91, UniRef:UniRef100_UPI0002F9FE91, UniRef:UniRef50_Q82TZ9, UniRef:UniRef90_F5SA23"
contig_3	cds	19901	20617	+	KK01_01620	pyrH	UMP kinase	"COG:COG0528, COG:F, EC:2.7.4.22, KEGG:K09903, RefSeq:WP_003788856.1, SO:0001217, UniParc:UPI00020C7524, UniRef:UniRef100_F5SA21, UniRef:UniRef50_A0A7W0W2R7, UniRef:UniRef90_F5SA21"
contig_3	cds	20700	21659	+	KK01_01625	lpsA	Lipopolysaccharide biosynthesis protein LpsA	"SO:0001217, UniRef:UniRef50_C0DS18, UniRef:UniRef90_F5SA20"
contig_3	cds	21721	23565	-	KK01_01630	glmS	glutamine--fructose-6-phosphate transaminase (isomerizing)	"COG:COG0449, COG:M, RefSeq:WP_038303060.1, SO:0001217, UniParc:UPI0003F9A529, UniRef:UniRef100_UPI0003F9A529, UniRef:UniRef50_Q9K1P9, UniRef:UniRef90_V9HBJ6"
contig_3	cds	23679	24095	+	KK01_01635		DUF721 domain-containing protein	"RefSeq:WP_003788849.1, SO:0001217, UniParc:UPI00020C71F6, UniRef:UniRef100_F5SA18, UniRef:UniRef50_F5SA18, UniRef:UniRef90_F5SA18"
contig_3	cds	24249	24887	+	KK01_01640	azu	azurin	"COG:C, COG:COG3241, RefSeq:WP_019389873.1, SO:0001217, UniParc:UPI00031DEC4D, UniRef:UniRef100_UPI00031DEC4D, UniRef:UniRef50_A0A7D7T0Y1, UniRef:UniRef90_F5SA17"
contig_3	cds	25020	26282	+	KK01_01645	waaA	lipid IV(A) 3-deoxy-D-manno-octulosonic acid transferase	"COG:COG1519, COG:M, EC:2.4.99.12, EC:2.4.99.13, EC:2.4.99.14, EC:2.4.99.15, KEGG:K02527, RefSeq:WP_019389872.1, SO:0001217, UniParc:UPI0002E81C36, UniRef:UniRef100_UPI0002E81C36, UniRef:UniRef50_G4CHR2, UniRef:UniRef90_F5SA16"
contig_3	cds	26450	27007	-	KK01_01650	frr	ribosome recycling factor	"COG:COG0233, COG:J, GO:0005737, GO:0006415, RefSeq:WP_019389871.1, SO:0001217, UniParc:UPI0003029F5C, UniRef:UniRef100_UPI0003029F5C, UniRef:UniRef50_A9M3S1, UniRef:UniRef90_A9M3S1"
contig_3	cds	27125	28651	-	KK01_01655	emrB	"putative arabinose efflux permease AraJ, MFS family"	"COG:COG2814, COG:G, RefSeq:WP_038309249.1, SO:0001217, UniParc:UPI0004221A46, UniRef:UniRef100_UPI0004221A46, UniRef:UniRef50_Q9RQ29, UniRef:UniRef90_F5SA13"
contig_3	cds	28664	29839	-	KK01_01660	emrA	Multidrug resistance efflux pump EmrA	"COG:COG1566, COG:V, KEGG:K03543, RefSeq:WP_043903014.1, SO:0001217, UniParc:UPI0005C4FA8D, UniRef:UniRef100_UPI0005C4FA8D, UniRef:UniRef50_F0F036, UniRef:UniRef90_F5SA12"
contig_3	cds	30049	31407	+	KK01_01665	rseP	RIP metalloprotease RseP	"COG:COG0750, COG:OK, RefSeq:WP_038321587.1, SO:0001217, UniParc:UPI0004056C7C, UniRef:UniRef100_UPI0004056C7C, UniRef:UniRef50_Q9K1G9, UniRef:UniRef90_F5SA10"
contig_3	cds	31412	33943	+	KK01_01670	bamA	outer membrane protein assembly factor BamA	"COG:COG4775, COG:M, KEGG:K07277, RefSeq:WP_026036313.1, SO:0001217, UniParc:UPI00031E8DB9, UniRef:UniRef100_UPI00031E8DB9, UniRef:UniRef50_C4GM20, UniRef:UniRef90_F5SA09"
contig_3	cds	34027	34533	+	KK01_01675	hlpA	"Periplasmic chaperone for outer membrane proteins, Skp family"	"COG:COG2825, COG:MO, RefSeq:WP_003788830.1, SO:0001217, UniParc:UPI00020C71EC, UniRef:UniRef100_F5SA08, UniRef:UniRef50_F5SA08, UniRef:UniRef90_F5SA08"
contig_3	cds	34606	35640	+	KK01_01680	lpxD	UDP-3-O-(3-hydroxymyristoyl)glucosamine N-acyltransferase	"COG:COG1044, COG:M, RefSeq:WP_019389867.1, SO:0001217, UniParc:UPI00037155BC, UniRef:UniRef100_UPI00037155BC, UniRef:UniRef50_P95377, UniRef:UniRef90_F5SA07"
contig_3	cds	35642	35875	+	KK01_01685		Integral membrane protein	"RefSeq:WP_003788826.1, SO:0001217, UniParc:UPI00020C71EA, UniRef:UniRef100_F5SA06, UniRef:UniRef50_A0A2P7U2U6, UniRef:UniRef90_F5SA06"
contig_3	cds	35853	36302	+	KK01_01690	fabZ	3-hydroxyacyl-ACP dehydratase FabZ	"COG:COG0764, COG:I, EC:4.2.1.59, KEGG:K02372, RefSeq:WP_003788823.1, SO:0001217, UniParc:UPI00020C71E9, UniRef:UniRef100_F5SA05, UniRef:UniRef50_A1KRL1, UniRef:UniRef90_F5SA05"
contig_3	cds	36551	37327	+	KK01_01695	lpxA	acyl-ACP--UDP-N-acetylglucosamine O-acyltransferase	"COG:COG1043, COG:M, RefSeq:WP_003788820.1, SO:0001217, UniParc:UPI00020C71E8, UniRef:UniRef100_F5SA04, UniRef:UniRef50_P95379, UniRef:UniRef90_F5SA04"
contig_3	cds	37499	38692	-	KK01_01700	tyrB	Aspartate/aromatic aminotransferase	"COG:COG1448, COG:E, RefSeq:WP_019389866.1, SO:0001217, UniParc:UPI000316A14C, UniRef:UniRef100_UPI000316A14C, UniRef:UniRef50_P44425, UniRef:UniRef90_F5SA03"
contig_3	cds	38790	39818	-	KK01_01705	murB	UDP-N-acetylmuramate dehydrogenase	"COG:COG0812, COG:M, EC:1.3.1.98, KEGG:K00075, RefSeq:WP_026036312.1, SO:0001217, UniParc:UPI000474E4D2, UniRef:UniRef100_UPI000474E4D2, UniRef:UniRef50_A9M3P3, UniRef:UniRef90_F5SA02"
contig_3	cds	39854	41230	-	KK01_01710	norM	"Na+-driven multidrug efflux pump, DinF/NorM/MATE family"	"COG:COG0534, COG:V, KEGG:K03327, RefSeq:WP_019389865.1, SO:0001217, UniParc:UPI000368A25C, UniRef:UniRef100_UPI000368A25C, UniRef:UniRef50_Q9K015, UniRef:UniRef90_F5SA01"
contig_3	cds	41432	42679	-	KK01_01715	fabF	beta-ketoacyl-ACP synthase II	"COG:COG0304, COG:IQ, RefSeq:WP_019389864.1, SO:0001217, UniParc:UPI0002E72539, UniRef:UniRef100_UPI0002E72539, UniRef:UniRef50_A0A1R4H365, UniRef:UniRef90_F5SA00"
contig_3	cds	42782	43015	-	KK01_01720	acpP	acyl carrier protein	"COG:COG0236, COG:I, RefSeq:WP_003791549.1, SO:0001217, UniParc:UPI0002584B9E, UniRef:UniRef100_UPI0002584B9E, UniRef:UniRef50_P80920, UniRef:UniRef90_F5S9Z9"
contig_3	cds	43181	43447	-	KK01_01725	yggX	oxidative damage protection protein	"COG:COG2924, COG:PO, RefSeq:WP_003791548.1, SO:0001217, UniParc:UPI0002584B9D, UniRef:UniRef100_F5S9Z8, UniRef:UniRef50_Q2KYQ6, UniRef:UniRef90_G4CSN4"
contig_3	cds	43560	44417	-	KK01_01730	ydfG	NADP-dependent 3-hydroxy acid dehydrogenase YdfG	"COG:C, COG:COG4221, RefSeq:WP_019389863.1, SO:0001217, UniParc:UPI00031F38AB, UniRef:UniRef100_UPI00031F38AB, UniRef:UniRef50_P69935, UniRef:UniRef90_F5S9Z7"
contig_3	cds	44511	44987	+	KK01_01735	cytC556	Cytochrome c556	"COG:C, COG:COG3909, SO:0001217, UniRef:UniRef50_A0A125WEM7, UniRef:UniRef90_F5S9Z6"
contig_3	cds	45191	46105	-	KK01_01740	znuA	"ABC-type Zn uptake system ZnuABC, Zn-binding component ZnuA"	"COG:COG0803, COG:P, RefSeq:WP_019389861.1, SO:0001217, UniParc:UPI0002FE20E5, UniRef:UniRef100_UPI0002FE20E5, UniRef:UniRef50_V7IDN2, UniRef:UniRef90_F5S9Z5"
contig_3	cds	46321	47112	+	KK01_01745	nadE	NH3-dependent NAD+ synthetase	"COG:COG0171, COG:H, RefSeq:WP_019389860.1, SO:0001217, UniParc:UPI00031E6673, UniRef:UniRef100_UPI00031E6673, UniRef:UniRef50_Q6W746, UniRef:UniRef90_F5S9Z4"
contig_3	cds	47109	47921	+	KK01_01750	cof	Hydroxymethylpyrimidine pyrophosphatase and other HAD family phosphatases	"COG:COG0561, COG:HR, RefSeq:WP_038312396.1, SO:0001217, UniParc:UPI0003F728CE, UniRef:UniRef100_UPI0003F728CE, UniRef:UniRef50_A0A376BK78, UniRef:UniRef90_F5S9Z3"
contig_3	cds	48165	48557	-	KK01_01755	rpsI	30S ribosomal protein S9	"COG:COG0103, COG:J, GO:0003735, GO:0005840, GO:0006412, GO:1990904, SO:0001217, UniRef:UniRef50_A4WF42, UniRef:UniRef90_Q5F5A4"
contig_3	cds	48572	49003	-	KK01_01760	rplM	50S ribosomal protein L13	"COG:COG0102, COG:J, GO:0003735, GO:0005840, GO:0006412, GO:1990904, KEGG:K02871, RefSeq:WP_003788795.1, SO:0001217, UniParc:UPI00020C71DB, UniRef:UniRef100_F5S9Z1, UniRef:UniRef50_P70974, UniRef:UniRef90_Q5F5A5"
contig_3	ncRNA	49157	49339	-	KK01_01765	6S	6S / SsrS RNA	"RFAM:RF00013, SO:0000655"
contig_3	cds	49349	49651	-	KK01_01770	zapA	"Cell division protein ZapA, inhibits GTPase activity of FtsZ"	"COG:COG3027, COG:D, RefSeq:WP_003788793.1, SO:0001217, UniParc:UPI00020C71DA, UniRef:UniRef100_F5S9Z0, UniRef:UniRef50_V9HMG8, UniRef:UniRef90_F5S9Z0"
contig_3	cds	49648	50649	-	KK01_01775		Chromosome partition protein Smc	"SO:0001217, UniRef:UniRef50_F5S9Y9, UniRef:UniRef90_F5S9Y9"
contig_3	cds	50695	51684	-	KK01_01780	gpsA	Glycerol-3-phosphate dehydrogenase	"COG:C, COG:COG0240, EC:1.1.1.94, KEGG:K00057, RefSeq:WP_019389856.1, SO:0001217, UniParc:UPI000361E117, UniRef:UniRef100_UPI000361E117, UniRef:UniRef50_Q7NYZ3, UniRef:UniRef90_F5S9Y8"
contig_3	cds	51821	52693	-	KK01_01785	potC	"ABC-type spermidine/putrescine transport system, permease component II"	"COG:COG1177, COG:E, KEGG:K11074, RefSeq:WP_003791529.1, SO:0001217, UniParc:UPI0002584B95, UniRef:UniRef100_UPI0002584B95, UniRef:UniRef50_V7I9S0, UniRef:UniRef90_F0EZM6"
contig_3	cds	52693	53652	-	KK01_01790	potB	"ABC-type spermidine/putrescine transport system, permease component I"	"COG:COG1176, COG:E, RefSeq:WP_003788786.1, SO:0001217, UniParc:UPI00020C71D6, UniRef:UniRef100_F5S9Y6, UniRef:UniRef50_A0A091BRG3, UniRef:UniRef90_F5S9Y6"
contig_3	cds	53668	54777	-	KK01_01795	potA	"ABC-type Fe3+/spermidine/putrescine transport systems, ATPase component"	"COG:COG3842, COG:E, SO:0001217, UniRef:UniRef50_A0A423MTV1, UniRef:UniRef90_F5S9Y5"
contig_3	cds	55066	56148	-	KK01_01800	ribD	bifunctional diaminohydroxyphosphoribosylaminopyrimidine deaminase/5-amino-6-(5-phosphoribosylamino)uracil reductase RibD	"COG:COG1985, COG:H, EC:1.1.1.193, EC:3.5.4.26, KEGG:K11752, SO:0001217, UniRef:UniRef50_A0A1E4NLG2, UniRef:UniRef90_F5S9Y3"
contig_3	cds	56229	59000	-	KK01_01805	secA	preprotein translocase subunit SecA	"COG:COG0653, COG:U, EC:7.4.2.8, KEGG:K03070, RefSeq:WP_060536944.1, SO:0001217, UniParc:UPI000706859B, UniRef:UniRef100_UPI000706859B, UniRef:UniRef50_Q9JYK8, UniRef:UniRef90_F5S9Y2"
contig_3	cds	59226	60047	-	KK01_01810	dapD	"2,3,4,5-tetrahydropyridine-2,6-dicarboxylate N-succinyltransferase"	"COG:COG2171, COG:E, RefSeq:WP_038331448.1, SO:0001217, UniParc:UPI00040BFB2B, UniRef:UniRef100_UPI00040BFB2B, UniRef:UniRef50_Q5F695, UniRef:UniRef90_V9HB41"
contig_3	cds	60283	60741	+	KK01_01815	wzb	Protein-tyrosine-phosphatase	"COG:COG0394, COG:T, RefSeq:WP_019389849.1, SO:0001217, UniParc:UPI00031BBAC2, UniRef:UniRef100_UPI00031BBAC2, UniRef:UniRef50_Q9CKP0, UniRef:UniRef90_F5S9X9"
contig_3	cds	60744	62105	+	KK01_01820	glcD	FAD/FMN-containing lactate dehydrogenase/glycolate oxidase	"COG:C, COG:COG0277, RefSeq:WP_019389848.1, SO:0001217, UniParc:UPI0002ED1DDF, UniRef:UniRef100_UPI0002ED1DDF, UniRef:UniRef50_F2BGE7, UniRef:UniRef90_F5S9X8"
contig_3	tRNA	62169	62245	+	KK01_01825	trnM	tRNA-Met(cat)	SO:0000266
contig_3	tRNA	62266	62342	+	KK01_01830	trnM	tRNA-Met(cat)	SO:0000266
contig_3	tRNA	62388	62463	+	KK01_01835	trnA	tRNA-Ala(ggc)	SO:0000254
contig_3	cds	62522	63073	+	KK01_01840		Lipoprotein	"RefSeq:WP_019389847.1, SO:0001217, UniParc:UPI0003136E06, UniRef:UniRef100_UPI0003136E06, UniRef:UniRef50_F5S9X7, UniRef:UniRef90_F5S9X7"
contig_3	tRNA	63335	63411	-	KK01_01845	trnD	tRNA-Asp(gtc)	SO:0000256
contig_3	tRNA	63447	63522	-	KK01_01850	trnV	tRNA-Val(tac)	SO:0000273
contig_3	cds	63839	65011	+	KK01_01855	macA	Multidrug efflux pump subunit AcrA (membrane-fusion protein)	"COG:COG0845, COG:MV, KEGG:K13888, RefSeq:WP_003791514.1, SO:0001217, UniParc:UPI0002584B8D, UniRef:UniRef100_F5S9X5, UniRef:UniRef50_A0A0P7IU16, UniRef:UniRef90_F5S9X5"
contig_3	cds	64974	65390	+	KK01_01860		Lipoprotein	"SO:0001217, UniRef:UniRef50_C4GHK1, UniRef:UniRef90_F5S9X4"
contig_3	cds	65469	67406	+	KK01_01865	macB	"ABC-type lipoprotein export system, ATPase component"	"COG:COG1136, COG:M, RefSeq:WP_038309242.1, SO:0001217, UniParc:UPI00041B2A31, UniRef:UniRef100_UPI00041B2A31, UniRef:UniRef50_Q5MK06, UniRef:UniRef90_F5S9X3"
contig_3	cds	67575	68540	-	KK01_01870	ccoP	"cytochrome-c oxidase, cbb3-type subunit III"	"COG:C, COG:COG2010, RefSeq:WP_038309239.1, SO:0001217, UniParc:UPI0004175008, UniRef:UniRef100_UPI0004175008, UniRef:UniRef50_A0A1A9RNM6, UniRef:UniRef90_F5S9X2"
contig_3	cds	68542	68718	-	KK01_01875	ccoQ	"Cbb3-type cytochrome oxidase, subunit 3"	"COG:C, COG:COG4736, RefSeq:WP_003788757.1, SO:0001217, UniParc:UPI00020C6E42, UniRef:UniRef100_F5S9X1, UniRef:UniRef50_F5S9X1, UniRef:UniRef90_F5S9X1"
contig_3	cds	68726	69337	-	KK01_01880	ccoO	"cytochrome-c oxidase, cbb3-type subunit II"	"COG:C, COG:COG2993, RefSeq:WP_003788755.1, SO:0001217, UniParc:UPI00020C6E41, UniRef:UniRef100_F5S9X0, UniRef:UniRef50_D9IA44, UniRef:UniRef90_F5S9X0"
contig_3	cds	69358	70794	-	KK01_01885	ccoN	"cytochrome-c oxidase, cbb3-type subunit I"	"COG:C, COG:COG3278, EC:7.1.1.9, KEGG:K00404, SO:0001217, UniRef:UniRef50_A0A2J9E0V8, UniRef:UniRef90_F5S9W9"
contig_3	cds	71084	72829	+	KK01_01890		"putative metalloprotease, contains C-terminal PDZ domain"	"COG:COG3975, COG:R, RefSeq:WP_019389843.1, SO:0001217, UniParc:UPI00031F5749, UniRef:UniRef100_UPI00031F5749, UniRef:UniRef50_V9H9B8, UniRef:UniRef90_F5S9W8"
contig_3	cds	72983	73420	+	KK01_01895		DUF442 domain-containing protein	"COG:COG3453, COG:R, RefSeq:WP_003791502.1, SO:0001217, UniParc:UPI0002584B87, UniRef:UniRef100_F5S9W7, UniRef:UniRef50_F5S9W7, UniRef:UniRef90_F5S9W7"
contig_3	cds	73550	73843	-	KK01_01900		Cell wall surface anchor family protein	"SO:0001217, UniRef:UniRef50_F5S9W6, UniRef:UniRef90_F5S9W6"
contig_3	cds	74001	74888	-	KK01_01905	hisJ	"ABC-type amino acid transport/signal transduction system, periplasmic component/domain"	"COG:COG0834, COG:ET, SO:0001217, UniRef:UniRef50_A0A238HFK5, UniRef:UniRef90_F5S9W5"
contig_3	cds	75162	76991	+	KK01_01910	dnaX	DNA polymerase III subunit gamma/tau	"COG:COG2812, COG:L, EC:2.7.7.7, KEGG:K02343, SO:0001217, UniParc:UPI00020C6E3A, UniRef:UniRef100_F5S9W3, UniRef:UniRef50_F5S9W3, UniRef:UniRef90_F5S9W3"
contig_3	cds	76988	78820	+	KK01_01915	mdoB	"Phosphoglycerol transferase MdoB/OpgB, AlkP superfamily"	"COG:COG1368, COG:M, RefSeq:WP_060536946.1, SO:0001217, UniParc:UPI00070584CC, UniRef:UniRef100_UPI00070584CC, UniRef:UniRef50_A0A448VLE3, UniRef:UniRef90_F5S9W2"
contig_3	cds	78956	79348	-	KK01_01920	yccF	YccF domain-containing protein	"COG:COG3304, COG:S, RefSeq:WP_003788741.1, SO:0001217, UniParc:UPI00020C6E38, UniRef:UniRef100_F5S9W1, UniRef:UniRef50_A0A2Z2P327, UniRef:UniRef90_F5S9W1"
contig_3	cds	79617	81029	-	KK01_01925	thrC	threonine synthase	"COG:COG0498, COG:E, EC:4.2.3.1, KEGG:K01733, RefSeq:WP_019389838.1, SO:0001217, UniParc:UPI0002D6AAA6, UniRef:UniRef100_UPI0002D6AAA6, UniRef:UniRef50_P23669, UniRef:UniRef90_F5S9W0"
contig_3	cds	81098	81472	-	KK01_01930		Lipoprotein	"RefSeq:WP_038303016.1, SO:0001217, UniParc:UPI000414873E, UniRef:UniRef100_UPI000414873E, UniRef:UniRef50_F5S9V9, UniRef:UniRef90_F5S9V9"
contig_3	cds	81603	82910	+	KK01_01935	rarA	Replication-associated recombination protein RarA (DNA-dependent ATPase)	"COG:COG2256, COG:L, KEGG:K07478, RefSeq:WP_019389836.1, SO:0001217, UniParc:UPI0002DB5918, UniRef:UniRef100_UPI0002DB5918, UniRef:UniRef50_D3HJX9, UniRef:UniRef90_F5S9V8"
contig_3	cds	83026	85047	-	KK01_01940	oPT	"oligopeptide transporter, OPT family"	"COG:COG1297, COG:R, RefSeq:WP_019389835.1, SO:0001217, UniParc:UPI00030A5D8F, UniRef:UniRef100_UPI00030A5D8F, UniRef:UniRef50_P44016, UniRef:UniRef90_F5S9V6"
contig_3	cds	85380	86876	-	KK01_01945	rng	ribonuclease G	"COG:COG1530, COG:J, RefSeq:WP_019389834.1, SO:0001217, UniParc:UPI0002FD6A79, UniRef:UniRef100_UPI0002FD6A79, UniRef:UniRef50_A0A6V7KC27, UniRef:UniRef90_F0F1C2"
contig_3	cds	87145	87660	+	KK01_01950		Hemerythrin HHE cation binding domain protein	"RefSeq:WP_019389833.1, SO:0001217, UniParc:UPI0002D58F1D, UniRef:UniRef100_UPI0002D58F1D, UniRef:UniRef50_F0F1C4, UniRef:UniRef90_F5S9V4"
contig_3	cds	87725	88759	-	KK01_01955	ruvB	Holliday junction branch migration DNA helicase RuvB	"COG:COG2255, COG:L, RefSeq:WP_003791481.1, SO:0001217, UniParc:UPI0002584637, UniRef:UniRef100_UPI0002584637, UniRef:UniRef50_Q8U9K6, UniRef:UniRef90_F5S9V3"
contig_3	cds	88817	90049	-	KK01_01960	brkB	"Uncharacterized membrane protein, BrkB/YihY/UPF0761 family (not an RNase)"	"COG:COG1295, COG:S, KEGG:K07058, RefSeq:WP_154699972.1, SO:0001217, UniParc:UPI000DFDB13E, UniRef:UniRef100_UPI000DFDB13E, UniRef:UniRef50_F0EZZ8, UniRef:UniRef90_F5S9V2"
contig_3	cds	90049	90996	-	KK01_01965	cysB	"DNA-binding transcriptional regulator, LysR family"	"COG:COG0583, COG:K, RefSeq:WP_038309234.1, SO:0001217, UniParc:UPI0004000ABE, UniRef:UniRef100_UPI0004000ABE, UniRef:UniRef50_V9HMB3, UniRef:UniRef90_F5S9V1"
contig_3	cds	91334	92011	+	KK01_01970	ompA	Outer membrane protein OmpA and related peptidoglycan-associated (lipo)proteins	"COG:COG2885, COG:M, SO:0001217, UniRef:UniRef50_P0A0V3, UniRef:UniRef90_F5S9V0"
contig_3	cds	92121	92381	+	KK01_01975	grxC	glutaredoxin 3	"COG:COG0695, COG:O, RefSeq:WP_003788717.1, SO:0001217, UniParc:UPI00020C6E2C, UniRef:UniRef100_F5S9U9, UniRef:UniRef50_Q9JY15, UniRef:UniRef90_F5S9U9"
contig_3	cds	92414	92872	+	KK01_01980	secB	protein-export chaperone SecB	"COG:COG1952, COG:U, KEGG:K03071, RefSeq:WP_003791477.1, SO:0001217, UniParc:UPI0002584633, UniRef:UniRef100_UPI0002584633, UniRef:UniRef50_Q5P7N1, UniRef:UniRef90_F5S9U8"
contig_3	cds	92927	94291	+	KK01_01985	xseA	exodeoxyribonuclease VII large subunit	"COG:COG1570, COG:L, EC:3.1.11.6, KEGG:K03601, SO:0001217, UniRef:UniRef50_Q9JYZ2, UniRef:UniRef90_F5S9U7"
contig_3	cds	94394	94699	+	KK01_01990		SPOR domain-containing protein	"RefSeq:WP_003791475.1, SO:0001217, UniParc:UPI0002584631, UniRef:UniRef100_UPI0002584631, UniRef:UniRef50_F5S9U6, UniRef:UniRef90_F5S9U6"
contig_3	cds	94763	95446	-	KK01_01995	yhhQ	7-cyano-7-deazaguanine/7-aminomethyl-7-deazaguanine transporter	"COG:COG1738, COG:J, KEGG:K09125, RefSeq:WP_003788710.1, SO:0001217, UniParc:UPI00020C6E28, UniRef:UniRef100_F5S9U5, UniRef:UniRef50_P44908, UniRef:UniRef90_F5S9U5"
contig_3	cds	95535	96008	-	KK01_02000	queF	preQ(1) synthase	"COG:COG0780, COG:J, RefSeq:WP_003788708.1, SO:0001217, UniParc:UPI00020C6E27, UniRef:UniRef100_F5S9U4, UniRef:UniRef50_O31678, UniRef:UniRef90_F5S9U4"
contig_3	cds	96241	97833	-	KK01_02005		Outer membrane protein	"SO:0001217, UniRef:UniRef50_F5S9U3, UniRef:UniRef90_F5S9U3"
contig_3	cds	97871	98914	-	KK01_02010		Lipoprotein C like protein	"RefSeq:WP_019389828.1, SO:0001217, UniParc:UPI0002E30D6D, UniRef:UniRef100_UPI0002E30D6D, UniRef:UniRef50_A0A238T9F7, UniRef:UniRef90_F5S9U2"
contig_3	cds	99209	100360	+	KK01_02015	obgE	GTPase ObgE	"COG:COG0536, COG:DL, RefSeq:WP_038303002.1, SO:0001217, UniParc:UPI0003FDBF21, UniRef:UniRef100_UPI0003FDBF21, UniRef:UniRef50_Q5F5D9, UniRef:UniRef90_A0A238HD93"
contig_3	cds	100440	101249	+	KK01_02020	prmC	peptide chain release factor N(5)-glutamine methyltransferase	"COG:COG2890, COG:J, EC:2.1.1.297, KEGG:K02493, RefSeq:WP_019389826.1, SO:0001217, UniParc:UPI00036A1288, UniRef:UniRef100_UPI00036A1288, UniRef:UniRef50_A0A0M3SW50, UniRef:UniRef90_F5S9U0"
contig_3	cds	101417	102085	-	KK01_02025	rpiA	ribose-5-phosphate isomerase RpiA	"COG:COG0120, COG:G, EC:5.3.1.6, KEGG:K01807, RefSeq:WP_019389825.1, SO:0001217, UniParc:UPI0003034F21, UniRef:UniRef100_UPI0003034F21, UniRef:UniRef50_Q9JYM6, UniRef:UniRef90_F5S9T9"
contig_3	cds	102136	102618	-	KK01_02030	ispF	"2C-methyl-D-erythritol 2,4-cyclodiphosphate synthase"	"COG:COG0245, COG:I, SO:0001217, UniRef:UniRef50_Q06756, UniRef:UniRef90_F5S9T8"
contig_3	cds	102615	102881	-	KK01_02035	yqjE	Inner membrane protein YqjE	"RefSeq:WP_019389824.1, SO:0001217, UniParc:UPI00031B334F, UniRef:UniRef100_UPI00031B334F, UniRef:UniRef50_F0F1G1, UniRef:UniRef90_F5S9T7"
contig_3	cds	102924	103856	-	KK01_02040	ribF	bifunctional riboflavin kinase/FAD synthetase	"COG:COG0196, COG:H, RefSeq:WP_019389823.1, SO:0001217, UniParc:UPI0002F783AF, UniRef:UniRef100_UPI0002F783AF, UniRef:UniRef50_G2IYP9, UniRef:UniRef90_F5S9T6"
contig_3	cds	104012	104785	+	KK01_02045	hisM	"ABC-type amino acid transport system, permease component"	"COG:COG0765, COG:E, RefSeq:WP_003791457.1, SO:0001217, UniParc:UPI0002584627, UniRef:UniRef100_UPI0002584627, UniRef:UniRef50_V9HB43, UniRef:UniRef90_F5S9T5"
contig_3	cds	104866	106428	+	KK01_02050	tlyC	"Hemolysin-related protein, contains CBS domains, UPF0053 family"	"COG:COG1253, COG:R, RefSeq:WP_019389822.1, SO:0001217, UniParc:UPI0002F2A484, UniRef:UniRef100_UPI0002F2A484, UniRef:UniRef50_A0A1A9RPG3, UniRef:UniRef90_F5S9T4"
contig_3	cds	106572	106880	+	KK01_02055	ihfA	integration host factor subunit alpha	"COG:COG0776, COG:L, GO:0003677, GO:0006310, GO:0006355, GO:0006417, GO:0030527, RefSeq:WP_003788688.1, SO:0001217, UniParc:UPI00020C6A52, UniRef:UniRef100_F5S9T3, UniRef:UniRef50_A1U2B7, UniRef:UniRef90_A9M383"
contig_3	cds	106858	107178	+	KK01_02060		HTH merR-type domain-containing protein	"RefSeq:WP_003791453.1, SO:0001217, UniParc:UPI0002584625, UniRef:UniRef100_UPI0002584625, UniRef:UniRef50_V9H6J6, UniRef:UniRef90_F5S9T2"
contig_3	tRNA	107215	107291	+	KK01_02065	trnP	tRNA-Pro(ggg)	SO:0000268
contig_3	cds	107634	109664	+	KK01_02070		DNA methyltransferase	"RefSeq:WP_019389821.1, SO:0001217, UniParc:UPI00030C0DF8, UniRef:UniRef100_UPI001E623C21, UniRef:UniRef50_A0A0M1GLA1, UniRef:UniRef90_UPI001E623C21"
contig_3	cds	109666	112566	+	KK01_02075	pM0699	type III restriction-modification system endonuclease	"COG:COG3587, COG:V, EC:3.1.21.5, KEGG:K01156, RefSeq:WP_019389820.1, SO:0001217, UniParc:UPI0003041510, UniRef:UniRef100_UPI0003041510, UniRef:UniRef50_P08764, UniRef:UniRef90_F5S4E0"
contig_4	cds	269	889	-	KK01_02080	wcaG	Nucleoside-diphosphate-sugar epimerase	"COG:COG0451, COG:M, RefSeq:WP_019389779.1, SO:0001217, UniParc:UPI00031A0C51, UniRef:UniRef100_UPI00031A0C51, UniRef:UniRef50_C0DV84, UniRef:UniRef90_A0A238TAS9"
contig_4	cds	889	2712	-	KK01_02085	hutW	heme anaerobic degradation radical SAM methyltransferase ChuW/HutW	"COG:COG3721, COG:P, EC:2.1.1.342, KEGG:K21936, RefSeq:WP_019389778.1, SO:0001217, UniParc:UPI0002DA540D, UniRef:UniRef100_UPI0002DA540D, UniRef:UniRef50_A3N2H1, UniRef:UniRef90_A0A238TAB6"
contig_4	cds	3017	3640	+	KK01_02090	sodA	superoxide dismutase [Mn]	"COG:COG0605, COG:P, EC:1.15.1.1, KEGG:K04564, RefSeq:WP_019389777.1, SO:0001217, UniParc:UPI0002D784A9, UniRef:UniRef100_UPI0002D784A9, UniRef:UniRef50_O30826, UniRef:UniRef90_F5S7Q4"
contig_4	cds	3765	4586	+	KK01_02095	yoaK	"Uncharacterized membrane protein YoaK, UPF0700 family"	"COG:COG3619, COG:S, RefSeq:WP_003787198.1, SO:0001217, UniParc:UPI00020C6509, UniRef:UniRef100_F5S7Q5, UniRef:UniRef50_D2ZTZ2, UniRef:UniRef90_F5S7Q5"
contig_4	cds	4779	5375	-	KK01_02100		Lipoprotein	"RefSeq:WP_019389776.1, SO:0001217, UniParc:UPI0002D61603, UniRef:UniRef100_UPI0002D61603, UniRef:UniRef50_F5S7Q6, UniRef:UniRef90_F5S7Q6"
contig_4	cds	5478	5933	-	KK01_02105	cheX	"Chemotaxis protein CheX, a CheY~P-specific phosphatase"	"COG:COG1406, COG:N, RefSeq:WP_003787201.1, SO:0001217, UniParc:UPI00020C650B, UniRef:UniRef100_F5S7Q7, UniRef:UniRef50_V9HMP0, UniRef:UniRef90_V9HMP0"
contig_4	cds	5941	6303	-	KK01_02110	yesN	"Two-component response regulator, YesN/AraC family, consists of REC and AraC-type DNA-binding domains"	"COG:COG4753, COG:TK, RefSeq:WP_003787204.1, SO:0001217, UniParc:UPI00020C650C, UniRef:UniRef100_F5S7Q8, UniRef:UniRef50_V9H6M0, UniRef:UniRef90_F5S7Q8"
contig_4	cds	6322	8436	-	KK01_02115	cheA	Chemotaxis protein histidine kinase CheA	"COG:COG0643, COG:T, RefSeq:WP_026036304.1, SO:0001217, UniParc:UPI0004746337, UniRef:UniRef100_UPI0004746337, UniRef:UniRef50_F5S7Q9, UniRef:UniRef90_F5S7Q9"
contig_4	cds	8620	9345	-	KK01_02120	tACO1	YebC/PmpR family DNA-binding transcriptional regulator	"COG:COG0217, COG:KJ, RefSeq:WP_003789114.1, SO:0001217, UniParc:UPI0002588485, UniRef:UniRef100_UPI0002588485, UniRef:UniRef50_B4RMZ8, UniRef:UniRef90_F0EZR9"
contig_4	cds	9647	9973	+	KK01_02125		F0F1 ATP synthase subunit I	"RefSeq:WP_243755362.1, SO:0001217, UniParc:UPI00070604B6, UniRef:UniRef100_UPI00070604B6, UniRef:UniRef50_F5S7R2, UniRef:UniRef90_F5S7R2"
contig_4	cds	9963	10829	+	KK01_02130	atpB	F0F1 ATP synthase subunit A	"COG:C, COG:COG0356, KEGG:K02108, RefSeq:WP_026036303.1, SO:0001217, UniParc:UPI000410258D, UniRef:UniRef100_UPI000410258D, UniRef:UniRef50_Q2KU30, UniRef:UniRef90_F5S7R3"
contig_4	cds	10875	11111	+	KK01_02135	atpE	F0F1 ATP synthase subunit C	"COG:C, COG:COG0636, RefSeq:WP_003787217.1, SO:0001217, UniParc:UPI00020C6512, UniRef:UniRef100_F5S7R4, UniRef:UniRef50_A1TJ36, UniRef:UniRef90_E4ZFE8"
contig_4	cds	11154	11624	+	KK01_02140	atpF	F0F1 ATP synthase subunit B	"COG:C, COG:COG0711, KEGG:K02109, RefSeq:WP_003787219.1, SO:0001217, UniParc:UPI00020C6513, UniRef:UniRef100_F5S7R5, UniRef:UniRef50_Q5F4Z4, UniRef:UniRef90_F5S7R5"
contig_4	cds	11629	12177	+	KK01_02145	atpH	F0F1 ATP synthase subunit delta	"COG:C, COG:COG0712, RefSeq:WP_003789122.1, SO:0001217, UniParc:UPI0002588488, UniRef:UniRef100_UPI0002588488, UniRef:UniRef50_C0DVU8, UniRef:UniRef90_F5S7R6"
contig_4	cds	12187	13734	+	KK01_02150	atpA	F0F1 ATP synthase subunit alpha	"COG:C, COG:COG0056, RefSeq:WP_019389772.1, SO:0001217, UniParc:UPI0002EC6021, UniRef:UniRef100_UPI0002EC6021, UniRef:UniRef50_P12985, UniRef:UniRef90_D4DND9"
contig_4	cds	13755	14627	+	KK01_02155	atpG	F0F1 ATP synthase subunit gamma	"COG:C, COG:COG0224, RefSeq:WP_003789126.1, SO:0001217, UniParc:UPI00025888D3, UniRef:UniRef100_UPI00025888D3, UniRef:UniRef50_Q7P096, UniRef:UniRef90_F5S7R8"
contig_4	cds	14672	16069	+	KK01_02160	atpD	F0F1 ATP synthase subunit beta	"COG:C, COG:COG0055, EC:7.1.2.2, GO:0005524, GO:0005886, GO:0045261, GO:0046933, GO:0046961, RefSeq:WP_019389771.1, SO:0001217, UniParc:UPI0003035D88, UniRef:UniRef100_UPI0003035D88, UniRef:UniRef50_Q9JXQ2, UniRef:UniRef90_Q9JXQ2"
contig_4	cds	16080	16502	+	KK01_02165	atpC	F0F1 ATP synthase subunit epsilon	"COG:C, COG:COG0355, RefSeq:WP_019389770.1, SO:0001217, UniParc:UPI0002D7D647, UniRef:UniRef100_UPI0002D7D647, UniRef:UniRef50_Q9JW69, UniRef:UniRef90_F5S7S0"
contig_4	cds	16562	17986	+	KK01_02170	srmB	Superfamily II DNA and RNA helicase	"COG:COG0513, COG:L, SO:0001217, UniRef:UniRef50_A0A1D3HRI4, UniRef:UniRef90_F5S7S1"
contig_4	cds	18167	19639	-	KK01_02175	ctpA	"C-terminal processing protease CtpA/Prc, contains a PDZ domain"	"COG:COG0793, COG:O, RefSeq:WP_019389768.1, SO:0001217, UniParc:UPI0002ED481C, UniRef:UniRef100_UPI0002ED481C, UniRef:UniRef50_X5ESI0, UniRef:UniRef90_F5S7S3"
contig_4	cds	19796	20125	-	KK01_02180	ynfA	YnfA family protein	"COG:COG1742, COG:R, KEGG:K09771, RefSeq:WP_003787239.1, SO:0001217, UniParc:UPI00020C69ED, UniRef:UniRef100_F5S7S4, UniRef:UniRef50_F5S7S4, UniRef:UniRef90_F5S7S4"
contig_4	cds	20150	20410	-	KK01_02185		DUF2238 domain-containing protein	"RefSeq:WP_019389767.1, SO:0001217, UniParc:UPI0002D32F33, UniRef:UniRef100_UPI0002D32F33, UniRef:UniRef50_UPI0002E60945, UniRef:UniRef90_UPI0002E60945"
contig_4	cds	20541	21506	-	KK01_02190	phoH	"Phosphate starvation-inducible protein PhoH, putative ATPase"	"COG:COG1702, COG:T, KEGG:K06217, RefSeq:WP_019389766.1, SO:0001217, UniParc:UPI0002E98B52, UniRef:UniRef100_UPI0002E98B52, UniRef:UniRef50_V9H5I9, UniRef:UniRef90_UPI00040905DD"
contig_4	cds	21569	22450	-	KK01_02195	rssA	"putative acylesterase/phospholipase RssA, containd patatin domain"	"COG:COG1752, COG:R, RefSeq:WP_003787245.1, SO:0001217, UniParc:UPI00020C69F0, UniRef:UniRef100_F5S7S7, UniRef:UniRef50_C6S4F0, UniRef:UniRef90_F5S7S7"
contig_4	cds	22671	23678	+	KK01_02200	argF	ornithine carbamoyltransferase	"COG:COG0078, COG:E, EC:2.1.3.3, KEGG:K00611, RefSeq:WP_019389765.1, SO:0001217, UniParc:UPI0002F709C7, UniRef:UniRef100_UPI0002F709C7, UniRef:UniRef50_Q93JF1, UniRef:UniRef90_F5S7S8"
contig_4	cds	23887	24771	+	KK01_02205	xerD	site-specific tyrosine recombinase XerD	"COG:COG4974, COG:L, RefSeq:WP_019389764.1, SO:0001217, UniParc:UPI00031C8107, UniRef:UniRef100_UPI00031C8107, UniRef:UniRef50_Q9K068, UniRef:UniRef90_F5S7S9"
contig_4	cds	24885	25358	+	KK01_02210	rIC	"Iron-sulfur cluster repair protein YtfE, RIC family, contains ScdAN and hemerythrin domains"	"COG:COG2846, COG:O, RefSeq:WP_019389763.1, SO:0001217, UniParc:UPI0003173C2E, UniRef:UniRef100_UPI0003173C2E, UniRef:UniRef50_D6JLP0, UniRef:UniRef90_F5S7T0"
contig_4	cds	25441	26028	-	KK01_02215		Inner membrane protein	"COG:COG3198, COG:S, KEGG:K09926, RefSeq:WP_019389762.1, SO:0001217, UniParc:UPI0002E1BDD5, UniRef:UniRef100_UPI0002E1BDD5, UniRef:UniRef50_F0EZC9, UniRef:UniRef90_F5S7T2"
contig_4	cds	26032	27459	-	KK01_02220	ccoG	cytochrome c oxidase accessory protein CcoG	"COG:C, COG:COG0348, RefSeq:WP_019389761.1, SO:0001217, UniParc:UPI00031F25A7, UniRef:UniRef100_UPI00031F25A7, UniRef:UniRef50_C0DSS0, UniRef:UniRef90_F5S7T3"
contig_4	cds	27556	28836	-	KK01_02225	avtA	valine--pyruvate transaminase	"COG:COG3977, COG:E, EC:2.6.1.66, KEGG:K00835, SO:0001217, UniRef:UniRef50_A0A2Z4R4V3, UniRef:UniRef90_F5S7T4"
contig_4	cds	28966	29673	+	KK01_02230	rsmI	16S rRNA C1402 (ribose-2'-O) methylase RsmI	"COG:COG0313, COG:J, SO:0001217, UniParc:UPI0001829D1F, UniRef:UniRef100_B6SE67, UniRef:UniRef50_A0A1D2SKZ7, UniRef:UniRef90_F5S7T5"
contig_4	cds	29885	34393	+	KK01_02235	pilC2	PilC2	"SO:0001217, UniParc:UPI0001829D20, UniRef:UniRef100_B6SE68, UniRef:UniRef50_F5S7T6, UniRef:UniRef90_B6SE68"
contig_4	cds	34698	36584	+	KK01_02240	mnmG	tRNA uridine-5-carboxymethylaminomethyl(34) synthesis enzyme MnmG	"COG:COG0445, COG:J, KEGG:K03495, RefSeq:WP_019389758.1, SO:0001217, UniParc:UPI0001829D21, UniRef:UniRef100_F5S7T7, UniRef:UniRef50_Q9K1G0, UniRef:UniRef90_F5S7T7"
contig_4	cds	36627	38744	-	KK01_02245	dcp	"Zn-dependent oligopeptidase, M3 family"	"COG:COG0339, COG:O, EC:3.4.24.70, KEGG:K01414, SO:0001217, UniRef:UniRef50_F5S7T8, UniRef:UniRef90_F5S7T8"
contig_4	cds	38885	39703	-	KK01_02250	hpnC	squalene synthase HpnC	"COG:COG1562, COG:I, RefSeq:WP_019389756.1, SO:0001217, UniParc:UPI0002E06E30, UniRef:UniRef100_UPI0002E06E30, UniRef:UniRef50_C0DVC9, UniRef:UniRef90_F5S7T9"
contig_4	cds	39700	40656	-	KK01_02255	yheT	putative hydrolase of the alpha/beta-hydrolase fold	"COG:COG0429, COG:R, RefSeq:WP_019389755.1, SO:0001217, UniParc:UPI0002E29830, UniRef:UniRef100_UPI0002E29830, UniRef:UniRef50_A0A0H5QDJ4, UniRef:UniRef90_F5S7U0"
contig_4	cds	40878	42215	+	KK01_02260	gdhA	NADP-specific glutamate dehydrogenase	"COG:COG0334, COG:E, RefSeq:WP_019389754.1, SO:0001217, UniParc:UPI0002FEF7A2, UniRef:UniRef100_UPI0002FEF7A2, UniRef:UniRef50_P15111, UniRef:UniRef90_F5S7U1"
contig_4	cds	42471	44762	+	KK01_02265	nosR	Transcriptional regulator NosR of nitric oxide reductase	"COG:COG3901, COG:K, KEGG:K19339, RefSeq:WP_019389753.1, SO:0001217, UniParc:UPI000308474D, UniRef:UniRef100_UPI000308474D, UniRef:UniRef50_V9HCL0, UniRef:UniRef90_F5S7U2"
contig_4	cds	44892	46955	+	KK01_02270	nosZ	TAT-dependent nitrous-oxide reductase	"COG:COG4263, COG:P, EC:1.7.2.4, KEGG:K00376, RefSeq:WP_019389752.1, SO:0001217, UniParc:UPI0002EC2269, UniRef:UniRef100_UPI0002EC2269, UniRef:UniRef50_P19573, UniRef:UniRef90_F5S7U3"
contig_4	cds	47201	48475	+	KK01_02275	nosD	"Nitrous oxide reductase accessory protein NosD, contains tandem CASH domains"	"COG:COG3420, COG:P, RefSeq:WP_019389751.1, SO:0001217, UniParc:UPI0002F30E72, UniRef:UniRef100_UPI0002F30E72, UniRef:UniRef50_A9ICP3, UniRef:UniRef90_F5S7U4"
contig_4	cds	48634	49533	+	KK01_02280	ccmA	"ABC-type multidrug transport system, ATPase component"	"COG:COG1131, COG:V, RefSeq:WP_038329610.1, SO:0001217, UniParc:UPI0003F91811, UniRef:UniRef100_UPI0003F91811, UniRef:UniRef50_A0A0D6IAW6, UniRef:UniRef90_F5S7U5"
contig_4	cds	49579	50409	+	KK01_02285	nosY	"ABC-type transport system involved in multi-copper enzyme maturation, permease component"	"COG:COG1277, COG:O, KEGG:K19342, RefSeq:WP_003787280.1, SO:0001217, UniParc:UPI00020C6A03, UniRef:UniRef100_F5S7U6, UniRef:UniRef50_F5S7U6, UniRef:UniRef90_F5S7U6"
contig_4	cds	50505	51005	+	KK01_02290	nosL	Nitrous oxide reductase accessory protein NosL	"COG:COG4314, COG:P, KEGG:K19342, RefSeq:WP_060536963.1, SO:0001217, UniParc:UPI000705F043, UniRef:UniRef100_UPI000705F043, UniRef:UniRef50_A0A125WEK1, UniRef:UniRef90_F5S7U7"
contig_4	cds	51184	52587	+	KK01_02295	fadL	Long-chain fatty acid transport protein	"COG:COG2067, COG:I, KEGG:K06076, SO:0001217, UniRef:UniRef50_Q9K1M2, UniRef:UniRef90_F5S7U8"
contig_4	cds	52766	53149	-	KK01_02300	crcB	"Fluoride ion exporter CrcB/FEX, affects chromosome condensation"	"COG:COG0239, COG:DP, RefSeq:WP_003789183.1, SO:0001217, UniParc:UPI00025844FF, UniRef:UniRef100_UPI00025844FF, UniRef:UniRef50_F5S7V0, UniRef:UniRef90_F5S7V0"
contig_4	cds	53146	53961	-	KK01_02305		DUF455 domain-containing protein	"COG:COG2833, COG:S, RefSeq:WP_019389747.1, SO:0001217, UniParc:UPI0002ECF2E6, UniRef:UniRef100_UPI0002ECF2E6, UniRef:UniRef50_A0A0J6NH43, UniRef:UniRef90_F5S7V1"
contig_4	cds	54123	54737	+	KK01_02310	lolA	outer membrane lipoprotein chaperone LolA	"COG:COG2834, COG:M, KEGG:K03634, RefSeq:WP_019389746.1, SO:0001217, UniParc:UPI000363EFA8, UniRef:UniRef100_F5S7V2, UniRef:UniRef50_P57068, UniRef:UniRef90_F5S7V2"
contig_4	cds	54870	55997	+	KK01_02315	zapE	cell division protein ZapE	"COG:COG1485, COG:D, RefSeq:WP_195912865.1, SO:0001217, UniParc:UPI0007058323, UniRef:UniRef100_UPI0007058323, UniRef:UniRef50_A0A0Y6MMX0, UniRef:UniRef90_V9HD17"
contig_4	cds	56095	57186	+	KK01_02320	ychF	redox-regulated ATPase YchF	"COG:COG0012, COG:J, RefSeq:WP_019389744.1, SO:0001217, UniParc:UPI0002FC517E, UniRef:UniRef100_UPI0002FC517E, UniRef:UniRef50_A0A8J5DVQ4, UniRef:UniRef90_G4CFF2"
contig_4	cds	57308	57526	-	KK01_02325		Lipoprotein	"RefSeq:WP_003787300.1, SO:0001217, UniParc:UPI00020C6DD8, UniRef:UniRef100_F5S7V5, UniRef:UniRef50_F5S7V5, UniRef:UniRef90_F5S7V5"
contig_4	cds	57537	58163	-	KK01_02330	purN	phosphoribosylglycinamide formyltransferase	"COG:COG0299, COG:F, RefSeq:WP_038329609.1, SO:0001217, UniParc:UPI00040C894A, UniRef:UniRef100_UPI00040C894A, UniRef:UniRef50_A0A2E8ZN87, UniRef:UniRef90_F5S7V6"
contig_4	cds	58430	60319	+	KK01_02335	speA	biosynthetic arginine decarboxylase	"COG:COG1166, COG:E, EC:4.1.1.19, KEGG:K01585, RefSeq:WP_026036298.1, SO:0001217, UniParc:UPI0002E7685E, UniRef:UniRef100_UPI0002E7685E, UniRef:UniRef50_P21170, UniRef:UniRef90_F5S7V7"
contig_4	cds	60381	61304	+	KK01_02340	speB	agmatinase	"COG:COG0010, COG:E, EC:3.5.3.11, GO:0008295, GO:0008783, GO:0030145, GO:0033388, RefSeq:WP_019389741.1, SO:0001217, UniParc:UPI00031C24E7, UniRef:UniRef100_UPI00031C24E7, UniRef:UniRef50_Q5F6R3, UniRef:UniRef90_Q5F6R3"
contig_4	cds	61396	63405	+	KK01_02345	preP	"Prolyl endopeptidase PreP, S9A serine peptidase family"	"COG:COG1505, COG:E, SO:0001217, UniRef:UniRef50_V9HJZ9, UniRef:UniRef90_F5S7V9"
contig_4	cds	63637	64290	-	KK01_02350	ywnB	Putative NADH-flavin reductase	"COG:COG2910, COG:R, KEGG:K07118, RefSeq:WP_019389739.1, SO:0001217, UniParc:UPI00030A8162, UniRef:UniRef100_UPI00030A8162, UniRef:UniRef50_V9HB60, UniRef:UniRef90_F5S7W0"
contig_4	cds	64473	64826	+	KK01_02355	hxlR	"DNA-binding transcriptional regulator, HxlR family"	"COG:COG1733, COG:K, RefSeq:WP_003787313.1, SO:0001217, UniParc:UPI00020C6DDE, UniRef:UniRef100_F5S7W1, UniRef:UniRef50_N8ZIC6, UniRef:UniRef90_F5S7W1"
contig_4	cds	64898	67297	-	KK01_02360	ppsA	phosphoenolpyruvate synthase	"COG:COG0574, COG:G, SO:0001217, UniRef:UniRef50_A0A0M2HDI2, UniRef:UniRef90_F5S7W2"
contig_4	cds	67765	68115	+	KK01_02365	vacJ	VacJ family lipoprotein	"RefSeq:WP_032133135.1, SO:0001217, UniParc:UPI00050A0330, UniRef:UniRef100_UPI00050A0330, UniRef:UniRef50_Q9K0B9, UniRef:UniRef90_F5S7W4"
contig_4	cds	68088	68516	+	KK01_02370	cptA	Toxin CptA	"RefSeq:WP_003787323.1, SO:0001217, UniParc:UPI00020C6DE2, UniRef:UniRef100_F5S7W5, UniRef:UniRef50_F5S7W5, UniRef:UniRef90_F5S7W5"
contig_4	cds	68741	69760	+	KK01_02375	waaF	lipopolysaccharide heptosyltransferase II	"COG:COG0859, COG:M, RefSeq:WP_019389735.1, SO:0001217, UniParc:UPI0003161AC6, UniRef:UniRef100_UPI0003161AC6, UniRef:UniRef50_A0A1V0G759, UniRef:UniRef90_F5S7W6"
contig_4	cds	69896	70501	+	KK01_02380	gstA	Glutathione S-transferase	"COG:COG0625, COG:O, RefSeq:WP_003789221.1, SO:0001217, UniParc:UPI0002584511, UniRef:UniRef100_UPI0002584511, UniRef:UniRef50_A0A0A5JBS7, UniRef:UniRef90_F5S7W7"
contig_4	cds	70511	70945	+	KK01_02385	sspB	ClpXP protease specificity-enhancing factor	"COG:COG2969, COG:O, RefSeq:WP_003787329.1, SO:0001217, UniParc:UPI00020C6DE5, UniRef:UniRef100_F5S7W8, UniRef:UniRef50_G4CJK0, UniRef:UniRef90_F5S7W8"
contig_4	cds	70954	71079	+	KK01_02390		Lipoprotein	"SO:0001217, UniRef:UniRef50_F5S7W9, UniRef:UniRef90_F5S7W9"
contig_4	cds	71232	72422	+	KK01_02395	wza	"Periplasmic protein Wza involved in polysaccharide export, contains SLBB domain of the beta-grasp fold"	"COG:COG1596, COG:M, RefSeq:WP_019389733.1, SO:0001217, UniParc:UPI0002987138, UniRef:UniRef100_K7QRH2, UniRef:UniRef50_F5S7X0, UniRef:UniRef90_F5S7X0"
contig_4	cds	72527	73675	+	KK01_02400	kpsE	Capsule polysaccharide export protein KpsE/RkpR	"COG:COG3524, COG:M, RefSeq:WP_019389732.1, SO:0001217, UniParc:UPI00035CCE7B, UniRef:UniRef100_K7QVS5, UniRef:UniRef50_P22930, UniRef:UniRef90_F5S7X1"
contig_4	cds	73675	74478	+	KK01_02405	tagG	ABC-type polysaccharide/teichoic acid/polyol phosphate export permease	"COG:COG1682, COG:G, KEGG:K09688, RefSeq:WP_003787341.1, SO:0001217, UniParc:UPI00020C6DE9, UniRef:UniRef100_K7QSH8, UniRef:UniRef50_P32015, UniRef:UniRef90_K7QSH8"
contig_4	cds	74475	75125	+	KK01_02410	tagH	"ABC-type polysaccharide/polyol phosphate transport system, ATPase component"	"COG:COG1134, COG:G, RefSeq:WP_003787342.1, SO:0001217, UniParc:UPI00020C6DEA, UniRef:UniRef100_K7QQ86, UniRef:UniRef50_A0A067Z3P8, UniRef:UniRef90_K7QQ86"
contig_4	cds	75184	77211	-	KK01_02415	betT	Choline-glycine betaine transporter	"COG:COG1292, COG:M, KEGG:K02168, RefSeq:WP_019389731.1, SO:0001217, UniParc:UPI0002FD78B8, UniRef:UniRef100_UPI0002FD78B8, UniRef:UniRef50_P45335, UniRef:UniRef90_F5S7X4"
contig_4	cds	77508	77825	+	KK01_02420		2-nitropropane dioxygenase	"RefSeq:WP_019389730.1, SO:0001217, UniParc:UPI00030DB1F1, UniRef:UniRef100_UPI00030DB1F1, UniRef:UniRef50_F5S7X5, UniRef:UniRef90_F5S7X5"
contig_4	cds	77924	79498	+	KK01_02425	msrB	bifunctional peptide-methionine (S)-S-oxide reductase MsrA/peptide-methionine (R)-S-oxide reductase MsrB	"COG:COG0526, COG:O, EC:1.8.4.11, EC:1.8.4.12, KEGG:K12267, SO:0001217, UniRef:UniRef50_P14930, UniRef:UniRef90_F5S7X6"
contig_4	cds	79577	80521	-	KK01_02430	rlmI	23S rRNA G2069 N7-methylase RlmK or C1962 C5-methylase RlmI	"COG:COG1092, COG:J, RefSeq:WP_019389728.1, SO:0001217, UniParc:UPI0002E5A3E0, UniRef:UniRef100_UPI0002E5A3E0, UniRef:UniRef50_Q9JYY8, UniRef:UniRef90_F5S7X7"
contig_4	cds	80617	81237	-	KK01_02435	rhtB	Threonine/homoserine/homoserine lactone efflux protein	"COG:COG1280, COG:E, RefSeq:WP_003787352.1, SO:0001217, UniParc:UPI00020C6DF0, UniRef:UniRef100_F5S7X9, UniRef:UniRef50_A0A377I4P2, UniRef:UniRef90_F5S7X9"
contig_4	cds	81244	81621	-	KK01_02440		Lipoprotein	"RefSeq:WP_003789241.1, SO:0001217, UniParc:UPI000258451A, UniRef:UniRef100_UPI000258451A, UniRef:UniRef50_F4HDM7, UniRef:UniRef90_F5S7Y0"
contig_4	cds	81706	82323	-	KK01_02445	clpP	ATP-dependent Clp endopeptidase proteolytic subunit ClpP	"COG:COG0740, COG:O, RefSeq:WP_003787357.1, SO:0001217, UniParc:UPI00020C6DF2, UniRef:UniRef100_F5S7Y1, UniRef:UniRef50_Q8K990, UniRef:UniRef90_A0A286E3M8"
contig_4	cds	82373	83206	-	KK01_02450	corC	"Mg2+ and Co2+ transporter CorC, contains CBS pair and CorC-HlyC domains"	"COG:COG4535, COG:P, SO:0001217, UniRef:UniRef50_A0A7Z7HQT4, UniRef:UniRef90_F5S7Y2"
contig_4	cds	83246	83758	-	KK01_02455	ybeY	rRNA maturation RNase YbeY	"COG:COG0319, COG:J, RefSeq:WP_019389725.1, SO:0001217, UniParc:UPI0003073CDF, UniRef:UniRef100_UPI0003073CDF, UniRef:UniRef50_A0A3S5CAP7, UniRef:UniRef90_F5S7Y3"
contig_4	cds	83824	85035	-	KK01_02460	cynX	Cyanate permease	"COG:COG2807, COG:P, RefSeq:WP_019389724.1, SO:0001217, UniParc:UPI00031F50D5, UniRef:UniRef100_UPI00031F50D5, UniRef:UniRef50_F5S7Y4, UniRef:UniRef90_F5S7Y4"
contig_4	tRNA	85127	85201	-	KK01_02465	trnE	tRNA-Glu(ttc)	SO:0000259
contig_4	tRNA	85219	85295	-	KK01_02470	trnR	tRNA-Arg(acg)	SO:0001036
contig_4	cds	85375	86766	+	KK01_02475	dnaQ	"DNA polymerase III, epsilon subunit or related 3'-5' exonuclease"	"COG:COG0847, COG:L, RefSeq:WP_019389723.1, SO:0001217, UniParc:UPI0002FEE5CF, UniRef:UniRef100_UPI0002FEE5CF, UniRef:UniRef50_F5S7Y5, UniRef:UniRef90_F5S7Y5"
contig_4	cds	86837	88894	-	KK01_02480	ppk1	polyphosphate kinase 1	"COG:COG0855, COG:P, EC:2.7.4.1, KEGG:K00937, RefSeq:WP_019389722.1, SO:0001217, UniParc:UPI0002DA6CB7, UniRef:UniRef100_UPI0002DA6CB7, UniRef:UniRef50_Q9JXS9, UniRef:UniRef90_F5S7Y6"
contig_4	cds	89116	90006	+	KK01_02485	argB	N-acetylglutamate kinase	"COG:COG0548, COG:E, RefSeq:WP_019389721.1, SO:0001217, UniParc:UPI0002F6D515, UniRef:UniRef100_UPI0002F6D515, UniRef:UniRef50_Q1LS50, UniRef:UniRef90_F5S7Y8"
contig_4	cds	90242	91012	+	KK01_02490	fpr	Flavodoxin/ferredoxin--NADP reductase	"COG:C, COG:COG1018, RefSeq:WP_019389720.1, SO:0001217, UniParc:UPI0002EF4EBA, UniRef:UniRef100_UPI0002EF4EBA, UniRef:UniRef50_A0A1D3H502, UniRef:UniRef90_F5S7Y9"
contig_4	cds	91014	92531	+	KK01_02495		Major facilitator transporter	"KEGG:K08218, RefSeq:WP_003789257.1, SO:0001217, UniParc:UPI0002584523, UniRef:UniRef100_UPI0002584523, UniRef:UniRef50_V7IAU1, UniRef:UniRef90_F5S7Z0"
contig_4	cds	92774	94000	+	KK01_02500	araJ	"putative arabinose efflux permease AraJ, MFS family"	"COG:COG2814, COG:G, KEGG:K07552, RefSeq:WP_154699951.1, SO:0001217, UniParc:UPI000705AD5B, UniRef:UniRef100_UPI000705AD5B, UniRef:UniRef50_A0A1F1SQ10, UniRef:UniRef90_F5S7Z1"
contig_4	cds	94137	94799	+	KK01_02505	ompA	Outer membrane protein OmpA and related peptidoglycan-associated (lipo)proteins	"COG:COG2885, COG:M, SO:0001217, UniRef:UniRef50_V9H9K5, UniRef:UniRef90_F5S7Z2"
contig_4	cds	95131	95901	+	KK01_02510	xth	exodeoxyribonuclease III	"COG:COG0708, COG:L, EC:3.1.11.2, KEGG:K01142, RefSeq:WP_003787382.1, SO:0001217, UniParc:UPI00020C7181, UniRef:UniRef100_F5S7Z4, UniRef:UniRef50_C4GI85, UniRef:UniRef90_F5S7Z4"
contig_4	cds	96004	96315	-	KK01_02515		Transmembrane protein	"RefSeq:WP_003789268.1, SO:0001217, UniParc:UPI0002584528, UniRef:UniRef100_F5S7Z5, UniRef:UniRef50_A0A1A9RZP9, UniRef:UniRef90_F5S7Z5"
contig_4	cds	96696	96956	+	KK01_02520		4-hydroxyphenylpyruvate dioxygenase	"RefSeq:WP_003787386.1, SO:0001217, UniParc:UPI00020C7183, UniRef:UniRef100_F5S7Z6, UniRef:UniRef50_F5S7Z6, UniRef:UniRef90_F5S7Z6"
contig_4	cds	96956	97132	+	KK01_02525		xylose isomerase	"RefSeq:WP_003789272.1, SO:0001217, UniParc:UPI000258452A, UniRef:UniRef100_UPI001CC5DA39, UniRef:UniRef50_UPI001CC5DA39, UniRef:UniRef90_UPI001CC5DA39"
contig_4	cds	97185	97670	+	KK01_02530		VOC family protein	"SO:0001217, UniParc:UPI00030D3B21, UniRef:UniRef100_UPI001E4F763D, UniRef:UniRef50_UPI001E4F763D, UniRef:UniRef90_UPI001E4F763D"
contig_4	cds	97905	98279	-	KK01_02535		ISXO2-like transposase domain protein	"KEGG:K07488, SO:0001217, UniRef:UniRef50_U6Q3X8, UniRef:UniRef90_A0A238HDG9"
contig_5	cds	323	2749	+	KK01_02540	lon	endopeptidase La	"COG:COG0466, COG:O, EC:3.4.21.53, KEGG:K01338, RefSeq:WP_019389049.1, SO:0001217, UniParc:UPI0003677C85, UniRef:UniRef100_UPI0003677C85, UniRef:UniRef50_P36773, UniRef:UniRef90_F5S7I4"
contig_5	cds	2940	3242	+	KK01_02545	himA	Bacterial nucleoid DNA-binding protein IHF-alpha	"COG:COG0776, COG:L, RefSeq:WP_019389050.1, SO:0001217, UniParc:UPI000312A9EA, UniRef:UniRef100_F5S7I5, UniRef:UniRef50_P64388, UniRef:UniRef90_F5S7I5"
contig_5	cds	3299	3904	-	KK01_02550		Integral membrane protein	"RefSeq:WP_019389051.1, SO:0001217, UniParc:UPI0003713CFC, UniRef:UniRef100_UPI0003713CFC, UniRef:UniRef50_F5S7I6, UniRef:UniRef90_F5S7I6"
contig_5	cds	3985	4833	-	KK01_02555	dapF	diaminopimelate epimerase	"COG:COG0253, COG:E, EC:5.1.1.7, KEGG:K01778, RefSeq:WP_003787030.1, SO:0001217, UniParc:UPI00020C5FAC, UniRef:UniRef100_F5S7I7, UniRef:UniRef50_B7GY71, UniRef:UniRef90_F5S7I7"
contig_5	cds	4904	5314	-	KK01_02560		DUF2892 domain-containing protein	"RefSeq:WP_003787032.1, SO:0001217, UniParc:UPI00020C5FAD, UniRef:UniRef100_F5S7I8, UniRef:UniRef50_A0A376BVJ1, UniRef:UniRef90_F5S7I8"
contig_5	cds	5356	6366	-	KK01_02565	holA	DNA polymerase III subunit delta	"COG:COG1466, COG:L, SO:0001217, UniRef:UniRef50_G4CQR3, UniRef:UniRef90_F5S7I9"
contig_5	cds	6369	6839	-	KK01_02570	lptE	Outer membrane lipoprotein LptE/RlpB (LPS assembly)	"COG:COG2980, COG:M, KEGG:K03643, SO:0001217, UniRef:UniRef50_A0A0J0YPP2, UniRef:UniRef90_F5S7J0"
contig_5	cds	6951	7433	+	KK01_02575	ebsC	"Cys-tRNA(Pro) deacylase, prolyl-tRNA editing enzyme YbaK/EbsC"	"COG:COG2606, COG:J, EC:3.1.1.-, KEGG:K03976, RefSeq:WP_019389054.1, SO:0001217, UniParc:UPI0003193C13, UniRef:UniRef100_UPI0003193C13, UniRef:UniRef50_A0A6I1KE04, UniRef:UniRef90_F5S7J1"
contig_5	cds	7449	7994	+	KK01_02580	tPR	TPR repeat	"COG:COG0790, COG:R, RefSeq:WP_019389055.1, SO:0001217, UniParc:UPI000305E821, UniRef:UniRef100_UPI000305E821, UniRef:UniRef50_A0A286E1V9, UniRef:UniRef90_F5S7J2"
contig_5	cds	8055	8393	+	KK01_02585	fdx	ISC system 2Fe-2S type ferredoxin	"COG:C, COG:COG0633, RefSeq:WP_019389056.1, SO:0001217, UniParc:UPI0002FDDC2D, UniRef:UniRef100_UPI0002FDDC2D, UniRef:UniRef50_Q51383, UniRef:UniRef90_F5S7J3"
contig_5	cds	8466	9518	-	KK01_02590	apbC	iron-sulfur cluster carrier protein ApbC	"COG:COG0489, COG:D, RefSeq:WP_026036205.1, SO:0001217, UniParc:UPI0004744848, UniRef:UniRef100_UPI0004744848, UniRef:UniRef50_A0A892ZNL4, UniRef:UniRef90_F5S7J4"
contig_5	cds	9597	10193	-	KK01_02595	fAU1	5-formyltetrahydrofolate cyclo-ligase	"COG:COG0212, COG:H, RefSeq:WP_019389058.1, SO:0001217, UniParc:UPI0002ED643C, UniRef:UniRef100_UPI0002ED643C, UniRef:UniRef50_F5S7J5, UniRef:UniRef90_F5S7J5"
contig_5	cds	10193	10651	-	KK01_02600	dut	dUTP diphosphatase	"COG:COG0756, COG:FV, RefSeq:WP_019389059.1, SO:0001217, UniParc:UPI00030BB7FC, UniRef:UniRef100_UPI00030BB7FC, UniRef:UniRef50_Q9JZU7, UniRef:UniRef90_F5S7J6"
contig_5	cds	10670	11095	-	KK01_02605		DUF4476 domain-containing protein	"SO:0001217, UniRef:UniRef50_F5S7J7, UniRef:UniRef90_F5S7J7"
contig_5	cds	11177	13456	+	KK01_02610	pta	Malic enzyme	"COG:C, COG:COG0281, RefSeq:WP_019389061.1, SO:0001217, UniParc:UPI000307E27C, UniRef:UniRef100_UPI000307E27C, UniRef:UniRef50_F5S7J8, UniRef:UniRef90_F5S7J8"
contig_5	cds	13559	14245	+	KK01_02615	ybhL	"Integral membrane protein YbhL, putative Ca2+ regulator, Bax inhibitor (BI-1)/TMBIM family"	"COG:COG0670, COG:P, RefSeq:WP_019389062.1, SO:0001217, UniParc:UPI00030CC549, UniRef:UniRef100_UPI00030CC549, UniRef:UniRef50_P63702, UniRef:UniRef90_F5S7J9"
contig_5	cds	14339	14995	+	KK01_02620		SAM-dependent methyltransferase	"RefSeq:WP_019389063.1, SO:0001217, UniParc:UPI0002DC3705, UniRef:UniRef100_UPI0002DC3705, UniRef:UniRef50_F5S7K1, UniRef:UniRef90_F5S7K1"
contig_5	cds	15114	18719	+	KK01_02625	putA	bifunctional proline dehydrogenase/L-glutamate gamma-semialdehyde dehydrogenase PutA	"COG:COG4230, COG:E, EC:1.2.1.88, EC:1.5.5.2, KEGG:K13821, SO:0001217, UniRef:UniRef50_A0A4Y9K6J4, UniRef:UniRef90_F5S7K2"
contig_5	cds	19031	20251	+	KK01_02630	metL1	aspartate kinase	"COG:COG0527, COG:E, RefSeq:WP_003787063.1, SO:0001217, UniParc:UPI00020C5FBC, UniRef:UniRef100_F5S7K3, UniRef:UniRef50_A4VJB4, UniRef:UniRef90_F5S7K3"
contig_5	cds	20341	20961	+	KK01_02635	trpF	phosphoribosylanthranilate isomerase	"COG:COG0135, COG:E, RefSeq:WP_019389065.1, SO:0001217, UniParc:UPI000377E0C9, UniRef:UniRef100_UPI000377E0C9, UniRef:UniRef50_Q9K0C6, UniRef:UniRef90_F5S7K4"
contig_5	cds	20997	21362	-	KK01_02640	pspE	Rhodanese-related sulfurtransferase	"COG:COG0607, COG:P, SO:0001217, UniRef:UniRef50_F5S7K5, UniRef:UniRef90_F5S7K5"
contig_5	cds	21384	21719	-	KK01_02645	yurZ	"Uncharacterized conserved protein YurZ, alkylhydroperoxidase/carboxymuconolactone decarboxylase family"	"COG:COG0599, COG:R, RefSeq:WP_003790574.1, SO:0001217, UniParc:UPI0002584B51, UniRef:UniRef100_UPI0002584B51, UniRef:UniRef50_Q57498, UniRef:UniRef90_F5S7K6"
contig_5	cds	21792	22787	+	KK01_02650	araC	AraC-type DNA-binding domain and AraC-containing proteins	"COG:COG2207, COG:K, KEGG:K18991, SO:0001217, UniRef:UniRef50_F5S7K7, UniRef:UniRef90_F5S7K7"
contig_5	cds	22941	23171	+	KK01_02655		hypothetical protein	
contig_5	cds	23239	23928	-	KK01_02660		pseudouridine synthase	"SO:0001217, UniRef:UniRef50_L1NIG5, UniRef:UniRef90_UPI000316C77B"
contig_5	cds	24028	24267	-	KK01_02665		AbrB/MazE/SpoVT family DNA-binding domain-containing protein	"KEGG:K18829, RefSeq:WP_019389069.1, SO:0001217, UniParc:UPI0002EC2462, UniRef:UniRef100_UPI0002EC2462, UniRef:UniRef50_A0A1X3DE60, UniRef:UniRef90_UPI00050A2C3C"
contig_5	cds	24377	26290	-	KK01_02670	thrS	threonine--tRNA ligase	"COG:COG0441, COG:J, EC:6.1.1.3, KEGG:K01868, RefSeq:WP_019389070.1, SO:0001217, UniParc:UPI0002D76050, UniRef:UniRef100_UPI0002D76050, UniRef:UniRef50_Q8XE27, UniRef:UniRef90_V9H8A4"
contig_5	cds	26470	26640	-	KK01_02675		zf-HC2 domain-containing protein	"RefSeq:WP_003786175.1, SO:0001217, UniParc:UPI00020C69B0, UniRef:UniRef100_F5S6B9, UniRef:UniRef50_F5S6B9, UniRef:UniRef90_F5S6B9"
contig_5	cds	26637	27227	-	KK01_02680	rpoE	"DNA-directed RNA polymerase specialized sigma subunit, sigma24 family"	"COG:COG1595, COG:K, RefSeq:WP_019389071.1, SO:0001217, UniParc:UPI0003122054, UniRef:UniRef100_UPI0003122054, UniRef:UniRef50_F5S6B8, UniRef:UniRef90_F5S6B8"
contig_5	cds	27340	27513	-	KK01_02685		Lipoprotein	"RefSeq:WP_003786173.1, SO:0001217, UniParc:UPI00020C69AE, UniRef:UniRef100_F5S6B7, UniRef:UniRef50_F5S6B7, UniRef:UniRef90_F5S6B7"
contig_5	cds	27757	29208	-	KK01_02690	arsB	Na+/H+ antiporter NhaD or related arsenite permease	"COG:COG1055, COG:P, RefSeq:WP_019389072.1, SO:0001217, UniParc:UPI00036B08DF, UniRef:UniRef100_UPI00036B08DF, UniRef:UniRef50_I4E7H1, UniRef:UniRef90_F5S6B6"
contig_5	cds	29331	30176	-	KK01_02695	yciV	"5'-3' exoribonuclease TrpH/YciV (RNase AM), contains PHP domain"	"COG:COG0613, COG:F, EC:3.1.3.97, KEGG:K07053, RefSeq:WP_003786171.1, SO:0001217, UniParc:UPI00020C69AC, UniRef:UniRef100_F5S6B5, UniRef:UniRef50_F5S6B5, UniRef:UniRef90_F5S6B5"
contig_5	cds	30339	31679	-	KK01_02700	der	Double Era-like domain GTPase Der	"COG:COG1160, COG:J, RefSeq:WP_019389073.1, SO:0001217, UniParc:UPI000305B954, UniRef:UniRef100_UPI000305B954, UniRef:UniRef50_V9HM75, UniRef:UniRef90_F5S6B4"
contig_5	cds	31785	32267	-	KK01_02705	lrp	"DNA-binding transcriptional regulator, Lrp family"	"COG:COG1522, COG:K, RefSeq:WP_032133631.1, SO:0001217, UniParc:UPI000421496D, UniRef:UniRef100_UPI000421496D, UniRef:UniRef50_V9H8S7, UniRef:UniRef90_F5S6B3"
contig_5	cds	32449	33633	+	KK01_02710	pilU	"Type IV pilus assembly protein, ATPase PilU"	"COG:COG5008, COG:NW, KEGG:K02670, SO:0001217, UniRef:UniRef50_A1K8L4, UniRef:UniRef90_F5S6B2"
contig_5	cds	33751	34503	+	KK01_02715	tauE	"Sulfite exporter TauE/SafE/YfcA and related permeases, UPF0721 family"	"COG:COG0730, COG:P, RefSeq:WP_019389076.1, SO:0001217, UniParc:UPI0002FC869D, UniRef:UniRef100_F5S6B1, UniRef:UniRef50_A0A448VP63, UniRef:UniRef90_F5S6B1"
contig_5	cds	34518	35048	+	KK01_02720	creA	Periplasmic catabolite regulation protein CreA (function unknown)	"COG:COG3045, COG:T, KEGG:K05805, RefSeq:WP_019389077.1, SO:0001217, UniParc:UPI00031EDE60, UniRef:UniRef100_UPI00031EDE60, UniRef:UniRef50_A0A1F1SEV8, UniRef:UniRef90_F5S6B0"
contig_5	cds	35058	35453	+	KK01_02725	hisI	phosphoribosyl-AMP cyclohydrolase	"RefSeq:WP_003790152.1, SO:0001217, UniParc:UPI00025845C8, UniRef:UniRef100_UPI00025845C8, UniRef:UniRef50_Q0K694, UniRef:UniRef90_UPI00025845C8"
contig_5	cds	35481	35810	+	KK01_02730	hisE	phosphoribosyl-ATP diphosphatase	"COG:COG0140, COG:E, RefSeq:WP_019389078.1, SO:0001217, UniParc:UPI000304619A, UniRef:UniRef100_UPI000304619A, UniRef:UniRef50_Q0AET9, UniRef:UniRef90_F5S6A8"
contig_5	cds	35882	36202	+	KK01_02735	hinT	"Purine nucleoside phosphoramidase/Ap4A hydrolase, histidine triade (HIT) family"	"COG:COG0537, COG:FR, RefSeq:WP_019389079.1, SO:0001217, UniParc:UPI00030B44F5, UniRef:UniRef100_UPI00030B44F5, UniRef:UniRef50_F0XVU5, UniRef:UniRef90_F5S6A7"
contig_5	cds	36254	36457	+	KK01_02740	tatA	Sec-independent protein translocase subunit TatA	"COG:COG1826, COG:U, RefSeq:WP_003786162.1, SO:0001217, UniParc:UPI00020C69A3, UniRef:UniRef100_F5S6A6, UniRef:UniRef50_Q5FA49, UniRef:UniRef90_F5S6A6"
contig_5	cds	36459	36965	+	KK01_02745	tatB	Sec-independent protein translocase protein TatB	"COG:COG1826, COG:U, KEGG:K03117, RefSeq:WP_032133635.1, SO:0001217, UniParc:UPI000416CEB9, UniRef:UniRef100_UPI000416CEB9, UniRef:UniRef50_F5S6A5, UniRef:UniRef90_F5S6A5"
contig_5	cds	36962	37726	+	KK01_02750	tatC	twin-arginine translocase subunit TatC	"COG:COG0805, COG:U, KEGG:K03118, RefSeq:WP_003786159.1, SO:0001217, UniParc:UPI00020C69A1, UniRef:UniRef100_F5S6A4, UniRef:UniRef50_A0A3D0LSD9, UniRef:UniRef90_F5S6A4"
contig_5	cds	37764	40139	-	KK01_02755	rnr	ribonuclease R	"COG:COG0557, COG:K, EC:3.1.13.1, KEGG:K12573, RefSeq:WP_019389081.1, SO:0001217, UniParc:UPI0003195CB3, UniRef:UniRef100_UPI0003195CB3, UniRef:UniRef50_A0A0C1GNW4, UniRef:UniRef90_A0A238TEX4"
contig_5	tRNA	40223	40309	+	KK01_02760	trnL	tRNA-Leu(cag)	SO:0000264
contig_5	cds	40835	41089	+	KK01_02765		Inner membrane protein	"SO:0001217, UniRef:UniRef50_F5S6A0, UniRef:UniRef90_F5S6A0"
contig_5	cds	41068	41319	+	KK01_02770		Transposase	"RefSeq:WP_026036209.1, SO:0001217, UniParc:UPI0002F30098, UniRef:UniRef100_UPI0002F30098, UniRef:UniRef50_F5S699, UniRef:UniRef90_F5S699"
contig_5	cds	41577	43493	+	KK01_02775		TonB-dep-Rec domain-containing protein	"RefSeq:WP_019389083.1, SO:0001217, UniParc:UPI000306D67C, UniRef:UniRef100_UPI000306D67C, UniRef:UniRef50_F5S697, UniRef:UniRef90_F5S697"
contig_5	cds	43530	44504	+	KK01_02780	tauA	"ABC-type nitrate/sulfonate/bicarbonate transport system, periplasmic component"	"COG:COG0715, COG:P, RefSeq:WP_019389084.1, SO:0001217, UniParc:UPI0002D8F5D5, UniRef:UniRef100_UPI0002D8F5D5, UniRef:UniRef50_E1W3M8, UniRef:UniRef90_F5S696"
contig_5	cds	44582	45379	+	KK01_02785	tauC	"ABC-type nitrate/sulfonate/bicarbonate transport system, permease component"	"COG:COG0600, COG:P, RefSeq:WP_019389085.1, SO:0001217, UniParc:UPI0002F509BB, UniRef:UniRef100_UPI0002F509BB, UniRef:UniRef50_E1W3M7, UniRef:UniRef90_F5S695"
contig_5	cds	45380	46072	+	KK01_02790	tauB	"ABC-type nitrate/sulfonate/bicarbonate transport system, ATPase component"	"COG:COG1116, COG:P, RefSeq:WP_019389086.1, SO:0001217, UniParc:UPI00031F090B, UniRef:UniRef100_UPI00031F090B, UniRef:UniRef50_A0A377QXG3, UniRef:UniRef90_F5S694"
contig_5	cds	46065	47186	+	KK01_02795	nnrS	Nitric oxide response protein NnrS	"COG:COG3213, COG:T, KEGG:K07234, RefSeq:WP_019389087.1, SO:0001217, UniParc:UPI0003180646, UniRef:UniRef100_UPI0003180646, UniRef:UniRef50_E1W3M5, UniRef:UniRef90_F5S693"
contig_5	cds	47220	47999	-	KK01_02800	fpr	Flavodoxin/ferredoxin--NADP reductase	"COG:C, COG:COG1018, RefSeq:WP_019389088.1, SO:0001217, UniParc:UPI0002D5A61E, UniRef:UniRef100_UPI0002D5A61E, UniRef:UniRef50_X5EQX8, UniRef:UniRef90_F5S692"
contig_5	cds	48078	48365	-	KK01_02805	yfaE	class I ribonucleotide reductase maintenance protein YfaE	"COG:C, COG:COG0633, KEGG:K11107, RefSeq:WP_003786137.1, SO:0001217, UniParc:UPI00020C6994, UniRef:UniRef100_F5S691, UniRef:UniRef50_A0A376BVZ3, UniRef:UniRef90_F5S691"
contig_5	cds	48362	48850	-	KK01_02810	nemA	NemA protein	"RefSeq:WP_019389089.1, SO:0001217, UniParc:UPI0003016AAC, UniRef:UniRef100_UPI0003016AAC, UniRef:UniRef50_F0EX61, UniRef:UniRef90_F5S690"
contig_5	cds	49122	50372	-	KK01_02815	proA	glutamate-5-semialdehyde dehydrogenase	"COG:COG0014, COG:E, RefSeq:WP_003786133.1, SO:0001217, UniParc:UPI00020C6991, UniRef:UniRef100_F5S688, UniRef:UniRef50_Q3SG61, UniRef:UniRef90_F5S688"
contig_5	cds	50455	51951	-	KK01_02820	herA	"Archaeal DNA helicase HerA or a related bacterial ATPase, contains HAS-barrel and ATPase domains"	"COG:COG0433, COG:L, RefSeq:WP_019389091.1, SO:0001217, UniParc:UPI00031A7773, UniRef:UniRef100_UPI00031A7773, UniRef:UniRef50_P39342, UniRef:UniRef90_F5S687"
contig_5	cds	52002	52349	-	KK01_02825		EF-hand domain-containing protein	"RefSeq:WP_003786130.1, SO:0001217, UniParc:UPI00020C698F, UniRef:UniRef100_F5S686, UniRef:UniRef50_F5S686, UniRef:UniRef90_F5S686"
contig_5	cds	52352	53716	-	KK01_02830	pmbA	metalloprotease PmbA	"COG:COG0312, COG:R, SO:0001217, UniRef:UniRef50_V7IDM2, UniRef:UniRef90_F5S685"
contig_5	cds	53825	54349	+	KK01_02835	yjgA	DUF615 domain-containing protein	"COG:COG3028, COG:J, KEGG:K09889, RefSeq:WP_019389093.1, SO:0001217, UniParc:UPI000312B611, UniRef:UniRef100_UPI000312B611, UniRef:UniRef50_Q9JZZ2, UniRef:UniRef90_F5S684"
contig_5	cds	54387	55217	+	KK01_02840	hisJ	"ABC-type amino acid transport/signal transduction system, periplasmic component/domain"	"COG:COG0834, COG:ET, RefSeq:WP_019389094.1, SO:0001217, UniParc:UPI0002E8705D, UniRef:UniRef100_UPI0002E8705D, UniRef:UniRef50_F5S683, UniRef:UniRef90_F5S683"
contig_5	cds	55331	56422	+	KK01_02845	mnmA	tRNA 2-thiouridine(34) synthase MnmA	"COG:COG0482, COG:J, RefSeq:WP_019389095.1, SO:0001217, UniParc:UPI000382B9B4, UniRef:UniRef100_UPI000382B9B4, UniRef:UniRef50_Q47AW0, UniRef:UniRef90_F5S682"
contig_5	cds	56440	58074	+	KK01_02850		Twin-arginine translocation pathway signal	"RefSeq:WP_019389096.1, SO:0001217, UniParc:UPI0002DACBE6, UniRef:UniRef100_UPI0002DACBE6, UniRef:UniRef50_A0A238TC82, UniRef:UniRef90_F5S681"
contig_5	cds	58127	58975	+	KK01_02855	wcaA	Glycosyltransferase involved in cell wall bisynthesis	"COG:COG0463, COG:M, RefSeq:WP_003786119.1, SO:0001217, UniParc:UPI00020C64C2, UniRef:UniRef100_F5S680, UniRef:UniRef50_F5S680, UniRef:UniRef90_F5S680"
contig_5	cds	59041	59766	-	KK01_02860	yqjQ	SDR family oxidoreductase	"COG:COG0300, COG:R, RefSeq:WP_019389098.1, SO:0001217, UniParc:UPI0002FF8884, UniRef:UniRef100_UPI0002FF8884, UniRef:UniRef50_A0A1A9RIZ3, UniRef:UniRef90_F5S679"
contig_5	cds	59796	61076	-	KK01_02865	hpnE	hydroxysqualene dehydroxylase HpnE	"COG:COG2907, COG:R, RefSeq:WP_019389099.1, SO:0001217, UniParc:UPI0002EADFDC, UniRef:UniRef100_UPI0002EADFDC, UniRef:UniRef50_A0A238TCJ1, UniRef:UniRef90_F5S678"
contig_5	cds	61073	61924	-	KK01_02870	hpnD	presqualene diphosphate synthase HpnD	"COG:COG1562, COG:I, RefSeq:WP_019389100.1, SO:0001217, UniParc:UPI000379EE9B, UniRef:UniRef100_UPI000379EE9B, UniRef:UniRef50_C0DWY6, UniRef:UniRef90_F5S677"
contig_5	cds	62177	62869	-	KK01_02875	gph	phosphoglycolate phosphatase	"COG:C, COG:COG0546, RefSeq:WP_003786112.1, SO:0001217, UniParc:UPI00020C64BE, UniRef:UniRef100_F5S676, UniRef:UniRef50_Q7NW10, UniRef:UniRef90_F5S676"
contig_5	cds	62866	63909	-	KK01_02880	yrpB	"NAD(P)H-dependent flavin oxidoreductase YrpB, nitropropane dioxygenase family"	"COG:COG2070, COG:R, SO:0001217, UniRef:UniRef50_F5S675, UniRef:UniRef90_F5S675"
contig_5	cds	63974	64924	-	KK01_02885	ttcA	tRNA 2-thiocytidine(32) synthetase TtcA	"COG:COG0037, COG:J, RefSeq:WP_003786110.1, SO:0001217, UniParc:UPI00020C64BC, UniRef:UniRef100_F5S674, UniRef:UniRef50_B2T6U6, UniRef:UniRef90_F5S674"
contig_5	cds	65119	65520	-	KK01_02890	cpxP	"Periplasmic chaperone Spy, Spy/CpxP family"	"COG:COG3678, COG:O, RefSeq:WP_019389101.1, SO:0001217, UniParc:UPI0002EDD17F, UniRef:UniRef100_UPI0002EDD17F, UniRef:UniRef50_F5S673, UniRef:UniRef90_F5S673"
contig_5	cds	65596	66270	+	KK01_02895	rpe	ribulose-phosphate 3-epimerase	"COG:COG0036, COG:G, EC:5.1.3.1, KEGG:K01783, RefSeq:WP_003786108.1, SO:0001217, UniParc:UPI00020C64BA, UniRef:UniRef100_F5S672, UniRef:UniRef50_C0DTF0, UniRef:UniRef90_F5S672"
contig_5	cds	66311	67057	+	KK01_02900	rlmB	23S rRNA (guanosine(2251)-2'-O)-methyltransferase RlmB	"COG:COG0566, COG:J, RefSeq:WP_019389102.1, SO:0001217, UniParc:UPI00030AF77E, UniRef:UniRef100_UPI00030AF77E, UniRef:UniRef50_Q9KNY2, UniRef:UniRef90_F5S671"
contig_5	cds	67121	67360	+	KK01_02905	fis	Fis family transcriptional regulator	"COG:COG2901, COG:K, RefSeq:WP_003786106.1, SO:0001217, UniParc:UPI00020C64B8, UniRef:UniRef100_F5S670, UniRef:UniRef50_P64130, UniRef:UniRef90_F5S670"
contig_5	cds	67447	68169	+	KK01_02910		DNA topoisomerase	"SO:0001217, UniRef:UniRef50_F5S669, UniRef:UniRef90_F5S669"
contig_5	cds	68219	69796	+	KK01_02915	purH	bifunctional phosphoribosylaminoimidazolecarboxamide formyltransferase/IMP cyclohydrolase	"COG:COG0138, COG:F, EC:2.1.2.3, EC:3.5.4.10, KEGG:K00602, RefSeq:WP_019389104.1, SO:0001217, UniParc:UPI0002D722FF, UniRef:UniRef100_UPI0002D722FF, UniRef:UniRef50_Q9JZM7, UniRef:UniRef90_V9H8K9"
contig_5	cds	70041	71069	+	KK01_02920		Lipoprot-C domain-containing protein	"SO:0001217, UniRef:UniRef50_F5S667, UniRef:UniRef90_F5S667"
contig_5	cds	71370	72821	+	KK01_02925		Outer membrane protein	"RefSeq:WP_019389107.1, SO:0001217, UniParc:UPI0003061D34, UniRef:UniRef100_UPI0003061D34, UniRef:UniRef50_F5S666, UniRef:UniRef90_F5S666"
contig_5	cds	72924	75617	+	KK01_02930	glnE	bifunctional [glutamate--ammonia ligase]-adenylyl-L-tyrosine phosphorylase/[glutamate--ammonia-ligase] adenylyltransferase	"COG:COG1391, COG:O, EC:2.7.7.42, EC:2.7.7.89, KEGG:K00982, SO:0001217, UniRef:UniRef50_Q9K1D5, UniRef:UniRef90_F5S665"
contig_5	cds	76021	76872	+	KK01_02935		"Uncharacterized protein, contains GH25 family domain"	"COG:COG5266, COG:R, SO:0001217, UniRef:UniRef50_X2JW66, UniRef:UniRef90_F5S664"
contig_5	cds	76966	78306	-	KK01_02940	nCS2	"Xanthine/guanine/uracil/vitamin C permease GhxP/GhxQ, nucleobase:cation symporter 2 ( NCS2) family"	"COG:COG2252, COG:F, RefSeq:WP_038315959.1, SO:0001217, UniParc:UPI0004144AA5, UniRef:UniRef100_UPI0004144AA5, UniRef:UniRef50_V9H7J3, UniRef:UniRef90_F5S663"
contig_5	cds	78525	79190	+	KK01_02945	dsbD	"Uncharacterized membrane protein, DsbD domain"	"COG:COG2836, COG:S, RefSeq:WP_019389111.1, SO:0001217, UniParc:UPI0002DCEC06, UniRef:UniRef100_UPI0002DCEC06, UniRef:UniRef50_C0DTY4, UniRef:UniRef90_F5S661"
contig_5	cds	79239	81890	+	KK01_02950	pepN	aminopeptidase N	"COG:COG0308, COG:E, RefSeq:WP_019389112.1, SO:0001217, UniParc:UPI0002E5844E, UniRef:UniRef100_UPI0002E5844E, UniRef:UniRef50_A0A286EIS0, UniRef:UniRef90_F5S660"
contig_5	cds	82004	83914	+	KK01_02955	abc-f	ABC-F type ribosomal protection protein	"COG:COG0488, COG:R, RefSeq:WP_019389113.1, SO:0001217, UniParc:UPI0001829D1D, UniRef:UniRef100_B6SE65, UniRef:UniRef50_A0A0N0XN01, UniRef:UniRef90_A0A1W1U8E0"
contig_5	cds	84251	88330	+	KK01_02960	pilC1	PilC1	"RefSeq:WP_019389114.1, SO:0001217, UniParc:UPI0002EF3340, UniRef:UniRef100_B6SE66, UniRef:UniRef50_B6SE66, UniRef:UniRef90_B6SE66"
contig_6	cds	439	1326	-	KK01_02965	nnr2	"NAD(P)H-hydrate repair enzyme Nnr, NAD(P)H-hydrate dehydratase domain"	"COG:COG0063, COG:F, RefSeq:WP_003785943.1, SO:0001217, UniParc:UPI00020C6D82, UniRef:UniRef100_F5S5W4, UniRef:UniRef50_F0F2R7, UniRef:UniRef90_F5S5W4"
contig_6	cds	1476	2237	+	KK01_02970	plsC	1-acyl-sn-glycerol-3-phosphate acyltransferase	"COG:COG0204, COG:I, RefSeq:WP_019389188.1, SO:0001217, UniParc:UPI0002D702F5, UniRef:UniRef100_UPI0002D702F5, UniRef:UniRef50_A0A238HIU7, UniRef:UniRef90_F5S5W5"
contig_6	cds	2455	3228	+	KK01_02975	xth	exodeoxyribonuclease III	"COG:COG0708, COG:L, RefSeq:WP_019389187.1, SO:0001217, UniParc:UPI000300340C, UniRef:UniRef100_UPI000300340C, UniRef:UniRef50_D4DPK4, UniRef:UniRef90_F5S5W6"
contig_6	cds	3246	3749	+	KK01_02980		Serine hydrolase family protein	"RefSeq:WP_019389186.1, SO:0001217, UniParc:UPI0002FCAB4F, UniRef:UniRef100_UPI0002FCAB4F, UniRef:UniRef50_F5S5W7, UniRef:UniRef90_F5S5W7"
contig_6	cds	3763	4485	-	KK01_02985	rsmE	16S rRNA (uracil(1498)-N(3))-methyltransferase	"COG:COG1385, COG:J, EC:2.1.1.193, KEGG:K09761, RefSeq:WP_019389185.1, SO:0001217, UniParc:UPI0002ED8953, UniRef:UniRef100_UPI0002ED8953, UniRef:UniRef50_G4CTT9, UniRef:UniRef90_F5S5W8"
contig_6	cds	4542	5336	+	KK01_02990	suhB	"Archaeal fructose-1,6-bisphosphatase or related enzyme, inositol monophosphatase family"	"COG:COG0483, COG:G, EC:3.1.3.25, KEGG:K01092, RefSeq:WP_003785948.1, SO:0001217, UniParc:UPI00020C6D87, UniRef:UniRef100_F5S5W9, UniRef:UniRef50_Q7P148, UniRef:UniRef90_F5S5W9"
contig_6	cds	5402	5827	+	KK01_02995	queD	6-carboxytetrahydropterin synthase QueD	"COG:COG0720, COG:H, EC:4.1.2.50, EC:4.2.3.12, KEGG:K01737, RefSeq:WP_003785949.1, SO:0001217, UniParc:UPI00020C6D88, UniRef:UniRef100_F5S5X0, UniRef:UniRef50_B8F6L4, UniRef:UniRef90_F5S5X0"
contig_6	cds	5824	6444	+	KK01_03000	queE	Organic radical activating enzyme NrdG/QueE	"COG:COG0602, COG:H, EC:4.3.99.3, KEGG:K10026, RefSeq:WP_019389184.1, SO:0001217, UniParc:UPI0002D2F20F, UniRef:UniRef100_UPI0002D2F20F, UniRef:UniRef50_F5S5X1, UniRef:UniRef90_F5S5X1"
contig_6	cds	6674	7747	+	KK01_03005	tsaD	tRNA (adenosine(37)-N6)-threonylcarbamoyltransferase complex transferase subunit TsaD	"COG:COG0533, COG:J, EC:2.3.1.234, KEGG:K25706, RefSeq:WP_019389183.1, SO:0001217, UniParc:UPI0002F87333, UniRef:UniRef100_UPI0002F87333, UniRef:UniRef50_A2SFL8, UniRef:UniRef90_F5S5X2"
contig_6	cds	7831	8007	+	KK01_03010		hypothetical protein	
contig_6	cds	8031	9338	+	KK01_03015	gltP	Na+/H+-dicarboxylate symporter	"COG:C, COG:COG1301, KEGG:K11103, RefSeq:WP_019389181.1, SO:0001217, UniParc:UPI000307CCBE, UniRef:UniRef100_UPI000307CCBE, UniRef:UniRef50_A1BBD2, UniRef:UniRef90_F5S5X4"
contig_6	cds	9418	10611	-	KK01_03020	dacC	D-alanyl-D-alanine carboxypeptidase	"COG:COG1686, COG:M, RefSeq:WP_019389180.1, SO:0001217, UniParc:UPI00036CBAF7, UniRef:UniRef100_UPI00036CBAF7, UniRef:UniRef50_A0A5Q3S115, UniRef:UniRef90_F5S5X5"
contig_6	cds	10791	12326	+	KK01_03025	ilvA	"threonine ammonia-lyase, biosynthetic"	"COG:COG1171, COG:E, RefSeq:WP_026036219.1, SO:0001217, UniParc:UPI000313EF50, UniRef:UniRef100_UPI000313EF50, UniRef:UniRef50_P53607, UniRef:UniRef90_F5S5X6"
contig_6	cds	12424	12858	+	KK01_03030	ndk	nucleoside-diphosphate kinase	"COG:COG0105, COG:F, RefSeq:WP_019389178.1, SO:0001217, UniParc:UPI0002DCE8E6, UniRef:UniRef100_UPI0002DCE8E6, UniRef:UniRef50_A5F3F7, UniRef:UniRef90_F5S5X7"
contig_6	cds	13016	14110	+	KK01_03035	rlmN	23S rRNA (adenine(2503)-C(2))-methyltransferase RlmN	"COG:COG0820, COG:J, EC:2.1.1.192, KEGG:K06941, RefSeq:WP_019389177.1, SO:0001217, UniParc:UPI0003190073, UniRef:UniRef100_UPI0003190073, UniRef:UniRef50_Q7NS85, UniRef:UniRef90_C4GFD6"
contig_6	cds	14107	14907	+	KK01_03040	pilW	type IV pilus biogenesis/stability protein PilW	"COG:COG3063, COG:NW, RefSeq:WP_003785960.1, SO:0001217, UniParc:UPI00020C5A2F, UniRef:UniRef100_F5S5X9, UniRef:UniRef50_V9HBB4, UniRef:UniRef90_F5S5X9"
contig_6	cds	14907	15773	+	KK01_03045	rodZ	DUF4115 domain-containing protein	"COG:COG1426, COG:D, KEGG:K15539, RefSeq:WP_019389176.1, SO:0001217, UniParc:UPI00030CD9A9, UniRef:UniRef100_UPI00030CD9A9, UniRef:UniRef50_F5S5Y0, UniRef:UniRef90_F5S5Y0"
contig_6	cds	15845	17110	+	KK01_03050	ispG	flavodoxin-dependent (E)-4-hydroxy-3-methylbut-2-enyl-diphosphate synthase	"COG:COG0821, COG:I, RefSeq:WP_019389175.1, SO:0001217, UniParc:UPI0003711310, UniRef:UniRef100_UPI0003711310, UniRef:UniRef50_Q72H18, UniRef:UniRef90_A0A3P2A676"
contig_6	cds	17145	17282	+	KK01_03055		hypothetical protein	
contig_6	cds	17287	17415	+	KK01_03060		hypothetical protein	
contig_6	cds	17480	18397	-	KK01_03065	rluA	"Pseudouridine synthase RluA, 23S rRNA- or tRNA-specific"	"COG:COG0564, COG:J, RefSeq:WP_019389174.1, SO:0001217, UniParc:UPI0002D928D9, UniRef:UniRef100_UPI0002D928D9, UniRef:UniRef50_A1KTA8, UniRef:UniRef90_F5S5Y3"
contig_6	cds	18868	19104	-	KK01_03070		Porin	"RefSeq:WP_019389172.1, SO:0001217, UniParc:UPI0002FF7ABC, UniRef:UniRef100_UPI0002FF7ABC, UniRef:UniRef50_F5S5Y5, UniRef:UniRef90_F5S5Y5"
contig_6	cds	19134	23021	-	KK01_03075	purL	phosphoribosylformylglycinamidine synthase	"COG:COG0047, COG:F, RefSeq:WP_019389171.1, SO:0001217, UniParc:UPI0002E8DEAD, UniRef:UniRef100_UPI0002E8DEAD, UniRef:UniRef50_Q9PDF6, UniRef:UniRef90_V9HLX5"
contig_6	cds	23159	23950	+	KK01_03080	panB	3-methyl-2-oxobutanoate hydroxymethyltransferase	"COG:COG0413, COG:H, RefSeq:WP_019389170.1, SO:0001217, UniParc:UPI0002DA054F, UniRef:UniRef100_UPI0002DA054F, UniRef:UniRef50_Q9JZW6, UniRef:UniRef90_F5S5Y7"
contig_6	cds	24005	25246	-	KK01_03085	cca	multifunctional CCA addition/repair protein	"COG:COG0617, COG:J, RefSeq:WP_019389169.1, SO:0001217, UniParc:UPI0002ECFE1D, UniRef:UniRef100_UPI0002ECFE1D, UniRef:UniRef50_Q82U82, UniRef:UniRef90_F5S5Y8"
contig_6	cds	25446	26687	-	KK01_03090	amiC	N-acetylmuramoyl-L-alanine amidase	"COG:COG0860, COG:M, EC:3.5.1.28, KEGG:K01448, RefSeq:WP_019389168.1, SO:0001217, UniParc:UPI00031383E8, UniRef:UniRef100_UPI00031383E8, UniRef:UniRef50_F5S5Y9, UniRef:UniRef90_F5S5Y9"
contig_6	cds	26675	27130	-	KK01_03095	tsaE	tRNA (adenosine(37)-N6)-threonylcarbamoyltransferase complex ATPase subunit type 1 TsaE	"COG:COG0802, COG:J, RefSeq:WP_003785972.1, SO:0001217, UniParc:UPI00020C5A3A, UniRef:UniRef100_F5S5Z0, UniRef:UniRef50_F5S5Z0, UniRef:UniRef90_F5S5Z0"
contig_6	cds	27214	28074	-	KK01_03100	purC	phosphoribosylaminoimidazolesuccinocarboxamide synthase	"COG:COG0152, COG:F, RefSeq:WP_019389167.1, SO:0001217, UniParc:UPI00031FCFA0, UniRef:UniRef100_UPI00031FCFA0, UniRef:UniRef50_Q222U2, UniRef:UniRef90_F5S5Z1"
contig_6	cds	28197	30221	-	KK01_03105	yebA	"Transglutaminase-like enzyme, putative cysteine protease"	"COG:COG1305, COG:O, SO:0001217, UniRef:UniRef50_A0A376BVJ5, UniRef:UniRef90_UPI001E473B72"
contig_6	cds	30273	30767	-	KK01_03110	ilvN	acetolactate synthase small subunit	"COG:COG0440, COG:E, EC:2.2.1.6, KEGG:K01653, SO:0001217, UniParc:UPI00020C5A3D, UniRef:UniRef100_F5S5Z3, UniRef:UniRef50_Q82UZ2, UniRef:UniRef90_F5S5Z3"
contig_6	cds	30764	32548	-	KK01_03115	ilvB	biosynthetic-type acetolactate synthase large subunit	"COG:COG0028, COG:EH, EC:2.2.1.6, KEGG:K01652, RefSeq:WP_019389165.1, SO:0001217, UniParc:UPI0002E10A55, UniRef:UniRef100_UPI0002E10A55, UniRef:UniRef50_P45261, UniRef:UniRef90_F5S5Z4"
contig_6	cds	32910	33380	+	KK01_03120	pilE	Type IV pilus assembly protein PilE	"COG:COG4968, COG:NW, KEGG:K02655, RefSeq:WP_019389164.1, SO:0001217, UniParc:UPI00031EAE9A, UniRef:UniRef100_UPI00031EAE9A, UniRef:UniRef50_F5S5Z6, UniRef:UniRef90_F5S5Z6"
contig_6	cds	33468	34571	-	KK01_03125	caiA	Acyl-CoA dehydrogenase related to the alkylation response protein AidB	"COG:COG1960, COG:I, RefSeq:WP_019389163.1, SO:0001217, UniParc:UPI00037B073D, UniRef:UniRef100_UPI00037B073D, UniRef:UniRef50_V9HM53, UniRef:UniRef90_F5S5Z7"
contig_6	cds	34689	35888	-	KK01_03130	hisC	histidinol-phosphate transaminase	"COG:COG0079, COG:E, EC:2.6.1.9, KEGG:K00817, RefSeq:WP_019389162.1, SO:0001217, UniParc:UPI0002D6521C, UniRef:UniRef100_UPI0002D6521C, UniRef:UniRef50_F5S5Z8, UniRef:UniRef90_F5S5Z8"
contig_6	cds	36037	36984	+	KK01_03135	thrB	homoserine kinase	"COG:COG2334, COG:T, EC:2.7.1.39, KEGG:K02204, RefSeq:WP_019389161.1, SO:0001217, UniParc:UPI0002E52C19, UniRef:UniRef100_UPI0002E52C19, UniRef:UniRef50_Q9JWE5, UniRef:UniRef90_F5S5Z9"
contig_6	cds	37208	38002	+	KK01_03140	ssuB	Aliphatic sulfonates ABC superfamily ATP binding cassette transporter SsuB	"RefSeq:WP_019389160.1, SO:0001217, UniParc:UPI0002DA63D8, UniRef:UniRef100_UPI0002DA63D8, UniRef:UniRef50_A0A448T787, UniRef:UniRef90_F5S601"
contig_6	cds	38085	39251	+	KK01_03145		Twin-arginine translocation signal domain-containing protein	"SO:0001217, UniRef:UniRef50_A0A448D9U8, UniRef:UniRef90_F5S602"
contig_6	cds	39370	40041	+	KK01_03150	tauC	"ABC-type nitrate/sulfonate/bicarbonate transport system, permease component"	"COG:COG0600, COG:P, RefSeq:WP_230470915.1, SO:0001217, UniParc:UPI001E5F1956, UniRef:UniRef100_UPI001E5F1956, UniRef:UniRef50_A0A840Y1S4, UniRef:UniRef90_F5S605"
contig_6	cds	40184	40816	+	KK01_03155	rsmG	16S rRNA (guanine(527)-N(7))-methyltransferase RsmG	"COG:COG0357, COG:J, RefSeq:WP_003790015.1, SO:0001217, UniParc:UPI0002585057, UniRef:UniRef100_UPI0002585057, UniRef:UniRef50_G4CN59, UniRef:UniRef90_F0EW71"
contig_6	cds	40819	41580	+	KK01_03160	parA	ParA-like ATPase involved in chromosome/plasmid partitioning or cellulose biosynthesis protein BcsQ	"COG:COG1192, COG:DN, KEGG:K03496, SO:0001217, UniRef:UniRef50_A0A853SX10, UniRef:UniRef90_F5S607"
contig_6	cds	41637	41888	+	KK01_03165		Glycerophosphodiester phosphodiesterase	"RefSeq:WP_019389155.1, SO:0001217, UniParc:UPI0002D872E4, UniRef:UniRef100_UPI0002D872E4, UniRef:UniRef50_F5S608, UniRef:UniRef90_F5S608"
contig_6	cds	42164	42811	-	KK01_03170	pyrE	Orotate phosphoribosyltransferase	"COG:COG0461, COG:F, RefSeq:WP_019389153.1, SO:0001217, UniParc:UPI00031F2F2D, UniRef:UniRef100_UPI00031F2F2D, UniRef:UniRef50_A4G1L0, UniRef:UniRef90_F5S610"
contig_6	cds	42887	43837	-	KK01_03175	ceuC	"ABC-type enterochelin transport system, permease component"	"COG:COG4605, COG:P, RefSeq:WP_003790022.1, SO:0001217, UniParc:UPI000258505A, UniRef:UniRef100_UPI000258505A, UniRef:UniRef50_V9HK69, UniRef:UniRef90_A0A238TD44"
contig_6	cds	44195	45157	-	KK01_03180	ceuB	"ABC-type enterochelin transport system, permease component"	"COG:COG4606, COG:P, RefSeq:WP_060537059.1, SO:0001217, UniParc:UPI000706D94D, UniRef:UniRef100_UPI000706D94D, UniRef:UniRef50_V9H5T2, UniRef:UniRef90_F5S613"
contig_6	cds	45256	46275	-	KK01_03185	ceuA	"ABC-type enterochelin transport system, periplasmic component"	"COG:COG4607, COG:P, SO:0001217, UniRef:UniRef50_V9HLW2, UniRef:UniRef90_F5S614"
contig_6	cds	46387	48429	-	KK01_03190	cirA	"Outer membrane receptor protein, Fe transport"	"COG:COG1629, COG:P, SO:0001217, UniRef:UniRef50_A0A1T0CT24, UniRef:UniRef90_F5S615"
contig_6	cds	48640	50049	+	KK01_03195	pepB	leucyl aminopeptidase	"COG:COG0260, COG:E, EC:3.4.11.1, KEGG:K01255, RefSeq:WP_019389149.1, SO:0001217, UniParc:UPI0002E733D4, UniRef:UniRef100_UPI0002E733D4, UniRef:UniRef50_Q9JTI8, UniRef:UniRef90_F5S616"
contig_6	cds	50219	51139	-	KK01_03200	rfbD	dTDP-4-dehydrorhamnose reductase	"COG:COG1091, COG:M, SO:0001217, UniRef:UniRef50_A0A1R4LL12, UniRef:UniRef90_F5S617"
contig_6	cds	51157	52026	-	KK01_03205	rfbA	glucose-1-phosphate thymidylyltransferase RfbA	"COG:COG1209, COG:M, EC:2.7.7.24, KEGG:K00973, SO:0001217, UniRef:UniRef50_A0A2E0IXK2, UniRef:UniRef90_F5S618"
contig_6	cds	52110	52652	+	KK01_03210	rfbC	"dTDP-4-dehydrorhamnose 3,5-epimerase"	"COG:COG1898, COG:M, EC:5.1.3.13, KEGG:K01790, SO:0001217, UniRef:UniRef50_A0A1B3WN06, UniRef:UniRef90_F5S619"
contig_6	cds	52729	53283	+	KK01_03215	rsuA	"Pseudouridylate synthase RsuA, specific for 16S rRNA U516 and 23S rRNA U2605"	"COG:COG1187, COG:J, SO:0001217, UniRef:UniRef50_G4CR76, UniRef:UniRef90_F5S620"
contig_6	cds	53409	53972	+	KK01_03220		hypothetical protein	"SO:0001217, UniRef:UniRef50_UPI000381698B, UniRef:UniRef90_UPI000381698B"
contig_6	cds	54046	55752	+	KK01_03225	argS	arginine--tRNA ligase	"COG:COG0018, COG:J, EC:6.1.1.19, KEGG:K01887, RefSeq:WP_019389143.1, SO:0001217, UniParc:UPI0002E18D0B, UniRef:UniRef100_UPI0002E18D0B, UniRef:UniRef50_B4RL22, UniRef:UniRef90_F5S622"
contig_6	cds	56083	56928	+	KK01_03230		"Amino acid ABC superfamily ATP binding cassette transporter, binding protein"	"RefSeq:WP_230311299.1, SO:0001217, UniParc:UPI000706A229, UniRef:UniRef100_UPI000706A229, UniRef:UniRef50_A0A238HDE7, UniRef:UniRef90_F5S624"
contig_6	cds	57106	57552	-	KK01_03235	exbD	Biopolymer transport protein ExbD	"COG:COG0848, COG:U, RefSeq:WP_003786034.1, SO:0001217, UniParc:UPI00020C5F5C, UniRef:UniRef100_F5S626, UniRef:UniRef50_P0A0R8, UniRef:UniRef90_F5S626"
contig_6	cds	57556	58215	-	KK01_03240	tolQ	Biopolymer transport protein ExbB/TolQ	"COG:COG0811, COG:U, RefSeq:WP_019389141.1, SO:0001217, UniParc:UPI000365EACA, UniRef:UniRef100_UPI000365EACA, UniRef:UniRef50_P64099, UniRef:UniRef90_F5S627"
contig_6	cds	58277	59206	-	KK01_03245	tonB	"Periplasmic protein TonB, links inner and outer membranes"	"COG:COG0810, COG:M, KEGG:K03832, RefSeq:WP_019389140.1, SO:0001217, UniParc:UPI0003702F03, UniRef:UniRef100_UPI0003702F03, UniRef:UniRef50_C4GH18, UniRef:UniRef90_F5S628"
contig_6	cds	59519	60049	+	KK01_03250	ppa	Inorganic pyrophosphatase	"COG:C, COG:COG0221, RefSeq:WP_019389138.1, SO:0001217, UniParc:UPI0003157CB2, UniRef:UniRef100_UPI0003157CB2, UniRef:UniRef50_Q9K0G4, UniRef:UniRef90_V9HD03"
contig_6	cds	60179	61588	+	KK01_03255	dnaB	replicative DNA helicase	"COG:COG0305, COG:L, RefSeq:WP_019389137.1, SO:0001217, UniParc:UPI0003166616, UniRef:UniRef100_UPI0003166616, UniRef:UniRef50_A0A536UD20, UniRef:UniRef90_F5S630"
contig_6	cds	61622	62341	+	KK01_03260		GspH/FimT family pseudopilin	"SO:0001217, UniRef:UniRef50_UPI0003FAA421, UniRef:UniRef90_UPI0003FAA421"
contig_6	cds	62368	62982	+	KK01_03265	pilV	type IV pilus modification protein PilV	"COG:COG4967, COG:NW, KEGG:K02671, RefSeq:WP_038303570.1, SO:0001217, UniParc:UPI0004298F88, UniRef:UniRef100_UPI0004298F88, UniRef:UniRef50_F0EW27, UniRef:UniRef90_F5S632"
contig_6	cds	63003	64067	+	KK01_03270	pilW	Type IV pilus assembly protein PilW	"COG:COG4966, COG:NW, KEGG:K02672, RefSeq:WP_019389134.1, SO:0001217, UniParc:UPI0002F6AD74, UniRef:UniRef100_UPI0002F6AD74, UniRef:UniRef50_F5S633, UniRef:UniRef90_F5S633"
contig_6	cds	64101	64709	+	KK01_03275	pilX	Type IV pilus assembly protein PilX	"COG:COG4726, COG:NW, KEGG:K02673, RefSeq:WP_003786044.1, SO:0001217, UniParc:UPI00020C5F64, UniRef:UniRef100_F5S634, UniRef:UniRef50_F5S634, UniRef:UniRef90_F5S634"
contig_6	cds	64752	65201	+	KK01_03280	pilE	Type IV pilus assembly protein PilE	"COG:COG4968, COG:NW, KEGG:K02655, SO:0001217, UniRef:UniRef50_F5S635, UniRef:UniRef90_F5S635"
contig_6	cds	65325	66989	+	KK01_03285	menE	O-succinylbenzoic acid-CoA ligase MenE or related acyl-CoA synthetase (AMP-forming)	"COG:COG0318, COG:I, RefSeq:WP_019389132.1, SO:0001217, UniParc:UPI000319FEA3, UniRef:UniRef100_UPI000319FEA3, UniRef:UniRef50_P46450, UniRef:UniRef90_F5S636"
contig_6	cds	67069	68166	+	KK01_03290	aroC	chorismate synthase	"COG:COG0082, COG:E, RefSeq:WP_019389131.1, SO:0001217, UniParc:UPI00037242C1, UniRef:UniRef100_UPI00037242C1, UniRef:UniRef50_Q2RR25, UniRef:UniRef90_V9H7M0"
contig_6	cds	68341	69639	-	KK01_03295	tyrS	tyrosine--tRNA ligase	"COG:COG0162, COG:J, RefSeq:WP_026036217.1, SO:0001217, UniParc:UPI00047518AB, UniRef:UniRef100_UPI00047518AB, UniRef:UniRef50_Q9JXY5, UniRef:UniRef90_F5S638"
contig_6	cds	69711	70340	-	KK01_03300	yihA	ribosome biogenesis GTP-binding protein YihA/YsxC	"COG:COG0218, COG:D, RefSeq:WP_019389129.1, SO:0001217, UniParc:UPI000308C3A9, UniRef:UniRef100_UPI000308C3A9, UniRef:UniRef50_Q9JY03, UniRef:UniRef90_F5S639"
contig_6	cds	70483	71112	+	KK01_03305	cytC553	Cytochrome c553	"COG:C, COG:COG2863, RefSeq:WP_003786055.1, SO:0001217, UniParc:UPI00020C5F6A, UniRef:UniRef100_F5S640, UniRef:UniRef50_V9HMZ2, UniRef:UniRef90_F5S640"
contig_6	cds	71187	71498	+	KK01_03310	vgrG	Type VI secretion system tip protein VgrG	"RefSeq:WP_003786058.1, SO:0001217, UniParc:UPI00020C5F6B, UniRef:UniRef100_F5S641, UniRef:UniRef50_V9HMC9, UniRef:UniRef90_F5S641"
contig_6	cds	71565	72950	-	KK01_03315	srmB	Superfamily II DNA and RNA helicase	"COG:COG0513, COG:L, RefSeq:WP_019389128.1, SO:0001217, UniParc:UPI00036A1DB2, UniRef:UniRef100_UPI00036A1DB2, UniRef:UniRef50_A0A1D3FIL4, UniRef:UniRef90_A0A376BU64"
contig_6	cds	73342	74193	+	KK01_03320	hisJ	"ABC-type amino acid transport/signal transduction system, periplasmic component/domain"	"COG:COG0834, COG:ET, SO:0001217, UniRef:UniRef50_P45024, UniRef:UniRef90_F5S643"
contig_6	cds	74263	74748	-	KK01_03325	paaI	"Acyl-CoA thioesterase PaaI, contains HGG motif"	"COG:COG2050, COG:Q, RefSeq:WP_019389126.1, SO:0001217, UniParc:UPI0003156380, UniRef:UniRef100_UPI0003156380, UniRef:UniRef50_V9HD82, UniRef:UniRef90_F5S644"
contig_6	cds	74824	75672	-	KK01_03330	ygfZ	"Folate-binding protein YgfZ, synthesis and repair of Fe-S clusters"	"COG:COG0354, COG:O, RefSeq:WP_019389125.1, SO:0001217, UniParc:UPI000302D8B8, UniRef:UniRef100_UPI000302D8B8, UniRef:UniRef50_G4CFH2, UniRef:UniRef90_F5S645"
contig_6	cds	76104	79487	-	KK01_03335	mfd	transcription-repair coupling factor	"COG:COG1197, COG:LK, RefSeq:WP_154700183.1, SO:0001217, UniParc:UPI000E02A2A1, UniRef:UniRef100_UPI000E02A2A1, UniRef:UniRef50_G4CRV1, UniRef:UniRef90_F5S647"
contig_6	cds	79582	80259	-	KK01_03340	dedA	"Membrane integrity protein DedA, putative transporter, DedA/Tvp38 family"	"COG:COG0586, COG:M, KEGG:K03975, RefSeq:WP_019389122.1, SO:0001217, UniParc:UPI000377727E, UniRef:UniRef100_UPI000377727E, UniRef:UniRef50_P45280, UniRef:UniRef90_F5S648"
contig_6	cds	80341	81672	-	KK01_03345	glmM	phosphoglucosamine mutase	"COG:COG1109, COG:G, SO:0001217, UniRef:UniRef50_Q9JY89, UniRef:UniRef90_F5S649"
contig_6	cds	81808	83133	-	KK01_03350	deoA	thymidine phosphorylase	"COG:COG0213, COG:F, EC:2.4.2.4, KEGG:K00758, RefSeq:WP_019389120.1, SO:0001217, UniParc:UPI0002F574F5, UniRef:UniRef100_UPI0002F574F5, UniRef:UniRef50_Q74PY8, UniRef:UniRef90_F5S650"
contig_6	cds	83229	83630	-	KK01_03355		DUF3019 domain-containing protein	"RefSeq:WP_019389119.1, SO:0001217, UniParc:UPI00031D132C, UniRef:UniRef100_UPI00031D132C, UniRef:UniRef50_F5S651, UniRef:UniRef90_F5S651"
contig_6	cds	83632	84123	-	KK01_03360	yqgC	DUF456 domain-containing protein	"COG:COG2839, COG:S, KEGG:K09793, SO:0001217, UniRef:UniRef50_C6SF48, UniRef:UniRef90_F5S652"
contig_6	cds	84333	85499	-	KK01_03365	nnrS	Nitric oxide response protein NnrS	"COG:COG3213, COG:T, KEGG:K07234, RefSeq:WP_019389117.1, SO:0001217, UniParc:UPI0002D306E8, UniRef:UniRef100_UPI0002D306E8, UniRef:UniRef50_V9HCJ7, UniRef:UniRef90_F5S653"
contig_6	cds	85596	87062	-	KK01_03370	degQ	"Periplasmic serine protease, S1-C subfamily, contain C-terminal PDZ domain"	"COG:COG0265, COG:O, RefSeq:WP_019389116.1, SO:0001217, UniParc:UPI00031C0716, UniRef:UniRef100_UPI00031C0716, UniRef:UniRef50_X5EHD8, UniRef:UniRef90_F5S654"
contig_6	cds	87168	87524	+	KK01_03375		3-isopropylmalate dehydratase	"RefSeq:WP_230311300.1, SO:0001217, UniParc:UPI000DFD9AED, UniRef:UniRef100_UPI000DFD9AED, UniRef:UniRef50_F5S655, UniRef:UniRef90_UPI000DFD9AED"
contig_6	cds	87750	88049	-	KK01_03380		hypothetical protein	
contig_7	cds	76	348	-	KK01_03385		DNA-binding helix-turn-helix protein	"SO:0001217, UniRef:UniRef50_I2NID5"
contig_7	cds	491	802	+	KK01_03390		Single-stranded DNA-binding protein	"RefSeq:WP_038302583.1, SO:0001217, UniParc:UPI000570BE18, UniRef:UniRef100_UPI000570BE18, UniRef:UniRef50_F5S8X8, UniRef:UniRef90_F5S8X8"
contig_7	cds	820	1620	+	KK01_03395		Exported protein	"RefSeq:WP_038302580.1, SO:0001217, UniParc:UPI0003FB4BC0, UniRef:UniRef100_UPI0003FB4BC0, UniRef:UniRef50_F5S8X7, UniRef:UniRef90_F5S8X7"
contig_7	cds	1797	4637	+	KK01_03400	valS	valine--tRNA ligase	"COG:COG0525, COG:J, RefSeq:WP_019390110.1, SO:0001217, UniParc:UPI0002F14AEB, UniRef:UniRef100_UPI0002F14AEB, UniRef:UniRef50_Q9K1H7, UniRef:UniRef90_F5S8X6"
contig_7	cds	4690	6750	-	KK01_03405	kpsC	Capsule polysaccharide export protein KpsC/LpsZ	"COG:COG3563, COG:M, KEGG:K07266, SO:0001217, UniParc:UPI0002987CFB, UniRef:UniRef100_K7R6A3, UniRef:UniRef50_Q05013, UniRef:UniRef90_F5S8X5"
contig_7	cds	6791	7090	+	KK01_03410		type II toxin-antitoxin system RelE/ParE family toxin	"RefSeq:WP_032132884.1, SO:0001217, UniParc:UPI0004233CBC, UniRef:UniRef100_UPI001EE255C0, UniRef:UniRef50_A0A6H0T666, UniRef:UniRef90_UPI001EE255C0"
contig_7	cds	7093	7428	+	KK01_03415	yiaG	"DNA-binding transcriptional regulator YiaG, XRE-type HTH domain"	"COG:COG2944, COG:K, RefSeq:WP_019390106.1, SO:0001217, UniParc:UPI0002D40644, UniRef:UniRef100_UPI0002D40644, UniRef:UniRef50_I7JR14, UniRef:UniRef90_F5S8X4"
contig_7	cds	7702	9195	+	KK01_03420	murJ	murein biosynthesis integral membrane protein MurJ	"COG:COG0728, COG:M, KEGG:K03980, SO:0001217, UniRef:UniRef50_G4CGM6, UniRef:UniRef90_F5S8X3"
contig_7	cds	9335	10111	-	KK01_03425	caMKIID	"Protein kinase association domain CaMKII_AD, NTF2-like superfamily"	"COG:COG4875, COG:O, RefSeq:WP_042923223.1, SO:0001217, UniParc:UPI00041AA10C, UniRef:UniRef100_UPI00041AA10C, UniRef:UniRef50_F5S8X2, UniRef:UniRef90_F5S8X2"
contig_7	cds	10377	11426	-	KK01_03430		Ser/Thr protein phosphatase	"RefSeq:WP_019390102.1, SO:0001217, UniParc:UPI0002FAC47F, UniRef:UniRef100_UPI0002FAC47F, UniRef:UniRef50_V9HMZ1, UniRef:UniRef90_F5S8X1"
contig_7	cds	11417	11962	-	KK01_03435	paaY	"Carbonic anhydrase or acetyltransferase, isoleucine patch superfamily"	"COG:COG0663, COG:R, EC:4.2.1.-, KEGG:K01726, RefSeq:WP_019390101.1, SO:0001217, UniParc:UPI00030325D3, UniRef:UniRef100_UPI00030325D3, UniRef:UniRef50_E0SIT1, UniRef:UniRef90_F5S8X0"
contig_7	cds	12002	12736	-	KK01_03440	phoE	Broad specificity phosphatase PhoE	"COG:COG0406, COG:G, RefSeq:WP_003791735.1, SO:0001217, UniParc:UPI0002585A97, UniRef:UniRef100_UPI0002585A97, UniRef:UniRef50_F5S8W9, UniRef:UniRef90_F5S8W9"
contig_7	cds	12848	14560	-	KK01_03445	recJ	single-stranded-DNA-specific exonuclease RecJ	"COG:COG0608, COG:L, RefSeq:WP_019390099.1, SO:0001217, UniParc:UPI0001829D24, UniRef:UniRef100_B6SE72, UniRef:UniRef50_E4ZE27, UniRef:UniRef90_F5S8W8"
contig_7	cds	14920	15390	+	KK01_03450	pilA1	PilA1	"RefSeq:WP_019390097.1, SO:0001217, UniParc:UPI0001829D25, UniRef:UniRef100_B6SE73, UniRef:UniRef50_Q07564, UniRef:UniRef90_B6SE73"
contig_7	cds	15537	15965	+	KK01_03455	pilA2	PilA2	"RefSeq:WP_019390096.1, SO:0001217, UniParc:UPI0001829D26, UniRef:UniRef100_B6SE74, UniRef:UniRef50_B6SE74, UniRef:UniRef90_B6SE74"
contig_7	cds	15977	16753	+	KK01_03460	fimB	FimB	"RefSeq:WP_019390095.1, SO:0001217, UniParc:UPI0001829D27, UniRef:UniRef100_B6SE75, UniRef:UniRef50_L1NLA0, UniRef:UniRef90_B6SE75"
contig_7	tRNA	17071	17146	-	KK01_03465	trnN	tRNA-Asn(gtt)	SO:0000257
contig_7	cds	17199	18089	-	KK01_03470	znuB	"ABC-type Mn2+/Zn2+ transport system, permease component"	"COG:COG1108, COG:P, RefSeq:WP_019390094.1, SO:0001217, UniParc:UPI000312A683, UniRef:UniRef100_UPI000312A683, UniRef:UniRef50_A0A5C9CEQ1, UniRef:UniRef90_F5S8W3"
contig_7	cds	18127	18519	-	KK01_03475		Deoxyribonuclease V	"EC:3.1.25.1, KEGG:K01161, RefSeq:WP_003791724.1, SO:0001217, UniParc:UPI0002585A91, UniRef:UniRef100_UPI0002585A91, UniRef:UniRef50_I2NCA9, UniRef:UniRef90_F5S8W2"
contig_7	cds	18568	19293	-	KK01_03480	znuC	"ABC-type Mn2+/Zn2+ transport system, ATPase component"	"COG:COG1121, COG:P, RefSeq:WP_019390093.1, SO:0001217, UniParc:UPI0002ECCC13, UniRef:UniRef100_UPI0002ECCC13, UniRef:UniRef50_F5S8W1, UniRef:UniRef90_F5S8W1"
contig_7	cds	19296	19454	-	KK01_03485		hypothetical protein	"RefSeq:WP_019390092.1, SO:0001217, UniParc:UPI000374E2A9, UniRef:UniRef100_UPI000374E2A9, UniRef:UniRef50_UPI00192E3D9C, UniRef:UniRef90_UPI00192E3D9C"
contig_7	cds	19716	20561	-	KK01_03490	mscS	Small-conductance mechanosensitive channel	"COG:COG0668, COG:M, RefSeq:WP_019390091.1, SO:0001217, UniParc:UPI000378B290, UniRef:UniRef100_UPI000378B290, UniRef:UniRef50_V9H6G5, UniRef:UniRef90_F5S8W0"
contig_7	cds	20633	21934	-	KK01_03495	rlmD	23S rRNA (uracil(1939)-C(5))-methyltransferase RlmD	"COG:COG2265, COG:J, EC:2.1.1.190, KEGG:K03215, RefSeq:WP_019390090.1, SO:0001217, UniParc:UPI00030B34A5, UniRef:UniRef100_UPI00030B34A5, UniRef:UniRef50_E4ZBM0, UniRef:UniRef90_F5S8V9"
contig_7	cds	22160	23077	+	KK01_03500	erfK	Lipoprotein-anchoring transpeptidase ErfK/SrfK	"COG:COG1376, COG:M, KEGG:K19234, SO:0001217, UniRef:UniRef50_A0A448D4W6, UniRef:UniRef90_F5S8V8"
contig_7	cds	23184	24098	-	KK01_03505	nlpA	"ABC-type metal ion transport system, periplasmic component/surface antigen"	"COG:COG1464, COG:P, KEGG:K02073, RefSeq:WP_019390088.1, SO:0001217, UniParc:UPI0002E35EA8, UniRef:UniRef100_UPI0002E35EA8, UniRef:UniRef50_Q7BMQ8, UniRef:UniRef90_F5S8V7"
contig_7	cds	24374	25726	-	KK01_03510	pcnB	tRNA nucleotidyltransferase/poly(A) polymerase	"COG:COG0617, COG:J, SO:0001217, UniRef:UniRef50_A0A0J5GG72, UniRef:UniRef90_F5S8V6"
contig_7	cds	25890	26174	-	KK01_03515		Lipoprotein	"RefSeq:WP_019390086.1, SO:0001217, UniParc:UPI0002FEC00E, UniRef:UniRef100_UPI0002FEC00E, UniRef:UniRef50_F5S8V5, UniRef:UniRef90_F5S8V5"
contig_7	cds	26529	27008	+	KK01_03520	slpA	"Peptidyl-prolyl cis-trans isomerase, FKBP type"	"COG:COG1047, COG:O, RefSeq:WP_003788307.1, SO:0001217, UniParc:UPI00020C6E1C, UniRef:UniRef100_F5S8V3, UniRef:UniRef50_F2BGF1, UniRef:UniRef90_F0EZE3"
contig_7	cds	27205	27792	+	KK01_03525	maf	"7-methyl-GTP pyrophosphatase and related NTP pyrophosphatases, Maf/HAM1 superfamily"	"COG:COG0424, COG:Q, RefSeq:WP_003791706.1, SO:0001217, UniParc:UPI0002585A88, UniRef:UniRef100_UPI0002585A88, UniRef:UniRef50_Q7P1T8, UniRef:UniRef90_F5S8V1"
contig_7	cds	27862	28137	-	KK01_03530		DUF294 domain-containing protein	"RefSeq:WP_019390085.1, SO:0001217, UniParc:UPI0002FEB380, UniRef:UniRef100_UPI0002FEB380, UniRef:UniRef50_F5S8V0, UniRef:UniRef90_F5S8V0"
contig_7	cds	28328	28699	-	KK01_03535	apaG	Co2+/Mg2+ efflux protein ApaG	"COG:COG2967, COG:P, RefSeq:WP_019390084.1, SO:0001217, UniParc:UPI00031DAD93, UniRef:UniRef100_UPI00031DAD93, UniRef:UniRef50_G4CFK0, UniRef:UniRef90_F5S8U9"
contig_7	cds	28699	29199	-	KK01_03540	pgpA	Phosphatidylglycerophosphatase A	"COG:COG1267, COG:I, EC:3.1.3.27, KEGG:K01095, RefSeq:WP_003791700.1, SO:0001217, UniParc:UPI0002585A85, UniRef:UniRef100_UPI0002585A85, UniRef:UniRef50_E4ZBF3, UniRef:UniRef90_F5S8U8"
contig_7	cds	29306	29815	-	KK01_03545		Restriction endonuclease	"RefSeq:WP_026036345.1, SO:0001217, UniParc:UPI0002F7D847, UniRef:UniRef100_UPI0002F7D847, UniRef:UniRef50_E7RWH9, UniRef:UniRef90_UPI0002F7D847"
contig_7	cds	30030	30785	+	KK01_03550		IS5 family transposase	"RefSeq:WP_026036344.1, SO:0001217, UniParc:UPI000474C64E, UniRef:UniRef100_UPI000474C64E, UniRef:UniRef50_N9HL30, UniRef:UniRef90_UPI000474C64E"
contig_7	cds	31008	31499	-	KK01_03555		hypothetical protein	"SO:0001217, UniRef:UniRef50_UPI00037C35E0, UniRef:UniRef90_UPI00037C35E0"
contig_7	cds	31543	32589	-	KK01_03560		hypothetical protein	"RefSeq:WP_038326794.1, SO:0001217, UniParc:UPI00040AB2E9, UniRef:UniRef100_UPI00040AB2E9, UniRef:UniRef50_UPI0004163966, UniRef:UniRef90_UPI0004163966"
contig_7	cds	32643	35486	-	KK01_03565	uvrA	excinuclease ABC subunit UvrA	"COG:COG0178, COG:L, KEGG:K03701, SO:0001217, UniRef:UniRef50_Q9JZP1, UniRef:UniRef90_V9HCN3"
contig_7	cds	35654	37189	-	KK01_03570	fbpB	"ABC-type Fe3+ transport system, permease component"	"COG:COG1178, COG:P, KEGG:K02063, RefSeq:WP_019390077.1, SO:0001217, UniParc:UPI00037D9FBE, UniRef:UniRef100_UPI00037D9FBE, UniRef:UniRef50_V9HLQ0, UniRef:UniRef90_F5S8U1"
contig_7	cds	37377	38495	-	KK01_03575	yaeI	"putative phosphohydrolase, MPP superfamily"	"COG:COG1408, COG:R, KEGG:K07098, RefSeq:WP_038309455.1, SO:0001217, UniParc:UPI00056DB003, UniRef:UniRef100_UPI00056DB003, UniRef:UniRef50_E1W3X6, UniRef:UniRef90_F5S8T9"
contig_7	cds	38647	39534	+	KK01_03580	efeB	Periplasmic deferrochelatase/peroxidase EfeB	"COG:COG2837, COG:P, EC:1.11.1.-, KEGG:K07223, RefSeq:WP_003791688.1, SO:0001217, UniParc:UPI0002585A7F, UniRef:UniRef100_UPI0002585A7F, UniRef:UniRef50_C5B7E3, UniRef:UniRef90_F5S8T8"
contig_7	cds	39617	40117	+	KK01_03585	msrC	"GAF domain-containing protein, putative methionine-R-sulfoxide reductase"	"COG:COG1956, COG:VT, RefSeq:WP_019390074.1, SO:0001217, UniParc:UPI00037C0D61, UniRef:UniRef100_UPI00037C0D61, UniRef:UniRef50_A0A448VM08, UniRef:UniRef90_F5S8T7"
contig_7	tRNA	40229	40304	+	KK01_03590	trnT	tRNA-Thr(tgt)	SO:0000270
contig_7	cds	40407	41288	+	KK01_03595	galU	UTP--glucose-1-phosphate uridylyltransferase GalU	"COG:COG1210, COG:M, RefSeq:WP_003788275.1, SO:0001217, UniParc:UPI00020C6E0B, UniRef:UniRef100_F5S8T6, UniRef:UniRef50_A0A1A9RDH4, UniRef:UniRef90_F5S8T6"
contig_7	cds	41362	42366	-	KK01_03600		"putative phosphotransferase, aminoglycoside/choline kinase (APH/ChoK) family"	"COG:COG3178, COG:R, EC:2.7.1.221, KEGG:K07102, RefSeq:WP_019390072.1, SO:0001217, UniParc:UPI00037A058A, UniRef:UniRef100_UPI00037A058A, UniRef:UniRef50_Q9K188, UniRef:UniRef90_F5S8T5"
contig_7	cds	42395	44743	+	KK01_03605	lptD	LPS assembly outer membrane protein LptD (organic solvent tolerance protein OstA)	"COG:COG1452, COG:M, RefSeq:WP_019390071.1, SO:0001217, UniParc:UPI0003005FE1, UniRef:UniRef100_UPI0003005FE1, UniRef:UniRef50_A0A660N579, UniRef:UniRef90_F5S8T4"
contig_7	cds	44740	45696	+	KK01_03610	ppiC	PpiC domain-containing protein	"RefSeq:WP_019390070.1, SO:0001217, UniParc:UPI000307F108, UniRef:UniRef100_UPI000307F108, UniRef:UniRef50_F5S8T3, UniRef:UniRef90_F5S8T3"
contig_7	cds	45750	46070	-	KK01_03615		Cystatin domain-containing protein	"RefSeq:WP_003788268.1, SO:0001217, UniParc:UPI00020C6E07, UniRef:UniRef100_F5S8T2, UniRef:UniRef50_F5S8T2, UniRef:UniRef90_F5S8T2"
contig_7	cds	46139	47197	-	KK01_03620	terC	Tellurite resistance membrane protein TerC	"COG:COG0861, COG:P, KEGG:K05794, SO:0001217, UniRef:UniRef50_Q52356, UniRef:UniRef90_F5S8T1"
contig_7	cds	47303	48049	-	KK01_03625	ubiE	"bifunctional demethylmenaquinone methyltransferase/2-methoxy-6-polyprenyl-1,4-benzoquinol methylase UbiE"	"COG:COG2226, COG:H, RefSeq:WP_019390068.1, SO:0001217, UniParc:UPI00031A2FBD, UniRef:UniRef100_UPI00031A2FBD, UniRef:UniRef50_Q7NZD3, UniRef:UniRef90_V9H9H8"
contig_7	cds	48063	48491	-	KK01_03630		Lipoprotein	"RefSeq:WP_019390067.1, SO:0001217, UniParc:UPI0003115B3B, UniRef:UniRef100_UPI0003115B3B, UniRef:UniRef50_F5S8S9, UniRef:UniRef90_F5S8S9"
contig_7	cds	48491	49156	-	KK01_03635	glpG	"Membrane-associated serine protease, rhomboid family"	"COG:COG0705, COG:O, RefSeq:WP_019390066.1, SO:0001217, UniParc:UPI0002E447DD, UniRef:UniRef100_UPI0002E447DD, UniRef:UniRef50_A0A238HGD5, UniRef:UniRef90_F5S8S8"
contig_7	cds	49208	49633	-	KK01_03640		DUF971 domain-containing protein	"COG:COG3536, COG:S, RefSeq:WP_019390065.1, SO:0001217, UniParc:UPI0003731337, UniRef:UniRef100_UPI0003731337, UniRef:UniRef50_D2ZXT5, UniRef:UniRef90_F5S8S7"
contig_7	cds	49797	50792	+	KK01_03645	pheS	phenylalanine--tRNA ligase subunit alpha	"COG:COG0016, COG:J, RefSeq:WP_026036343.1, SO:0001217, UniParc:UPI000474B651, UniRef:UniRef100_UPI000474B651, UniRef:UniRef50_Q5F9U0, UniRef:UniRef90_V9HLS0"
contig_7	cds	50822	51010	+	KK01_03650		Nucleotidyltransferase substrate binding protein like protein	"SO:0001217, UniRef:UniRef50_A0A238HFN8, UniRef:UniRef90_A0A238HFN8"
contig_7	cds	51010	51192	+	KK01_03655		Nucleotidyltransferase substrate binding protein like protein	"SO:0001217, UniRef:UniRef50_A0A238HE33, UniRef:UniRef90_A0A238HE33"
contig_7	cds	51210	51518	+	KK01_03660		nucleotidyltransferase domain-containing protein	"RefSeq:WP_060536891.1, SO:0001217, UniParc:UPI0007069460, UniRef:UniRef100_UPI0007069460, UniRef:UniRef50_C5S4R7, UniRef:UniRef90_UPI00041A5C53"
contig_7	cds	51539	51790	+	KK01_03665	copG	CopG family transcriptional regulator	"RefSeq:WP_003788252.1, SO:0001217, UniParc:UPI00020C6DFF, UniRef:UniRef100_F5S8S4, UniRef:UniRef50_F5S8S4, UniRef:UniRef90_F5S8S4"
contig_7	cds	51790	52218	+	KK01_03670	vapC	"Ribonuclease/mRNA interferase VapC, contains PIN domain"	"COG:COG1487, COG:V, EC:3.1.-.-, KEGG:K07062, RefSeq:WP_038305548.1, SO:0001217, UniParc:UPI0004211D4F, UniRef:UniRef100_UPI0004211D4F, UniRef:UniRef50_A0A3M6QSW9, UniRef:UniRef90_F5S8S3"
contig_7	cds	52231	53616	+	KK01_03675		hypothetical protein	
contig_7	cds	53651	56005	+	KK01_03680	pheT	phenylalanine--tRNA ligase subunit beta	"COG:COG0073, COG:J, SO:0001217, UniRef:UniRef50_Q9K089, UniRef:UniRef90_F5S8S1"
contig_7	cds	56535	57653	-	KK01_03685	asd	aspartate-semialdehyde dehydrogenase	"COG:COG0136, COG:E, RefSeq:WP_026036342.1, SO:0001217, UniParc:UPI00047452D7, UniRef:UniRef100_UPI00047452D7, UniRef:UniRef50_P30903, UniRef:UniRef90_V9H5H9"
contig_7	cds	57910	59406	+	KK01_03690	alsT	Na+/alanine symporter	"COG:COG1115, COG:E, KEGG:K03310, RefSeq:WP_019390059.1, SO:0001217, UniParc:UPI00031BB3A2, UniRef:UniRef100_UPI00031BB3A2, UniRef:UniRef50_P44555, UniRef:UniRef90_F5S8R7"
contig_7	cds	59468	60679	-	KK01_03695	dnaJ	molecular chaperone DnaJ	"COG:COG0484, COG:O, SO:0001217, UniRef:UniRef50_Q6RSN5, UniRef:UniRef90_F5S8R6"
contig_7	cds	61084	62082	+	KK01_03700	ompC	Outer membrane porin OmpC/OmpF/PhoE	"COG:COG3203, COG:M, RefSeq:WP_019390057.1, SO:0001217, UniParc:UPI0003153A6E, UniRef:UniRef100_UPI0003153A6E, UniRef:UniRef50_V9HMI7, UniRef:UniRef90_F5S8R5"
contig_7	cds	62396	63448	+	KK01_03705	ompC	Outer membrane porin OmpC/OmpF/PhoE	"COG:COG3203, COG:M, RefSeq:WP_003788232.1, SO:0001217, UniParc:UPI00020C6A2A, UniRef:UniRef100_F5S8R4, UniRef:UniRef50_V9HMI7, UniRef:UniRef90_F5S8R4"
contig_7	cds	63572	67021	+	KK01_03710	dnaE	DNA polymerase III subunit alpha	"COG:COG0587, COG:L, EC:2.7.7.7, KEGG:K02337, RefSeq:WP_019390056.1, SO:0001217, UniParc:UPI0003691326, UniRef:UniRef100_UPI0003691326, UniRef:UniRef50_Q9JXZ2, UniRef:UniRef90_F5S8R3"
contig_7	cds	67258	67914	-	KK01_03715	yadS	Uncharacterized membrane protein YeiH	"COG:COG2860, COG:S, RefSeq:WP_003788226.1, SO:0001217, UniParc:UPI00020C6A27, UniRef:UniRef100_F5S8R1, UniRef:UniRef50_V9HL90, UniRef:UniRef90_F5S8R1"
contig_7	cds	68616	68804	-	KK01_03720		DUF1778 domain-containing protein	"RefSeq:WP_019390055.1, SO:0001217, UniParc:UPI0003058A34, UniRef:UniRef100_UPI0003058A34, UniRef:UniRef50_UPI00056E7AE2, UniRef:UniRef90_UPI00056E7AE2"
contig_7	cds	68848	69528	-	KK01_03725	queC	7-cyano-7-deazaguanine synthase QueC	"COG:COG0603, COG:J, EC:6.3.4.20, KEGG:K06920, RefSeq:WP_003788223.1, SO:0001217, UniParc:UPI00020C6A25, UniRef:UniRef100_F5S8Q9, UniRef:UniRef50_O31675, UniRef:UniRef90_F5S8Q9"
contig_7	cds	69515	70168	-	KK01_03730	dedA	DedA family protein	"COG:COG0586, COG:M, KEGG:K03975, RefSeq:WP_003788222.1, SO:0001217, UniParc:UPI00020C6A24, UniRef:UniRef100_F5S8Q8, UniRef:UniRef50_E2NN39, UniRef:UniRef90_F5S8Q8"
contig_7	cds	70262	71479	+	KK01_03735	argJ	bifunctional glutamate N-acetyltransferase/amino-acid acetyltransferase ArgJ	"COG:COG1364, COG:E, EC:2.3.1.1, EC:2.3.1.35, KEGG:K00620, RefSeq:WP_019390054.1, SO:0001217, UniParc:UPI000306A13B, UniRef:UniRef100_F5S8Q7, UniRef:UniRef50_P38434, UniRef:UniRef90_F5S8Q7"
contig_7	cds	71827	72492	-	KK01_03740	metP	"ABC-type methionine transport system, permease component"	"COG:COG2011, COG:E, RefSeq:WP_019390053.1, SO:0001217, UniParc:UPI0003026096, UniRef:UniRef100_UPI0003026096, UniRef:UniRef50_V9HMU2, UniRef:UniRef90_F5S8Q5"
contig_7	cds	72574	72996	-	KK01_03745		Integral membrane protein	"RefSeq:WP_019390052.1, SO:0001217, UniParc:UPI0003065684, UniRef:UniRef100_UPI0003065684, UniRef:UniRef50_F5S8Q4, UniRef:UniRef90_F5S8Q4"
contig_7	cds	72989	73726	-	KK01_03750	abcC	"ABC-type methionine transport system, ATPase component"	"COG:COG1135, COG:E, RefSeq:WP_003788213.1, SO:0001217, UniParc:UPI00020C6A1F, UniRef:UniRef100_F5S8Q3, UniRef:UniRef50_F5S8Q3, UniRef:UniRef90_F5S8Q3"
contig_7	cds	74044	74790	+	KK01_03755	grxC	Glutaredoxin	"COG:COG0695, COG:O, RefSeq:WP_019390051.1, SO:0001217, UniParc:UPI000307F8CA, UniRef:UniRef100_UPI000307F8CA, UniRef:UniRef50_A0A7S1PDZ3, UniRef:UniRef90_F0F1L6"
contig_7	cds	75019	76428	+	KK01_03760	lpd	dihydrolipoyl dehydrogenase	"COG:C, COG:COG1249, RefSeq:WP_019390050.1, SO:0001217, UniParc:UPI0002FE571A, UniRef:UniRef100_UPI0002FE571A, UniRef:UniRef50_A0A536TU34, UniRef:UniRef90_F5S8Q1"
contig_7	cds	76568	78250	+	KK01_03765	glnS	glutamine--tRNA ligase/YqeY domain fusion protein	"COG:COG0008, COG:J, RefSeq:WP_019390049.1, SO:0001217, UniParc:UPI0002D53295, UniRef:UniRef100_UPI0002D53295, UniRef:UniRef50_A8AJD6, UniRef:UniRef90_F5S8Q0"
contig_7	cds	78337	79392	+	KK01_03770	mutY	A/G-specific adenine glycosylase	"COG:COG1194, COG:L, EC:3.2.2.31, KEGG:K03575, RefSeq:WP_019390048.1, SO:0001217, UniParc:UPI00036015DB, UniRef:UniRef100_UPI00036015DB, UniRef:UniRef50_A0A378TYH0, UniRef:UniRef90_F5S8P9"
contig_7	cds	79494	80813	+	KK01_03775	dcuA	Anaerobic C4-dicarboxylate transporter	"COG:COG2704, COG:G, KEGG:K07792, SO:0001217, UniRef:UniRef50_P44855, UniRef:UniRef90_F5S8P8"
contig_7	cds	80892	81821	-	KK01_03780	lysR	"DNA-binding transcriptional regulator, LysR family"	"COG:COG0583, COG:K, KEGG:K03576, RefSeq:WP_019390046.1, SO:0001217, UniParc:UPI0002E49FD9, UniRef:UniRef100_UPI0002E49FD9, UniRef:UniRef50_P45349, UniRef:UniRef90_F0EZZ1"
contig_7	cds	82110	82340	+	KK01_03785		hypothetical protein	"RefSeq:WP_019390045.1, SO:0001217, UniParc:UPI0002EDD05B, UniRef:UniRef100_UPI0002EDD05B, UniRef:UniRef50_UPI0002EDD05B, UniRef:UniRef90_UPI0002EDD05B"
contig_7	cds	82757	83188	+	KK01_03790	aroQ	type II 3-dehydroquinate dehydratase	"COG:COG0757, COG:E, EC:4.2.1.10, KEGG:K03786, RefSeq:WP_003788198.1, SO:0001217, UniParc:UPI00020C6A17, UniRef:UniRef100_F5S8P5, UniRef:UniRef50_Q7U4X5, UniRef:UniRef90_F5S8P5"
contig_7	cds	83277	84119	+	KK01_03795	aroE	Shikimate 5-dehydrogenase	"COG:COG0169, COG:E, SO:0001217, UniRef:UniRef50_A0A1G5I717, UniRef:UniRef90_F5S8P3"
contig_7	cds	84213	85547	+	KK01_03800		aromatic acid/H+ symport family MFS transporter	"KEGG:K08195, RefSeq:WP_019390043.1, SO:0001217, UniParc:UPI0002E9522E, UniRef:UniRef100_UPI0002E9522E, UniRef:UniRef50_E7RUD7, UniRef:UniRef90_UPI00041FBD12"
contig_8	cds	110	721	-	KK01_03805		hypothetical protein	"SO:0001217, UniRef:UniRef50_UPI00056F7044, UniRef:UniRef90_UPI00056F7044"
contig_8	cds	774	3410	-	KK01_03810	hrpA	ATP-dependent RNA helicase HrpA	"SO:0001217, UniRef:UniRef50_F2BGN7, UniRef:UniRef90_A0A238HGD8"
contig_8	cds	3427	4032	-	KK01_03815		DUF4240 domain-containing protein	"SO:0001217, UniRef:UniRef50_A0A238HFF1, UniRef:UniRef90_A0A238HFF1"
contig_8	cds	4081	5475	-	KK01_03820	hrpA	ATP-dependent RNA helicase HrpA	"COG:COG1643, COG:J, SO:0001217, UniRef:UniRef50_A0A238TAW9, UniRef:UniRef90_A0A238TAW9"
contig_8	cds	5562	6254	-	KK01_03825		Nucleocapsid protein	"SO:0001217, UniRef:UniRef50_B3E6E9"
contig_8	cds	6263	6934	-	KK01_03830		hypothetical protein	
contig_8	cds	7053	7463	+	KK01_03835		hypothetical protein	"PFAM:PF01381.25, PFAM:PF12844.10, PFAM:PF13560.9"
contig_8	cds	7546	8319	-	KK01_03840	yaaA	peroxide stress protein YaaA	"COG:COG3022, COG:L, KEGG:K09861, SO:0001217, UniRef:UniRef50_Q1CMW4, UniRef:UniRef90_F5S4P6"
contig_8	cds	8354	9742	-	KK01_03845	kdpD	K+-sensing histidine kinase KdpD	"COG:COG2205, COG:T, RefSeq:WP_019389509.1, SO:0001217, UniParc:UPI0002F6DE9F, UniRef:UniRef100_UPI0002F6DE9F, UniRef:UniRef50_A0A238TC96, UniRef:UniRef90_F5S4P5"
contig_8	cds	9849	10529	-	KK01_03850	ompR	"DNA-binding response regulator, OmpR family, contains REC and winged-helix (wHTH) domain"	"COG:COG0745, COG:TK, RefSeq:WP_019389508.1, SO:0001217, UniParc:UPI0002DBDADD, UniRef:UniRef100_UPI0002DBDADD, UniRef:UniRef50_A0A2E6M0K1, UniRef:UniRef90_F5S4P4"
contig_8	cds	10658	12487	-	KK01_03855	rfaL	O-antigen ligase	"COG:COG3307, COG:M, RefSeq:WP_019389507.1, SO:0001217, UniParc:UPI0002D75F18, UniRef:UniRef100_UPI0002D75F18, UniRef:UniRef50_A0A238TE53, UniRef:UniRef90_F5S4P3"
contig_8	cds	12480	12848	-	KK01_03860		Uncharacterized membrane protein	"COG:COG3308, COG:S, RefSeq:WP_003791322.1, SO:0001217, UniParc:UPI0002586026, UniRef:UniRef100_UPI0002586026, UniRef:UniRef50_V9HM20, UniRef:UniRef90_F5S4P1"
contig_8	cds	12927	13346	-	KK01_03865	dksA	RNA polymerase-binding protein DksA	"COG:COG1734, COG:K, RefSeq:WP_003785271.1, SO:0001217, UniParc:UPI00020C5EE8, UniRef:UniRef100_F5S4P0, UniRef:UniRef50_D4DVK8, UniRef:UniRef90_F5S4P0"
contig_8	cds	13442	14077	-	KK01_03870	thiN	thiamine diphosphokinase	"COG:COG1564, COG:H, EC:2.7.6.2, KEGG:K00949, RefSeq:WP_019389506.1, SO:0001217, UniParc:UPI00035FC20F, UniRef:UniRef100_UPI00035FC20F, UniRef:UniRef50_F5S4N9, UniRef:UniRef90_F5S4N9"
contig_8	cds	14173	14544	-	KK01_03875	rbfA	30S ribosome-binding factor RbfA	"COG:COG0858, COG:J, RefSeq:WP_019389505.1, SO:0001217, UniParc:UPI00037FEB1A, UniRef:UniRef100_UPI00037FEB1A, UniRef:UniRef50_Q9JYY2, UniRef:UniRef90_F5S4N8"
contig_8	cds	14594	15958	-	KK01_03880	rho	transcription termination factor Rho	"COG:COG1158, COG:K, KEGG:K03628, RefSeq:WP_019389504.1, SO:0001217, UniParc:UPI00031484AB, UniRef:UniRef100_UPI00031484AB, UniRef:UniRef50_P52156, UniRef:UniRef90_F5S4N7"
contig_8	cds	16182	16790	+	KK01_03885	cynT	Carbonic anhydrase	"COG:COG0288, COG:P, EC:4.2.1.1, KEGG:K01673, SO:0001217, UniRef:UniRef50_O34872, UniRef:UniRef90_F5S4N6"
contig_8	cds	16852	18423	-	KK01_03890	guaA	glutamine-hydrolyzing GMP synthase	"COG:COG0519, COG:F, EC:6.3.5.2, GO:0003921, GO:0005524, GO:0006541, RefSeq:WP_019389502.1, SO:0001217, UniParc:UPI0002EE8E05, UniRef:UniRef100_UPI0002EE8E05, UniRef:UniRef50_Q8ZN60, UniRef:UniRef90_B4RJH7"
contig_8	cds	18879	19235	+	KK01_03895		Roadblock/LC7 domain-containing protein	"RefSeq:WP_003785259.1, SO:0001217, UniParc:UPI00020C5EE2, UniRef:UniRef100_F5S4N4, UniRef:UniRef50_C5BJ86, UniRef:UniRef90_F5S4N4"
contig_8	cds	19455	20345	-	KK01_03900	aroGA	3-deoxy-D-arabino-heptulosonate 7-phosphate (DAHP) synthase	"COG:COG2876, COG:E, RefSeq:WP_019389501.1, SO:0001217, UniParc:UPI000314628D, UniRef:UniRef100_UPI000314628D, UniRef:UniRef50_C4GF50, UniRef:UniRef90_F5S4N3"
contig_8	cds	20416	21675	-	KK01_03905	envC	"Septal ring factor EnvC, activator of murein hydrolases AmiA and AmiB"	"COG:COG4942, COG:D, SO:0001217, UniRef:UniRef50_F5S4N2, UniRef:UniRef90_F5S4N2"
contig_8	cds	21771	22544	-	KK01_03910	surE	5'/3'-nucleotidase SurE	"COG:COG0496, COG:L, EC:3.1.3.5, EC:3.1.3.6, KEGG:K03787, RefSeq:WP_019389499.1, SO:0001217, UniParc:UPI000361807E, UniRef:UniRef100_UPI000361807E, UniRef:UniRef50_Q9JYP8, UniRef:UniRef90_F5S4N1"
contig_8	cds	22699	24333	+	KK01_03915	mnmC	Glycine/D-amino acid oxidase (deaminating)	"COG:COG0665, COG:E, EC:1.5.-.-, EC:2.1.1.61, KEGG:K15461, RefSeq:WP_032827391.1, SO:0001217, UniParc:UPI0002D9CF30, UniRef:UniRef100_UPI0002D9CF30, UniRef:UniRef50_A0A660ND40, UniRef:UniRef90_F5S4N0"
contig_8	cds	24745	27927	+	KK01_03920	cas9	type II CRISPR RNA-guided endonuclease Cas9	"EC:3.1.-.-, KEGG:K09952, RefSeq:WP_019389497.1, SO:0001217, UniParc:UPI0003140452, UniRef:UniRef100_UPI0003140452, UniRef:UniRef50_C9X1G5, UniRef:UniRef90_F5S4M8"
contig_8	cds	28002	28916	+	KK01_03925	cas1	type II CRISPR-associated endonuclease Cas1	"COG:COG1518, COG:V, KEGG:K15342, RefSeq:WP_019389496.1, SO:0001217, UniParc:UPI0002FDAC4D, UniRef:UniRef100_UPI0002FDAC4D, UniRef:UniRef50_C9X1G6, UniRef:UniRef90_F5S4M7"
contig_8	cds	28927	29235	+	KK01_03930	cas2	CRISPR-associated endonuclease Cas2	"COG:COG1343, COG:V, SO:0001217, UniRef:UniRef50_C9X1G7, UniRef:UniRef90_F5S4M6"
contig_8	crispr	29299	29468	?			"CRISPR array with 3 repeats of length 38, consensus sequence ATTGTAGCATTGCGAAACGAGAAAGGGAACTACAACAT and spacer length 28"	SO:0001459
contig_8	cds	29616	31580	-	KK01_03935	rpoD	RNA polymerase sigma factor RpoD	"COG:COG0568, COG:K, KEGG:K03086, RefSeq:WP_019389494.1, SO:0001217, UniParc:UPI00030EFD0C, UniRef:UniRef100_UPI00030EFD0C, UniRef:UniRef50_F5S4M5, UniRef:UniRef90_F5S4M5"
contig_8	cds	31850	34027	-	KK01_03940	spoT	"(p)ppGpp synthase/hydrolase, HD superfamily"	"COG:COG0317, COG:TK, SO:0001217, UniRef:UniRef50_A0A376BNF5, UniRef:UniRef90_F5S4M4"
contig_8	cds	34239	35501	+	KK01_03945		Autotransporter domain-containing protein	"SO:0001217, UniRef:UniRef50_F5S4M3, UniRef:UniRef90_F5S4M3"
contig_8	cds	35671	36453	+	KK01_03950	trpA	tryptophan synthase subunit alpha	"COG:COG0159, COG:E, EC:4.2.1.20, KEGG:K01695, RefSeq:WP_003785234.1, SO:0001217, UniParc:UPI00020C59D0, UniRef:UniRef100_F5S4M2, UniRef:UniRef50_Q9K0D4, UniRef:UniRef90_F5S4M2"
contig_8	cds	36457	37281	+	KK01_03955	bcsA	"Glycosyltransferase, catalytic subunit of cellulose synthase and poly-beta-1,6-N-acetylglucosamine synthase"	"COG:COG1215, COG:N, RefSeq:WP_026036263.1, SO:0001217, UniParc:UPI00031232F8, UniRef:UniRef100_UPI00031232F8, UniRef:UniRef50_F5S4M1, UniRef:UniRef90_F5S4M1"
contig_8	cds	37278	38510	+	KK01_03960	wcaJ	"Sugar transferase involved in LPS biosynthesis (colanic, teichoic acid)"	"COG:COG2148, COG:M, EC:2.7.8.40, KEGG:K21303, RefSeq:WP_019389490.1, SO:0001217, UniParc:UPI000307A4C4, UniRef:UniRef100_UPI000307A4C4, UniRef:UniRef50_F5S4M0, UniRef:UniRef90_F5S4M0"
contig_8	tRNA	38638	38715	+	KK01_03965	trnP	tRNA-Pro(tgg)	SO:0000268
contig_8	tRNA	38747	38823	+	KK01_03970	trnR	tRNA-Arg(tct)	SO:0001036
contig_8	tRNA	38850	38926	+	KK01_03975	trnH	tRNA-His(gtg)	SO:0000262
contig_8	cds	38991	39728	+	KK01_03980	wcaG	Nucleoside-diphosphate-sugar epimerase	"COG:COG0451, COG:M, RefSeq:WP_019389489.1, SO:0001217, UniParc:UPI0002E23212, UniRef:UniRef100_UPI0002E23212, UniRef:UniRef50_G4CIP7, UniRef:UniRef90_F5S4L9"
contig_8	cds	39750	40058	+	KK01_03985	yccF	Inner membrane protein YccF	"RefSeq:WP_019389488.1, SO:0001217, UniParc:UPI0003005F66, UniRef:UniRef100_UPI0003005F66, UniRef:UniRef50_F5S4L8, UniRef:UniRef90_UPI00040CED52"
contig_8	cds	40064	40702	+	KK01_03990		Glucose-6-phosphate dehydrogenase (NADP(+))	"RefSeq:WP_003791355.1, SO:0001217, UniParc:UPI000258656D, UniRef:UniRef100_UPI000258656D, UniRef:UniRef50_F0EZ09, UniRef:UniRef90_F5S4L7"
contig_8	cds	41029	42285	+	KK01_03995	lolE	lipoprotein-releasing ABC transporter permease subunit	"COG:COG4591, COG:M, SO:0001217, UniRef:UniRef50_P57062, UniRef:UniRef90_F5S4L6"
contig_8	cds	42278	42964	+	KK01_04000	lolD	lipoprotein-releasing ABC transporter ATP-binding protein LolD	"COG:COG1136, COG:M, RefSeq:WP_003791359.1, SO:0001217, UniParc:UPI000258656F, UniRef:UniRef100_UPI000258656F, UniRef:UniRef50_Q9HZL7, UniRef:UniRef90_F5S4L5"
contig_8	cds	42997	43482	+	KK01_04005	trxA	Thiol-disulfide isomerase or thioredoxin	"COG:COG0526, COG:O, SO:0001217, UniRef:UniRef50_V9H5D9, UniRef:UniRef90_F5S4L4"
contig_8	cds	43557	44285	+	KK01_04010	recO	DNA repair protein RecO	"COG:COG1381, COG:L, SO:0001217, UniRef:UniRef50_V9H903, UniRef:UniRef90_F5S4L3"
contig_8	cds	44289	45662	+	KK01_04015	araJ	"putative arabinose efflux permease AraJ, MFS family"	"COG:COG2814, COG:G, RefSeq:WP_038307047.1, SO:0001217, UniParc:UPI00041BE7FF, UniRef:UniRef100_UPI00041BE7FF, UniRef:UniRef50_X5F7W9, UniRef:UniRef90_F5S4L2"
contig_8	cds	45799	46800	+	KK01_04020	traB	"Uncharacterized conserved protein YbaP, TraB family"	"COG:COG3735, COG:S, KEGG:K09973, RefSeq:WP_003791367.1, SO:0001217, UniParc:UPI0002586573, UniRef:UniRef100_UPI0002586573, UniRef:UniRef50_F5S4L1, UniRef:UniRef90_F5S4L1"
contig_8	cds	46910	48280	+	KK01_04025	yegQ	tRNA 5-hydroxyuridine modification protein YegQ	"COG:COG0826, COG:J, RefSeq:WP_019389481.1, SO:0001217, UniParc:UPI00030A08DD, UniRef:UniRef100_UPI00030A08DD, UniRef:UniRef50_P44700, UniRef:UniRef90_F0F1N1"
contig_8	cds	48340	49392	-	KK01_04030	plsX	phosphate acyltransferase PlsX	"COG:COG0416, COG:I, EC:2.3.1.274, KEGG:K03621, RefSeq:WP_019389480.1, SO:0001217, UniParc:UPI000364B960, UniRef:UniRef100_UPI000364B960, UniRef:UniRef50_Q9JXR8, UniRef:UniRef90_F5S4K9"
contig_8	cds	49482	50021	-	KK01_04035	hpt1	Hypoxanthine phosphoribosyltransferase	"COG:COG2236, COG:H, KEGG:K07101, RefSeq:WP_003791369.1, SO:0001217, UniParc:UPI0002586574, UniRef:UniRef100_F5S4K8, UniRef:UniRef50_E0NBC0, UniRef:UniRef90_F5S4K8"
contig_8	cds	50115	50294	-	KK01_04040	rpmF	50S ribosomal protein L32	"COG:COG0333, COG:J, GO:0003735, GO:0006412, GO:0015934, RefSeq:WP_003785213.1, SO:0001217, UniParc:UPI00020C59C1, UniRef:UniRef100_F5S4K7, UniRef:UniRef50_Q48L44, UniRef:UniRef90_Q9JW52"
contig_8	cds	50338	50910	-	KK01_04045	yceD	"23S rRNA accumulation protein YceD (essential in plants, uncharacterized in bacteria)"	"COG:COG1399, COG:J, KEGG:K07040, SO:0001217, UniRef:UniRef50_E4ZFB9, UniRef:UniRef90_F5S4K6"
contig_8	cds	50931	51515	+	KK01_04050	maf	"7-methyl-GTP pyrophosphatase and related NTP pyrophosphatases, Maf/HAM1 superfamily"	"COG:COG0424, COG:Q, RefSeq:WP_019389478.1, SO:0001217, UniParc:UPI0003078A82, UniRef:UniRef100_UPI0003078A82, UniRef:UniRef50_Q9JXS2, UniRef:UniRef90_F5S4K5"
contig_8	cds	51565	51939	-	KK01_04055	yesN	"Two-component response regulator, YesN/AraC family, consists of REC and AraC-type DNA-binding domains"	"COG:COG4753, COG:TK, RefSeq:WP_223877574.1, SO:0001217, UniParc:UPI0007069884, UniRef:UniRef100_F5S4K4, UniRef:UniRef50_V9H6M0, UniRef:UniRef90_F5S4K4"
contig_8	cds	51959	54181	-	KK01_04060	cheA	Chemotaxis protein histidine kinase CheA	"COG:COG0643, COG:T, RefSeq:WP_003785204.1, SO:0001217, UniParc:UPI00020C59BD, UniRef:UniRef100_F5S4K3, UniRef:UniRef50_F5S4K3, UniRef:UniRef90_F5S4K3"
contig_8	cds	54208	55251	-	KK01_04065	rbsB	"ABC-type sugar transport system, periplasmic component, contains N-terminal xre family HTH domain"	"COG:COG1879, COG:G, RefSeq:WP_003785202.1, SO:0001217, UniParc:UPI00020C59BC, UniRef:UniRef100_F5S4K2, UniRef:UniRef50_F5S4K2, UniRef:UniRef90_F5S4K2"
contig_8	cds	55486	56193	-	KK01_04070		Uncharacterized membrane protein	"COG:COG3235, COG:S, RefSeq:WP_003791375.1, SO:0001217, UniParc:UPI0002586579, UniRef:UniRef100_UPI0002586579, UniRef:UniRef50_F5S4K1, UniRef:UniRef90_F5S4K1"
contig_8	cds	56254	57264	-	KK01_04075	pdxA	4-hydroxythreonine-4-phosphate dehydrogenase PdxA	"COG:COG1995, COG:H, RefSeq:WP_038313312.1, SO:0001217, UniParc:UPI0003F6E1B7, UniRef:UniRef100_UPI0003F6E1B7, UniRef:UniRef50_Q2NVX5, UniRef:UniRef90_F5S4K0"
contig_8	cds	57419	57748	+	KK01_04080	pxpB	5-oxoprolinase subunit PxpB	"SO:0001217, UniRef:UniRef50_UPI001E36E1D7, UniRef:UniRef90_UPI001E36E1D7"
contig_8	cds	57930	59423	-	KK01_04085	putP	sodium/proline symporter PutP	"COG:COG0591, COG:E, SO:0001217, UniRef:UniRef50_P07117, UniRef:UniRef90_F5S4J7"
contig_8	cds	59538	60539	+	KK01_04090	miaA	tRNA (adenosine(37)-N6)-dimethylallyltransferase MiaA	"COG:COG0324, COG:J, SO:0001217, UniRef:UniRef50_A9M4D3, UniRef:UniRef90_F5S4J6"
contig_8	cds	60542	61057	+	KK01_04095		RDD domain-containing protein	"RefSeq:WP_019389471.1, SO:0001217, UniParc:UPI00036AB472, UniRef:UniRef100_UPI00036AB472, UniRef:UniRef50_F5S4J5, UniRef:UniRef90_F5S4J5"
contig_8	cds	61233	61640	-	KK01_04100	yidB	DUF937 domain-containing protein	"COG:COG3753, COG:S, RefSeq:WP_003785184.1, SO:0001217, UniParc:UPI00020C59B4, UniRef:UniRef100_F5S4J4, UniRef:UniRef50_F5S4J4, UniRef:UniRef90_F5S4J4"
contig_8	cds	61677	62555	-	KK01_04105	nadK	NAD(+) kinase	"COG:COG0061, COG:H, EC:2.7.1.23, KEGG:K00858, RefSeq:WP_019389470.1, SO:0001217, UniParc:UPI0002E2CC10, UniRef:UniRef100_UPI0002E2CC10, UniRef:UniRef50_C1D6U5, UniRef:UniRef90_F5S4J3"
contig_8	cds	62775	63221	-	KK01_04110		NAD(P)H nitroreductase	"SO:0001217, UniRef:UniRef50_A0A448UX99"
contig_8	cds	63225	63437	-	KK01_04115		NAD(P)H nitroreductase	"SO:0001217, UniRef:UniRef50_A0A378N6H3"
contig_9	cds	56	604	-	KK01_04120		Protoglobin domain-containing protein	"RefSeq:WP_060537178.1, SO:0001217, UniParc:UPI000705C14C, UniRef:UniRef100_UPI000705C14C, UniRef:UniRef50_F5S8C9, UniRef:UniRef90_F5S8C9"
contig_9	cds	608	841	-	KK01_04125		DUF2835 domain-containing protein	"RefSeq:WP_230311326.1, SO:0001217, UniParc:UPI0007060FFF, UniRef:UniRef100_UPI0007060FFF, UniRef:UniRef50_F5S8D0, UniRef:UniRef90_F5S8D0"
contig_9	cds	911	3532	-	KK01_04130	alaS	alanine--tRNA ligase	"COG:COG0013, COG:J, RefSeq:WP_060537241.1, SO:0001217, UniParc:UPI0007067363, UniRef:UniRef100_UPI0007067363, UniRef:UniRef50_P61701, UniRef:UniRef90_F5S8D1"
contig_9	cds	3740	4333	-	KK01_04135		Lipoprotein	"RefSeq:WP_060537177.1, SO:0001217, UniParc:UPI000706ED81, UniRef:UniRef100_UPI000706ED81, UniRef:UniRef50_F5S8D2, UniRef:UniRef90_F5S8D2"
contig_9	cds	4377	5654	-	KK01_04140	tilS	tRNA(Ile)-lysidine synthase TilS/MesJ	"COG:COG0037, COG:J, EC:6.3.4.19, KEGG:K04075, RefSeq:WP_060537176.1, SO:0001217, UniParc:UPI0007067299, UniRef:UniRef100_UPI0007067299, UniRef:UniRef50_F5S8D3, UniRef:UniRef90_F5S8D3"
contig_9	cds	5657	6325	-	KK01_04145	trmR	tRNA 5-hydroxyU34 O-methylase TrmR/YrrM	"COG:COG4122, COG:J, RefSeq:WP_019389630.1, SO:0001217, UniParc:UPI0003082B36, UniRef:UniRef100_UPI0003082B36, UniRef:UniRef50_V9HKZ0, UniRef:UniRef90_F5S8D4"
contig_9	cds	6344	6532	-	KK01_04150		DUF3460 domain-containing protein	"RefSeq:WP_003787650.1, SO:0001217, UniParc:UPI00020C5ABA, UniRef:UniRef100_F5S8D5, UniRef:UniRef50_V9H8C3, UniRef:UniRef90_F5S8D5"
contig_9	cds	6640	8088	-	KK01_04155	gatA	Asp-tRNA(Asn)/Glu-tRNA(Gln) amidotransferase subunit GatA	"COG:COG0154, COG:J, RefSeq:WP_019389631.1, SO:0001217, UniParc:UPI0003195989, UniRef:UniRef100_UPI0003195989, UniRef:UniRef50_Q2YC91, UniRef:UniRef90_V9HMC4"
contig_9	cds	8245	8535	-	KK01_04160	gatC	Asp-tRNA(Asn)/Glu-tRNA(Gln) amidotransferase subunit GatC	"RefSeq:WP_026036285.1, SO:0001217, UniParc:UPI000474BBEF, UniRef:UniRef100_F5S8D7, UniRef:UniRef50_R4WLV5, UniRef:UniRef90_F5S8D7"
contig_9	cds	8723	9760	+	KK01_04165	mreB	"Cell shape-determining ATPase MreB, actin-like superfamily"	"COG:COG1077, COG:DZ, RefSeq:WP_003787655.1, SO:0001217, UniParc:UPI00020C5ABD, UniRef:UniRef100_F5S8D8, UniRef:UniRef50_P44474, UniRef:UniRef90_F5S8D8"
contig_9	cds	9797	10669	+	KK01_04170	mreC	rod shape-determining protein MreC	"COG:COG1792, COG:DZ, KEGG:K03570, RefSeq:WP_003791010.1, SO:0001217, UniParc:UPI0002584B6B, UniRef:UniRef100_UPI0002584B6B, UniRef:UniRef50_F5S8D9, UniRef:UniRef90_F5S8D9"
contig_9	cds	10666	11169	+	KK01_04175	mreD	rod shape-determining protein MreD	"COG:COG2891, COG:M, KEGG:K03571, SO:0001217, UniRef:UniRef50_F5S8E0, UniRef:UniRef90_F5S8E0"
contig_9	cds	11174	13225	+	KK01_04180	mrdA	penicillin-binding protein 2	"COG:COG0768, COG:DM, EC:3.4.16.4, KEGG:K05515, RefSeq:WP_019389634.1, SO:0001217, UniParc:UPI000316DCE3, UniRef:UniRef100_UPI000316DCE3, UniRef:UniRef50_G4CS15, UniRef:UniRef90_F5S8E1"
contig_9	cds	13222	14343	+	KK01_04185	rodA	rod shape-determining protein RodA	"COG:COG0772, COG:D, KEGG:K05837, RefSeq:WP_019389635.1, SO:0001217, UniParc:UPI0002FA41B1, UniRef:UniRef100_UPI0002FA41B1, UniRef:UniRef50_G4CGZ6, UniRef:UniRef90_F5S8E2"
contig_9	cds	14393	14821	+	KK01_04190	pasT	Ribosome association toxin PasT (RatA) of the RatAB toxin-antitoxin module	"COG:COG2867, COG:J, RefSeq:WP_019389636.1, SO:0001217, UniParc:UPI00031DDE7B, UniRef:UniRef100_UPI00031DDE7B, UniRef:UniRef50_V9HM17, UniRef:UniRef90_F5S8E3"
contig_9	cds	14814	15095	+	KK01_04195	pasI	RnfH family protein	"COG:COG2914, COG:V, KEGG:K09801, RefSeq:WP_019389637.1, SO:0001217, UniParc:UPI0002E2A05F, UniRef:UniRef100_UPI0002E2A05F, UniRef:UniRef50_C4GIL9, UniRef:UniRef90_F5S8E4"
contig_9	cds	15109	15690	+	KK01_04200	pth	aminoacyl-tRNA hydrolase	"COG:COG0193, COG:J, SO:0001217, UniRef:UniRef50_A0A415CIQ1, UniRef:UniRef90_F5S8E5"
contig_9	cds	15795	17051	+	KK01_04205	rsmB	16S rRNA (cytosine(967)-C(5))-methyltransferase RsmB	"COG:COG0144, COG:J, EC:2.1.1.176, KEGG:K03500, RefSeq:WP_038313473.1, SO:0001217, UniParc:UPI000408ECDB, UniRef:UniRef100_UPI000408ECDB, UniRef:UniRef50_F0F2H5, UniRef:UniRef90_F5S8E6"
contig_9	cds	17029	17658	+	KK01_04210		DUF4390 domain-containing protein	"SO:0001217, UniRef:UniRef50_F5S8E7, UniRef:UniRef90_F5S8E7"
contig_9	cds	17814	19943	+	KK01_04215	ntrY	Signal transduction histidine kinase NtrY involved in nitrogen fixation and metabolism regulation	"COG:COG5000, COG:T, EC:2.7.13.3, KEGG:K13598, SO:0001217, UniRef:UniRef50_A0A4R2MQL2, UniRef:UniRef90_F5S8E8"
contig_9	cds	19949	21226	+	KK01_04220	ntrC	"DNA-binding transcriptional response regulator, NtrC family, contains REC, AAA-type ATPase, and a Fis-type DNA-binding domains"	"COG:COG2204, COG:T, RefSeq:WP_003790994.1, SO:0001217, UniParc:UPI0002584619, UniRef:UniRef100_UPI0002584619, UniRef:UniRef50_V7IFI1, UniRef:UniRef90_F5S8E9"
contig_9	cds	21309	22337	+	KK01_04225	lpxK	tetraacyldisaccharide 4'-kinase	"COG:COG1663, COG:M, EC:2.7.1.130, KEGG:K00912, RefSeq:WP_019389641.1, SO:0001217, UniParc:UPI0002E51DAE, UniRef:UniRef100_UPI0002E51DAE, UniRef:UniRef50_Q9K0D7, UniRef:UniRef90_F5S8F0"
contig_9	cds	22433	23290	-	KK01_04230	mutK	"Membrane protein MutK/YedI, may be involved in DNA repair"	"COG:COG2354, COG:L, RefSeq:WP_019389642.1, SO:0001217, UniParc:UPI0002D9E25E, UniRef:UniRef100_UPI0002D9E25E, UniRef:UniRef50_G2PSV2, UniRef:UniRef90_F5S8F1"
contig_9	cds	23494	24162	-	KK01_04235	pgmB	beta-phosphoglucomutase	"COG:COG0637, COG:G, RefSeq:WP_019389643.1, SO:0001217, UniParc:UPI0002D89B98, UniRef:UniRef100_UPI0002D89B98, UniRef:UniRef50_P71447, UniRef:UniRef90_F5S8F3"
contig_9	cds	24165	26429	-	KK01_04240	aTH1	Kojibiose phosphorylase YcjT	"COG:COG1554, COG:G, EC:2.4.1.8, KEGG:K00691, SO:0001217, UniRef:UniRef50_E6ENP7, UniRef:UniRef90_F5S8F4"
contig_9	cds	26747	28093	-	KK01_04245		Major facilitator superfamily permease	"RefSeq:WP_019389645.1, SO:0001217, UniParc:UPI0002F567BE, UniRef:UniRef100_UPI0002F567BE, UniRef:UniRef50_A0A512FNR3, UniRef:UniRef90_F5S8F5"
contig_9	cds	28444	29226	-	KK01_04250	ygiD	"4,5-DOPA dioxygenase extradiol"	"COG:COG3384, COG:Q, EC:1.13.11.-, KEGG:K15777, SO:0001217, UniRef:UniRef50_F5S8F6, UniRef:UniRef90_F5S8F6"
contig_9	cds	29340	30326	+	KK01_04255	fbp	class 1 fructose-bisphosphatase	"COG:COG0158, COG:G, EC:3.1.3.11, KEGG:K03841, RefSeq:WP_060537172.1, SO:0001217, UniParc:UPI000705A024, UniRef:UniRef100_UPI000705A024, UniRef:UniRef50_Q9JZH1, UniRef:UniRef90_F5S8F7"
contig_9	cds	30634	31245	+	KK01_04260	aat	leucyl/phenylalanyl-tRNA--protein transferase	"COG:COG2360, COG:O, EC:2.3.2.6, KEGG:K00684, SO:0001217, UniRef:UniRef50_F0EYY6, UniRef:UniRef90_F5S8F8"
contig_9	cds	31445	34030	+	KK01_04265	acnB	bifunctional aconitate hydratase 2/2-methylisocitrate dehydratase	"COG:C, COG:COG1049, EC:4.2.1.3, EC:4.2.1.99, KEGG:K01682, RefSeq:WP_019389650.1, SO:0001217, UniParc:UPI0002F7D6BF, UniRef:UniRef100_UPI0002F7D6BF, UniRef:UniRef50_P36683, UniRef:UniRef90_D2ZYA1"
contig_9	cds	34177	34545	+	KK01_04270	yohJ	"Putative effector of murein hydrolase LrgA, UPF0299 family"	"COG:COG1380, COG:R, KEGG:K06518, RefSeq:WP_003787703.1, SO:0001217, UniParc:UPI00020C5FDD, UniRef:UniRef100_F5S8G1, UniRef:UniRef50_V7IE52, UniRef:UniRef90_F5S8G1"
contig_9	cds	34542	35234	+	KK01_04275	lrgB	Putative effector of murein hydrolase	"COG:COG1346, COG:M, RefSeq:WP_019389651.1, SO:0001217, UniParc:UPI0002EB02DE, UniRef:UniRef100_UPI0002EB02DE, UniRef:UniRef50_G4CJ76, UniRef:UniRef90_F5S8G2"
contig_9	cds	35413	36774	-	KK01_04280	accC	acetyl-CoA carboxylase biotin carboxylase subunit	"COG:COG0439, COG:I, RefSeq:WP_060537170.1, SO:0001217, UniParc:UPI000705FB74, UniRef:UniRef100_UPI000705FB74, UniRef:UniRef50_F9Y8L4, UniRef:UniRef90_F5S8G3"
contig_9	cds	36820	37287	-	KK01_04285	accB	acetyl-CoA carboxylase biotin carboxyl carrier protein	"COG:COG0511, COG:I, RefSeq:WP_019389654.1, SO:0001217, UniParc:UPI0002DD75DB, UniRef:UniRef100_UPI0002DD75DB, UniRef:UniRef50_I7IL55, UniRef:UniRef90_F5S8G4"
contig_9	cds	37513	38298	-	KK01_04290	spoU	tRNA G18 (ribose-2'-O)-methylase SpoU	"COG:COG0566, COG:J, RefSeq:WP_019389655.1, SO:0001217, UniParc:UPI00031E3BE1, UniRef:UniRef100_UPI00031E3BE1, UniRef:UniRef50_A0A7H9W9R1, UniRef:UniRef90_F5S8G6"
contig_9	cds	38413	39834	-	KK01_04295	trkA	Trk system potassium transporter TrkA	"COG:COG0569, COG:PT, RefSeq:WP_019389656.1, SO:0001217, UniParc:UPI0002E1B45B, UniRef:UniRef100_UPI0002E1B45B, UniRef:UniRef50_G4CHG4, UniRef:UniRef90_F5S8G7"
contig_9	cds	39986	41110	+	KK01_04300	fepB	"ABC-type Fe3+-hydroxamate transport system, periplasmic component"	"COG:COG0614, COG:P, SO:0001217, UniRef:UniRef50_F5S8G8, UniRef:UniRef90_F5S8G8"
contig_9	cds	41288	42328	+	KK01_04305	fepD	"ABC-type Fe3+-siderophore transport system, permease component"	"COG:COG0609, COG:P, RefSeq:WP_019389658.1, SO:0001217, UniParc:UPI0003644637, UniRef:UniRef100_UPI0003644637, UniRef:UniRef50_A0A0P0Z403, UniRef:UniRef90_F5S8G9"
contig_9	cds	42538	43776	+	KK01_04310	fepB	"ABC-type Fe3+-hydroxamate transport system, periplasmic component"	"COG:COG0614, COG:P, SO:0001217, UniRef:UniRef50_E1W2M3, UniRef:UniRef90_F5S8H0"
contig_9	cds	43787	44581	+	KK01_04315	fepC	"ABC-type cobalamin/Fe3+-siderophores transport system, ATPase component"	"COG:COG1120, COG:PH, RefSeq:WP_019389660.1, SO:0001217, UniParc:UPI000315BF38, UniRef:UniRef100_UPI000315BF38, UniRef:UniRef50_A0A3S5F386, UniRef:UniRef90_F5S8H1"
contig_9	cds	44593	45024	+	KK01_04320	petE	pseudoazurin	"COG:C, COG:COG3794, RefSeq:WP_003790954.1, SO:0001217, UniParc:UPI00025845FF, UniRef:UniRef100_UPI00025845FF, UniRef:UniRef50_A3N392, UniRef:UniRef90_F5S8H2"
contig_9	cds	45110	45937	+	KK01_04325	lysX	"Glutathione synthase, LysX or RimK-type ligase, ATP-grasp superfamily"	"COG:COG0189, COG:EHJQ, RefSeq:WP_019389661.1, SO:0001217, UniParc:UPI0002DF7733, UniRef:UniRef100_UPI0002DF7733, UniRef:UniRef50_F5S8H3, UniRef:UniRef90_F5S8H3"
contig_9	cds	46066	46761	-	KK01_04330		Putative thiosulphate sulfur transferase	"RefSeq:WP_019389662.1, SO:0001217, UniParc:UPI0002DFC7F6, UniRef:UniRef100_UPI0002DFC7F6, UniRef:UniRef50_F5S8H4, UniRef:UniRef90_F5S8H4"
contig_9	cds	46830	48806	-	KK01_04335	tkt	transketolase	"COG:COG0021, COG:G, SO:0001217, UniRef:UniRef50_Q89AY2, UniRef:UniRef90_F5S8H5"
contig_9	cds	48830	49060	-	KK01_04340		Inner membrane protein	"SO:0001217, UniRef:UniRef50_F5S8H6, UniRef:UniRef90_A0A238HI96"
contig_9	cds	49222	50004	+	KK01_04345	wcaA	Glycosyltransferase involved in cell wall bisynthesis	"COG:COG0463, COG:M, EC:2.4.1.-, KEGG:K12984, RefSeq:WP_003787735.1, SO:0001217, UniParc:UPI00020C5FED, UniRef:UniRef100_F5S8H7, UniRef:UniRef50_A0A3S4U9H6, UniRef:UniRef90_F5S8H7"
contig_9	cds	49991	51010	+	KK01_04350	rfaB	Glycosyltransferase involved in cell wall bisynthesis	"COG:COG0438, COG:M, RefSeq:WP_038309442.1, SO:0001217, UniParc:UPI000413DAC3, UniRef:UniRef100_UPI000413DAC3, UniRef:UniRef50_F5S8H8, UniRef:UniRef90_F5S8H8"
contig_9	cds	51036	52511	+	KK01_04355	trpE	anthranilate synthase component I	"COG:COG0147, COG:EH, EC:4.1.3.27, KEGG:K01657, RefSeq:WP_019389665.1, SO:0001217, UniParc:UPI0002EAD353, UniRef:UniRef100_UPI0002EAD353, UniRef:UniRef50_P56995, UniRef:UniRef90_F5S8H9"
contig_9	cds	52653	53102	+	KK01_04360	iscR	Fe-S cluster assembly transcriptional regulator IscR	"COG:COG1959, COG:K, RefSeq:WP_003787741.1, SO:0001217, UniParc:UPI00020C5FF0, UniRef:UniRef100_F5S8I0, UniRef:UniRef50_A0A7C1ZUW2, UniRef:UniRef90_F5S8I0"
contig_9	cds	53138	54355	+	KK01_04365	iscS	IscS subfamily cysteine desulfurase	"COG:COG1104, COG:E, RefSeq:WP_019389666.1, SO:0001217, UniParc:UPI0002D54F71, UniRef:UniRef100_UPI0002D54F71, UniRef:UniRef50_Q02RW8, UniRef:UniRef90_V9H5T5"
contig_9	cds	54356	54631	+	KK01_04370	brnT	BrnT family toxin	"RefSeq:WP_019389667.1, SO:0001217, UniParc:UPI0002E1C989, UniRef:UniRef100_UPI0002E1C989, UniRef:UniRef50_A0A2M8GGS8, UniRef:UniRef90_UPI0002E1C989"
contig_9	cds	54635	54841	+	KK01_04375		antitoxin	"RefSeq:WP_038304156.1, SO:0001217, UniParc:UPI00041C6826, UniRef:UniRef100_UPI00041C6826, UniRef:UniRef50_L1NVP7, UniRef:UniRef90_UPI00041C6826"
contig_9	cds	54941	55369	+	KK01_04380		HNH endonuclease	"RefSeq:WP_019389669.1, SO:0001217, UniParc:UPI000360C6EF, UniRef:UniRef100_UPI000360C6EF, UniRef:UniRef50_A0A1A9RKD6, UniRef:UniRef90_UPI000DFEBD0C"
contig_9	cds	55456	55839	+	KK01_04385	iscU	"Fe-S cluster assembly scaffold protein IscU, NifU family"	"COG:COG0822, COG:O, RefSeq:WP_003787748.1, SO:0001217, UniParc:UPI00020C5FF4, UniRef:UniRef100_F5S8I4, UniRef:UniRef50_O31270, UniRef:UniRef90_F5S8I4"
contig_9	cds	55912	56232	+	KK01_04390	iscA	iron-sulfur cluster assembly protein IscA	"COG:COG0316, COG:O, RefSeq:WP_003787750.1, SO:0001217, UniParc:UPI00020C5FF5, UniRef:UniRef100_F5S8I5, UniRef:UniRef50_Q8GLE6, UniRef:UniRef90_F5S8I5"
contig_9	cds	56417	57145	-	KK01_04395		1-acyl-sn-glycerol-3-phosphate acyltransferase	"RefSeq:WP_019389670.1, SO:0001217, UniParc:UPI00037E1BFB, UniRef:UniRef100_UPI00037E1BFB, UniRef:UniRef50_A0A3G9GGW3, UniRef:UniRef90_UPI00056E36D2"
contig_9	cds	57216	57992	-	KK01_04400	map	type I methionyl aminopeptidase	"COG:COG0024, COG:J, SO:0001217, UniRef:UniRef50_A0A839IL51, UniRef:UniRef90_F5S8I7"
contig_9	cds	58201	58293	-	KK01_04405		YozE-SAM-like domain-containing protein	"SO:0001217, UniParc:UPI00037AE67A, UniRef:UniRef100_A0A238HH86, UniRef:UniRef50_A0A238HH86, UniRef:UniRef90_A0A238HH86"
contig_9	cds	58323	58475	-	KK01_04410		DUF4268 domain-containing protein	"RefSeq:WP_019389672.1, SO:0001217, UniParc:UPI000306F827, UniRef:UniRef100_F5S8I8, UniRef:UniRef50_F5S8I8, UniRef:UniRef90_F5S8I8"
contig_10	cds	70	561	+	KK01_04415		type II toxin-antitoxin system death-on-curing family toxin	"KEGG:K07341, RefSeq:WP_038328776.1, SO:0001217, UniParc:UPI00056DBCD2, UniRef:UniRef100_UPI0005705FED, UniRef:UniRef50_UPI0005705FED, UniRef:UniRef90_UPI0005705FED"
contig_10	cds	754	2052	+	KK01_04420	purA	adenylosuccinate synthase	"COG:COG0104, COG:F, RefSeq:WP_060536976.1, SO:0001217, UniParc:UPI00070694E5, UniRef:UniRef100_UPI00070694E5, UniRef:UniRef50_Q9K012, UniRef:UniRef90_F5S4Z6"
contig_10	cds	2128	2886	-	KK01_04425	kdsB	3-deoxy-manno-octulosonate cytidylyltransferase	"COG:COG1212, COG:M, RefSeq:WP_019390322.1, SO:0001217, UniParc:UPI0002E1D6DD, UniRef:UniRef100_UPI0002E1D6DD, UniRef:UniRef50_Q129C7, UniRef:UniRef90_F5S4Z5"
contig_10	cds	2883	3065	-	KK01_04430	trm112	RNA methyltransferase activator Trm112/YbaR	"COG:COG2835, COG:J, KEGG:K09791, RefSeq:WP_003789428.1, SO:0001217, UniParc:UPI000258454E, UniRef:UniRef100_F5S4Z4, UniRef:UniRef50_A1UTQ7, UniRef:UniRef90_F5S4Z4"
contig_10	cds	3176	3715	+	KK01_04435	kdsC	3-deoxy-D-manno-octulosonate 8-phosphate phosphatase KdsC and related HAD superfamily phosphatases	"COG:COG1778, COG:MR, EC:3.1.3.45, KEGG:K03270, RefSeq:WP_003785441.1, SO:0001217, UniParc:UPI00020C59FC, UniRef:UniRef100_F5S4Z3, UniRef:UniRef50_F5S4Z3, UniRef:UniRef90_F5S4Z3"
contig_10	cds	3712	4284	+	KK01_04440	lptC	LPS export ABC transporter periplasmic protein LptC	"COG:COG3117, COG:M, RefSeq:WP_003785440.1, SO:0001217, UniParc:UPI00020C59FB, UniRef:UniRef100_F5S4Z2, UniRef:UniRef50_F5S4Z2, UniRef:UniRef90_F5S4Z2"
contig_10	cds	4268	4783	+	KK01_04445	lptA	lipopolysaccharide transport periplasmic protein LptA	"COG:COG1934, COG:M, KEGG:K09774, RefSeq:WP_019390321.1, SO:0001217, UniParc:UPI0003005AF7, UniRef:UniRef100_UPI0003005AF7, UniRef:UniRef50_A0A1X3DF49, UniRef:UniRef90_F5S4Z1"
contig_10	cds	4958	5686	+	KK01_04450	lptB	LPS export ABC transporter ATP-binding protein	"COG:COG1137, COG:M, RefSeq:WP_019390320.1, SO:0001217, UniParc:UPI0002DF0526, UniRef:UniRef100_UPI0002DF0526, UniRef:UniRef50_A0A0S3PV53, UniRef:UniRef90_F5S4Z0"
contig_10	cds	5848	7203	+	KK01_04455	rpoN	RNA polymerase factor sigma-54	"COG:COG1508, COG:K, KEGG:K03092, RefSeq:WP_026036371.1, SO:0001217, UniParc:UPI0001AF9FF3, UniRef:UniRef100_C6ZNK9, UniRef:UniRef50_F5S4Y9, UniRef:UniRef90_F5S4Y9"
contig_10	cds	7262	7552	+	KK01_04460	raiA	Ribosome-associated translation inhibitor RaiA	"COG:COG1544, COG:J, KEGG:K05808, RefSeq:WP_019390318.1, SO:0001217, UniParc:UPI000303DD5F, UniRef:UniRef100_UPI000303DD5F, UniRef:UniRef50_P0A147, UniRef:UniRef90_F5S4Y8"
contig_10	cds	7780	8142	+	KK01_04465		Type II restriction modification enzyme methyltransferase	"RefSeq:WP_003785432.1, SO:0001217, UniParc:UPI00020C59F6, UniRef:UniRef100_F5S4Y7, UniRef:UniRef50_F5S4Y7, UniRef:UniRef90_F5S4Y7"
contig_10	cds	8132	9817	+	KK01_04470	bgcI	Restriction enzyme BgcI subunit alpha	"EC:2.1.1.72, KEGG:K03427, SO:0001217, UniRef:UniRef50_A0A238HH34, UniRef:UniRef90_A0A238HH34"
contig_10	cds	9835	10929	+	KK01_04475		Restriction endonuclease	"RefSeq:WP_019390317.1, SO:0001217, UniParc:UPI000375BB98, UniRef:UniRef100_UPI000375BB98, UniRef:UniRef50_F5S4Y4, UniRef:UniRef90_F5S4Y4"
contig_10	cds	10981	11868	-	KK01_04480	tyrA	Prephenate dehydrogenase	"COG:COG0287, COG:E, RefSeq:WP_019390316.1, SO:0001217, UniParc:UPI000311BA81, UniRef:UniRef100_UPI000311BA81, UniRef:UniRef50_A0A3S5ABB3, UniRef:UniRef90_F5S4Y3"
contig_10	cds	11874	12440	-	KK01_04485	scpB	Chromosome segregation and condensation protein ScpB	"COG:COG1386, COG:K, KEGG:K06024, RefSeq:WP_019390315.1, SO:0001217, UniParc:UPI0003690F2A, UniRef:UniRef100_UPI0003690F2A, UniRef:UniRef50_A0A0U1RI68, UniRef:UniRef90_F5S4Y2"
contig_10	cds	12455	13897	-	KK01_04490	tldD	metalloprotease TldD	"COG:COG0312, COG:R, RefSeq:WP_019390314.1, SO:0001217, UniParc:UPI0002F6ED9B, UniRef:UniRef100_UPI0002F6ED9B, UniRef:UniRef50_P45297, UniRef:UniRef90_F5S4Y1"
contig_10	cds	14040	14732	+	KK01_04495	yggS	"Pyridoxal 5'-phosphate homeostasis protein YggS, UPF0001 family"	"COG:COG0325, COG:H, KEGG:K06997, RefSeq:WP_019390313.1, SO:0001217, UniParc:UPI000310F883, UniRef:UniRef100_UPI000310F883, UniRef:UniRef50_F5S4Y0, UniRef:UniRef90_F5S4Y0"
contig_10	cds	14849	16501	+	KK01_04500	manB	Phosphomannomutase	"COG:COG1109, COG:G, RefSeq:WP_019390312.1, SO:0001217, UniParc:UPI00030555E3, UniRef:UniRef100_UPI00030555E3, UniRef:UniRef50_V9HB72, UniRef:UniRef90_F5S4X9"
contig_10	cds	16689	17150	-	KK01_04505		Tat pathway signal sequence domain protein	"RefSeq:WP_019390311.1, SO:0001217, UniParc:UPI0003103361, UniRef:UniRef100_UPI0003103361, UniRef:UniRef50_D9SGW3, UniRef:UniRef90_F5S4X8"
contig_10	cds	17777	18223	+	KK01_04510	smpB	SsrA-binding protein SmpB	"COG:COG0691, COG:O, RefSeq:WP_019390309.1, SO:0001217, UniParc:UPI0002EF36C7, UniRef:UniRef100_UPI0002EF36C7, UniRef:UniRef50_Q5F816, UniRef:UniRef90_V9H6R0"
contig_10	cds	18236	18727	+	KK01_04515	folK	2-amino-4-hydroxy-6-hydroxymethyldihydropteridine diphosphokinase	"COG:COG0801, COG:H, RefSeq:WP_019390308.1, SO:0001217, UniParc:UPI0002E04325, UniRef:UniRef100_UPI0002E04325, UniRef:UniRef50_D4DVB0, UniRef:UniRef90_F5S4X5"
contig_10	cds	18797	19900	-	KK01_04520	prfB	peptide chain release factor 2	"COG:COG1186, COG:J, RefSeq:WP_003785405.1, SO:0001217, UniParc:UPI00020C59E9, UniRef:UniRef100_F5S4X4, UniRef:UniRef50_Q7VNG1, UniRef:UniRef90_F5S4X4"
contig_10	cds	19905	20342	-	KK01_04525	rlmH	23S rRNA (pseudouridine(1915)-N(3))-methyltransferase RlmH	"COG:COG1576, COG:J, EC:2.1.1.177, KEGG:K00783, SO:0001217, UniRef:UniRef50_A9M0D2, UniRef:UniRef90_F0EYS8"
contig_10	cds	20378	21361	-	KK01_04530		TPR-REGION domain-containing protein	"RefSeq:WP_019390307.1, SO:0001217, UniParc:UPI000311C83E, UniRef:UniRef100_UPI000311C83E, UniRef:UniRef50_F5S4X2, UniRef:UniRef90_F5S4X2"
contig_10	cds	21377	21769	-	KK01_04535	rsfS	ribosome silencing factor	"COG:COG0799, COG:J, RefSeq:WP_003785402.1, SO:0001217, UniParc:UPI00020C59E6, UniRef:UniRef100_F5S4X1, UniRef:UniRef50_Q7P0P8, UniRef:UniRef90_A0A376BM34"
contig_10	cds	21921	22145	-	KK01_04540		SEL1-like repeat protein	"RefSeq:WP_019390306.1, SO:0001217, UniParc:UPI0002F29310, UniRef:UniRef100_UPI0002F29310, UniRef:UniRef50_UPI0002F29310, UniRef:UniRef90_UPI0002F29310"
contig_10	cds	22215	22838	-	KK01_04545	nadD	nicotinate-nucleotide adenylyltransferase	"COG:COG1057, COG:H, RefSeq:WP_019390305.1, SO:0001217, UniParc:UPI0003800F72, UniRef:UniRef100_UPI0003800F72, UniRef:UniRef50_Q5F556, UniRef:UniRef90_F5S4X0"
contig_10	cds	22913	23872	-	KK01_04550	accA	acetyl-CoA carboxylase carboxyltransferase subunit alpha	"COG:COG0825, COG:I, RefSeq:WP_032134080.1, SO:0001217, UniParc:UPI00040D7185, UniRef:UniRef100_UPI00040D7185, UniRef:UniRef50_Q65UI5, UniRef:UniRef90_F5S4W9"
contig_10	cds	24081	24893	+	KK01_04555	murI	glutamate racemase	"COG:COG0796, COG:M, RefSeq:WP_038304794.1, SO:0001217, UniParc:UPI00041859F2, UniRef:UniRef100_UPI00041859F2, UniRef:UniRef50_P0A0Q9, UniRef:UniRef90_F5S4W7"
contig_10	cds	25121	25420	+	KK01_04560		Lipoprotein	"RefSeq:WP_026036370.1, SO:0001217, UniParc:UPI0002E9EC82, UniRef:UniRef100_F5S4W6, UniRef:UniRef50_F5S4W6, UniRef:UniRef90_F5S4W6"
contig_10	cds	25481	26974	-	KK01_04565	pta	phosphate acetyltransferase	"COG:C, COG:COG0280, EC:2.3.1.8, KEGG:K13788, RefSeq:WP_019390301.1, SO:0001217, UniParc:UPI0003132E78, UniRef:UniRef100_UPI0003132E78, UniRef:UniRef50_F0EYM8, UniRef:UniRef90_F5S4W5"
contig_10	cds	27254	28837	-	KK01_04570	pitA	Phosphate/sulfate permease	"COG:COG0306, COG:P, KEGG:K03306, RefSeq:WP_060536974.1, SO:0001217, UniParc:UPI000706E948, UniRef:UniRef100_UPI000706E948, UniRef:UniRef50_P9WIA4, UniRef:UniRef90_F5S4W4"
contig_10	cds	28967	29719	+	KK01_04575	nIF3	Nif3-like dinuclear metal center hexameric protein	"COG:COG0327, COG:H, SO:0001217, UniRef:UniRef50_Q8XVA0, UniRef:UniRef90_F5S4W3"
contig_10	cds	29944	31119	+	KK01_04580	potD	Spermidine/putrescine-binding periplasmic protein	"COG:COG0687, COG:E, KEGG:K11073, RefSeq:WP_003785386.1, SO:0001217, UniParc:UPI00020C59DD, UniRef:UniRef100_F5S4W2, UniRef:UniRef50_G4CII8, UniRef:UniRef90_F5S4W2"
contig_10	cds	31179	31568	-	KK01_04585	cueR	Cu(I)-responsive transcriptional regulator	"COG:COG0789, COG:K, RefSeq:WP_003785384.1, SO:0001217, UniParc:UPI00020C59DC, UniRef:UniRef100_F5S4W1, UniRef:UniRef50_A0A448MKT7, UniRef:UniRef90_F5S4W1"
contig_10	cds	31669	31881	+	KK01_04590	copZ	Copper chaperone CopZ	"COG:COG2608, COG:P, RefSeq:WP_003785383.1, SO:0001217, UniParc:UPI00020C59DB, UniRef:UniRef100_F5S4W0, UniRef:UniRef50_A0A853KBX1, UniRef:UniRef90_F5S4W0"
contig_10	cds	31991	32299	+	KK01_04595	arsR	"DNA-binding transcriptional regulator, ArsR family"	"COG:COG0640, COG:K, RefSeq:WP_003789372.1, SO:0001217, UniParc:UPI0002584AA5, UniRef:UniRef100_A0A238TAZ3, UniRef:UniRef50_F5S4V9, UniRef:UniRef90_F5S4V9"
contig_10	cds	32311	32826	+	KK01_04600	pspE	Rhodanese-related sulfurtransferase	"COG:COG0607, COG:P, RefSeq:WP_019390299.1, SO:0001217, UniParc:UPI0002FC2DD5, UniRef:UniRef100_UPI0002FC2DD5, UniRef:UniRef50_Q6D3I3, UniRef:UniRef90_F5S4V8"
contig_10	cds	32951	35092	+	KK01_04605	cadA	Cation-transporting P-type ATPase	"COG:COG2217, COG:P, EC:7.2.2.8, KEGG:K17686, RefSeq:WP_019390298.1, SO:0001217, UniParc:UPI000306A632, UniRef:UniRef100_UPI000306A632, UniRef:UniRef50_A0A238T9T1, UniRef:UniRef90_A0A238T9T1"
contig_10	cds	35173	35649	-	KK01_04610	greA	transcription elongation factor GreA	"COG:COG0782, COG:K, KEGG:K03624, RefSeq:WP_003789367.1, SO:0001217, UniParc:UPI0002584AA3, UniRef:UniRef100_F5S4V6, UniRef:UniRef50_Q9JYU3, UniRef:UniRef90_F5S4V6"
contig_10	cds	35807	36280	-	KK01_04615		Lipoprotein	"RefSeq:WP_019390296.1, SO:0001217, UniParc:UPI00036A1122, UniRef:UniRef100_UPI00036A1122, UniRef:UniRef50_C4GHB1, UniRef:UniRef90_F5S4V5"
contig_10	cds	36444	39656	-	KK01_04620	carB	carbamoyl-phosphate synthase large subunit	"COG:COG0458, COG:EF, SO:0001217, UniRef:UniRef50_O50236, UniRef:UniRef90_A0A286E4E3"
contig_10	cds	39896	40216	-	KK01_04625		(pseudo) Very-short-patch-repair endonuclease	"SO:0001217, UniRef:UniRef50_A0A0G4BYG0, UniRef:UniRef90_A0A286E4C3"
contig_10	cds	40350	41480	-	KK01_04630	carA	carbamoyl phosphate synthase small subunit	"COG:COG0505, COG:EF, RefSeq:WP_019390293.1, SO:0001217, UniParc:UPI00037BF9AA, UniRef:UniRef100_UPI00037BF9AA, UniRef:UniRef50_P58896, UniRef:UniRef90_F5S4U8"
contig_10	cds	41715	43964	-	KK01_04635	uvrD	Superfamily I DNA or RNA helicase	"COG:COG0210, COG:L, SO:0001217, UniRef:UniRef50_A0A5B8CQ88, UniRef:UniRef90_F5S4U7"
contig_10	cds	44097	44303	+	KK01_04640	bfd	Bacterioferritin-associated ferredoxin	"COG:COG2906, COG:P, RefSeq:WP_003785358.1, SO:0001217, UniParc:UPI00020C6450, UniRef:UniRef100_F5S4U6, UniRef:UniRef50_V9HB30, UniRef:UniRef90_F5S4U6"
contig_10	cds	44454	45563	+	KK01_04645	recA	recombinase RecA	"COG:COG0468, COG:L, RefSeq:WP_003789345.1, SO:0001217, UniParc:UPI000258454B, UniRef:UniRef100_UPI000258454B, UniRef:UniRef50_P45383, UniRef:UniRef90_A0A1W1WV92"
contig_10	cds	45933	47858	+	KK01_04650	dnaK	molecular chaperone DnaK	"COG:COG0443, COG:O, GO:0005524, GO:0051082, GO:0140662, RefSeq:WP_019390290.1, SO:0001217, UniParc:UPI0003053E48, UniRef:UniRef100_UPI0003053E48, UniRef:UniRef50_Q9K0N4, UniRef:UniRef90_Q9K0N4"
contig_10	cds	48158	49102	-	KK01_04655	ilvE	branched-chain amino acid transaminase	"COG:COG0115, COG:EH, EC:2.6.1.42, KEGG:K00826, RefSeq:WP_019390289.1, SO:0001217, UniParc:UPI000311DAE9, UniRef:UniRef100_UPI000311DAE9, UniRef:UniRef50_O86428, UniRef:UniRef90_F5S4U3"
contig_10	cds	49272	49574	+	KK01_04660		LapA-dom domain-containing protein	"RefSeq:WP_003789339.1, SO:0001217, UniParc:UPI0002584548, UniRef:UniRef100_F5S4U2, UniRef:UniRef50_F5S4U2, UniRef:UniRef90_F5S4U2"
contig_10	cds	49583	50758	+	KK01_04665	lapB	lipopolysaccharide assembly protein LapB	"COG:COG2956, COG:M, RefSeq:WP_003789336.1, SO:0001217, UniParc:UPI0002584547, UniRef:UniRef100_UPI0002584547, UniRef:UniRef50_I4E3J2, UniRef:UniRef90_F5S4U1"
contig_10	cds	50817	51377	-	KK01_04670	efp	elongation factor P	"COG:COG0231, COG:J, GO:0003746, GO:0005737, KEGG:K02356, RefSeq:WP_019390286.1, SO:0001217, UniParc:UPI00037BD25C, UniRef:UniRef100_UPI00037BD25C, UniRef:UniRef50_Q1LKN7, UniRef:UniRef90_Q5F856"
contig_10	ncRNA	51470	51556	-	KK01_04675	NmsRb	Neisseria metabolic switch regulator b (RcoF1/NgncR163)	"RFAM:RF02877, SO:0000655"
contig_10	cds	51726	52196	-	KK01_04680	uspA	"Nucleotide-binding universal stress protein, UspA family"	"COG:COG0589, COG:T, RefSeq:WP_019390285.1, SO:0001217, UniParc:UPI0002EA802E, UniRef:UniRef100_UPI0002EA802E, UniRef:UniRef50_X2H5M0, UniRef:UniRef90_F5S4T9"
contig_10	cds	52228	53103	+	KK01_04685	tcdA	tRNA A37 threonylcarbamoyladenosine dehydratase	"COG:COG1179, COG:J, SO:0001217, UniRef:UniRef50_A0A8B4S1M6, UniRef:UniRef90_F5S4T8"
contig_10	cds	53112	53657	+	KK01_04690	nfnB	Nitroreductase	"COG:C, COG:COG0778, RefSeq:WP_003789329.1, SO:0001217, UniParc:UPI0002584543, UniRef:UniRef100_UPI0002584543, UniRef:UniRef50_A0A1V0DW16, UniRef:UniRef90_F5S4T7"
contig_10	cds	53664	54110	+	KK01_04695	ebgC	"Beta-galactosidase, beta subunit"	"COG:COG2731, COG:G, KEGG:K19334, RefSeq:WP_019390284.1, SO:0001217, UniParc:UPI00031F5044, UniRef:UniRef100_UPI00031F5044, UniRef:UniRef50_F5S4T6, UniRef:UniRef90_F5S4T6"
contig_10	cds	54138	54329	+	KK01_04700		N-acetylmuramoyl-L-alanine amidase	"RefSeq:WP_019390283.1, SO:0001217, UniParc:UPI0002F01B03, UniRef:UniRef100_UPI0002F01B03, UniRef:UniRef50_F5S4T5, UniRef:UniRef90_F5S4T5"
contig_10	cds	54402	55472	+	KK01_04705	leuB	3-isopropylmalate dehydrogenase	"COG:CE, COG:COG0473, EC:1.1.1.85, GO:0000287, GO:0003862, GO:0005829, GO:0009098, GO:0051287, RefSeq:WP_019390282.1, SO:0001217, UniParc:UPI0002D709FC, UniRef:UniRef100_UPI0002D709FC, UniRef:UniRef50_P05645, UniRef:UniRef90_P50180"
contig_10	cds	55589	55963	+	KK01_04710	pAS	PAS domain	"COG:COG2202, COG:T, RefSeq:WP_019390281.1, SO:0001217, UniParc:UPI0002D3A9C9, UniRef:UniRef100_UPI0002D3A9C9, UniRef:UniRef50_G4CSY4, UniRef:UniRef90_F5S4T3"
contig_11	cds	412	1011	+	KK01_04715	tehB	tellurite resistance methyltransferase TehB	"RefSeq:WP_019389266.1, SO:0001217, UniParc:UPI0003048DBC, UniRef:UniRef100_UPI0003048DBC, UniRef:UniRef50_A0A3G2IL34, UniRef:UniRef90_A0A238TCA2"
contig_11	cds	1028	2137	+	KK01_04720	anmK	anhydro-N-acetylmuramic acid kinase	"COG:COG2377, COG:M, EC:2.7.1.170, KEGG:K09001, RefSeq:WP_019389265.1, SO:0001217, UniParc:UPI0002DC4589, UniRef:UniRef100_UPI0002DC4589, UniRef:UniRef50_Q9K118, UniRef:UniRef90_F5S5L2"
contig_11	cds	2385	2807	+	KK01_04725	hisJ	"ABC-type amino acid transport/signal transduction system, periplasmic component/domain"	"COG:COG0834, COG:ET, SO:0001217, UniRef:UniRef50_F5S5L3, UniRef:UniRef90_F5S5L3"
contig_11	cds	2758	3183	+	KK01_04730	hisJ	"ABC-type amino acid transport/signal transduction system, periplasmic component/domain"	"COG:COG0834, COG:ET, RefSeq:WP_019389264.1, SO:0001217, UniParc:UPI000313DD35, UniRef:UniRef100_UPI000313DD35, UniRef:UniRef50_UPI000313DD35, UniRef:UniRef90_UPI000313DD35"
contig_11	cds	3193	4050	+	KK01_04735	rnfB	"Na+-translocating ferredoxin:NAD+ oxidoreductase RNF, RnfB subunit"	"COG:C, COG:COG2878, RefSeq:WP_003785790.1, SO:0001217, UniParc:UPI00020C6483, UniRef:UniRef100_F5S5L5, UniRef:UniRef50_V7IFQ2, UniRef:UniRef90_F5S5L5"
contig_11	cds	4069	4938	+	KK01_04740	spo0J	"Chromosome segregation protein Spo0J, contains ParB-like nuclease domain"	"COG:COG1475, COG:D, KEGG:K03497, RefSeq:WP_003785792.1, SO:0001217, UniParc:UPI00020C6484, UniRef:UniRef100_F5S5L6, UniRef:UniRef50_Q9JXP5, UniRef:UniRef90_F5S5L6"
contig_11	cds	4958	5287	+	KK01_04745		hypothetical protein	
contig_11	cds	5156	5905	-	KK01_04750	ehuA	"ABC-type polar amino acid transport system, ATPase component"	"COG:COG1126, COG:E, RefSeq:WP_003789781.1, SO:0001217, UniParc:UPI0002585015, UniRef:UniRef100_UPI0002585015, UniRef:UniRef50_F5S5L7, UniRef:UniRef90_F5S5L7"
contig_11	cds	5920	6636	-	KK01_04755	hisM	"ABC-type amino acid transport system, permease component"	"COG:COG0765, COG:E, SO:0001217, UniRef:UniRef50_P42200, UniRef:UniRef90_F5S5L8"
contig_11	cds	6764	7621	-	KK01_04760	hisJ	"ABC-type amino acid transport/signal transduction system, periplasmic component/domain"	"COG:COG0834, COG:ET, RefSeq:WP_003789783.1, SO:0001217, UniParc:UPI0002585017, UniRef:UniRef100_UPI0002585017, UniRef:UniRef50_P45024, UniRef:UniRef90_F5S5L9"
contig_11	cds	7722	8750	-	KK01_04765	trpD	"Anthranilate phosphoribosyltransferase, glycosyltransferase domain"	"COG:COG0547, COG:E, EC:2.4.2.18, KEGG:K00766, SO:0001217, UniRef:UniRef50_Q13TW5, UniRef:UniRef90_F5S5M0"
contig_11	cds	8845	9879	-	KK01_04770	pyrC	dihydroorotase	"COG:COG0418, COG:F, RefSeq:WP_019389260.1, SO:0001217, UniParc:UPI0002D74337, UniRef:UniRef100_UPI0002D74337, UniRef:UniRef50_Q9K0D1, UniRef:UniRef90_F5S5M1"
contig_11	cds	9891	10118	-	KK01_04775	tusA	"Sulfur carrier protein TusA (tRNA thiolation, molybdenum cofactor biosynthesis)"	"COG:COG0425, COG:JHO, RefSeq:WP_019389259.1, SO:0001217, UniParc:UPI0002ED31E0, UniRef:UniRef100_UPI0003FEB25D, UniRef:UniRef50_G4CQD5, UniRef:UniRef90_F5S5M3"
contig_11	cds	10233	10589	+	KK01_04780		RNase H domain-containing protein	"RefSeq:WP_003789787.1, SO:0001217, UniParc:UPI000258501B, UniRef:UniRef100_UPI000258501B, UniRef:UniRef50_F5S5M4, UniRef:UniRef90_F5S5M4"
contig_11	cds	10642	10929	-	KK01_04785		Membrane protein	"RefSeq:WP_003785811.1, SO:0001217, UniParc:UPI00020C648D, UniRef:UniRef100_F5S5M5, UniRef:UniRef50_F0EX00, UniRef:UniRef90_F5S5M5"
contig_11	cds	11047	12111	-	KK01_04790	hemE	uroporphyrinogen decarboxylase	"COG:COG0407, COG:H, EC:4.1.1.37, KEGG:K01599, RefSeq:WP_019389258.1, SO:0001217, UniParc:UPI0002F8786B, UniRef:UniRef100_UPI0002F8786B, UniRef:UniRef50_Q7NZ00, UniRef:UniRef90_F5S5M6"
contig_11	cds	12131	14686	-	KK01_04795	glnD	[protein-PII] uridylyltransferase	"COG:COG2844, COG:OT, RefSeq:WP_019389257.1, SO:0001217, UniParc:UPI0002DB03AD, UniRef:UniRef100_UPI0002DB03AD, UniRef:UniRef50_D4DR37, UniRef:UniRef90_F5S5M7"
contig_11	cds	14795	15814	+	KK01_04800	pyrD	quinone-dependent dihydroorotate dehydrogenase	"COG:COG0167, COG:F, SO:0001217, UniRef:UniRef50_Q2Y5H8, UniRef:UniRef90_F5S5M8"
contig_11	cds	15834	16457	+	KK01_04805	ycgM	"2-keto-4-pentenoate hydratase/2-oxohepta-3-ene-1,7-dioic acid hydratase (catechol pathway)"	"COG:COG0179, COG:Q, SO:0001217, UniRef:UniRef50_G4CEU8, UniRef:UniRef90_F5S5M9"
contig_11	cds	16492	17328	+	KK01_04810	serB	phosphoserine phosphatase SerB	"COG:COG0560, COG:E, EC:3.1.3.3, KEGG:K01079, SO:0001217, UniRef:UniRef50_I1XKY7, UniRef:UniRef90_F5S5N0"
contig_11	cds	17404	19773	-	KK01_04815	mrcA	Membrane carboxypeptidase/penicillin-binding protein	"COG:COG5009, COG:M, EC:2.4.1.129, EC:3.4.16.4, KEGG:K05366, SO:0001217, UniRef:UniRef50_Q5FAC7, UniRef:UniRef90_F5S5N1"
contig_11	cds	19915	21018	+	KK01_04820	pilM	"Type IV pilus assembly protein, ATPase PilM"	"COG:COG4972, COG:NW, KEGG:K02662, RefSeq:WP_003785822.1, SO:0001217, UniParc:UPI0001829D28, UniRef:UniRef100_B6SE76, UniRef:UniRef50_A0A7D7REZ8, UniRef:UniRef90_B6SE76"
contig_11	cds	21020	21679	+	KK01_04825	pilN	Type IV pilus assembly protein PilN	"COG:COG3166, COG:NW, RefSeq:WP_026036228.1, SO:0001217, UniParc:UPI0001829D29, UniRef:UniRef100_B6SE77, UniRef:UniRef50_F0EW55, UniRef:UniRef90_F5S5N3"
contig_11	cds	21682	22305	+	KK01_04830	pilO	Type IV pilus assembly protein PilO	"COG:COG3167, COG:NW, RefSeq:WP_019389252.1, SO:0001217, UniParc:UPI0001829D2A, UniRef:UniRef100_B6SE78, UniRef:UniRef50_V9HD01, UniRef:UniRef90_F5S5N4"
contig_11	cds	22339	22869	+	KK01_04835	pilP	Type IV pilus assembly protein PilP	"COG:COG3168, COG:NW, SO:0001217, UniParc:UPI0001829D2B, UniRef:UniRef100_B6SE79, UniRef:UniRef50_F5S5N5, UniRef:UniRef90_F5S5N5"
contig_11	cds	22903	25005	+	KK01_04840	pilQ	"Type II secretory pathway, component HofQ"	"COG:COG4796, COG:U, KEGG:K02666, SO:0001217, UniParc:UPI0001829D2C, UniRef:UniRef100_B6SE80, UniRef:UniRef50_Q70M91, UniRef:UniRef90_F5S5N6"
contig_11	cds	25041	25574	+	KK01_04845	aroK	Shikimate kinase	"COG:COG0703, COG:E, SO:0001217, UniRef:UniRef50_Q5FAD3, UniRef:UniRef90_F5S5N7"
contig_11	cds	25574	26656	+	KK01_04850	aroB	3-dehydroquinate synthase	"COG:COG0337, COG:E, RefSeq:WP_038303704.1, SO:0001217, UniParc:UPI0003F77B20, UniRef:UniRef100_UPI0003F77B20, UniRef:UniRef50_P43879, UniRef:UniRef90_F5S5N8"
contig_11	cds	26675	27091	+	KK01_04855	proQ	ProQ domain-containing protein	"RefSeq:WP_003785834.1, SO:0001217, UniParc:UPI00020C649A, UniRef:UniRef100_F5S5N9, UniRef:UniRef50_X2HGU8, UniRef:UniRef90_F5S5N9"
contig_11	cds	27170	29044	-	KK01_04860	mutL	DNA mismatch repair endonuclease MutL	"COG:COG0323, COG:L, RefSeq:WP_154700150.1, SO:0001217, UniParc:UPI000E043D6B, UniRef:UniRef100_UPI000E043D6B, UniRef:UniRef50_A0A0C1H3V0, UniRef:UniRef90_F5S5P0"
contig_11	cds	29140	29427	-	KK01_04865		(pseudo) hypothetical protein	"SO:0001217, UniRef:UniRef50_UPI001314B7AD, UniRef:UniRef90_UPI001314B7AD"
contig_11	cds	29625	30842	-	KK01_04870		(pseudo) PT domain-containing protein	"SO:0001217, UniRef:UniRef50_UPI001FB5711E, UniRef:UniRef90_UPI001FB5711E"
contig_11	cds	31128	32048	+	KK01_04875	pyrB	aspartate carbamoyltransferase	"COG:COG0540, COG:F, RefSeq:WP_154700152.1, SO:0001217, UniParc:UPI000E015F65, UniRef:UniRef100_UPI000E015F65, UniRef:UniRef50_Q9KP66, UniRef:UniRef90_F5S5P1"
contig_11	cds	32063	32521	+	KK01_04880	pyrI	aspartate carbamoyltransferase regulatory subunit	"COG:COG1781, COG:F, KEGG:K00610, RefSeq:WP_003785837.1, SO:0001217, UniParc:UPI00020C649D, UniRef:UniRef100_F5S5P2, UniRef:UniRef50_Q9K1K9, UniRef:UniRef90_F5S5P2"
contig_11	cds	32803	33690	+	KK01_04885	hslO	Hsp33 family molecular chaperone HslO	"COG:COG1281, COG:O, KEGG:K04083, RefSeq:WP_038303696.1, SO:0001217, UniParc:UPI00040F7E05, UniRef:UniRef100_UPI00040F7E05, UniRef:UniRef50_Q9JWC8, UniRef:UniRef90_F5S5P3"
contig_11	cds	33788	34798	+	KK01_04890	trpS	tryptophan--tRNA ligase	"COG:COG0180, COG:J, RefSeq:WP_019389242.1, SO:0001217, UniParc:UPI00031ACC1C, UniRef:UniRef100_UPI00031ACC1C, UniRef:UniRef50_Q9JYQ9, UniRef:UniRef90_F5S5P4"
contig_11	cds	34879	35367	-	KK01_04895		Copper(I)-binding protein	"COG:COG2847, COG:P, RefSeq:WP_019389241.1, SO:0001217, UniParc:UPI0002F4138E, UniRef:UniRef100_UPI0002F4138E, UniRef:UniRef50_A0A0C5DFR9, UniRef:UniRef90_F5S5P5"
contig_11	cds	35549	36457	-	KK01_04900	ubiX	Flavin prenyltransferase UbiX	"COG:COG0163, COG:H, EC:2.5.1.129, KEGG:K03186, SO:0001217, UniRef:UniRef50_F5S5P6, UniRef:UniRef90_F5S5P6"
contig_11	cds	36645	37190	+	KK01_04905	algH	YqgE/AlgH family protein	"COG:COG1678, COG:K, RefSeq:WP_019389239.1, SO:0001217, UniParc:UPI00035EA05C, UniRef:UniRef100_UPI00035EA05C, UniRef:UniRef50_Q9JZ17, UniRef:UniRef90_F5S5P7"
contig_11	cds	37183	37638	+	KK01_04910	ruvX	Holliday junction resolvase RuvX	"COG:COG0816, COG:JLK, EC:3.1.-.-, KEGG:K07447, RefSeq:WP_019389238.1, SO:0001217, UniParc:UPI00031C9EB3, UniRef:UniRef100_UPI00031C9EB3, UniRef:UniRef50_Q82U42, UniRef:UniRef90_F5S5P8"
contig_11	cds	37625	37753	+	KK01_04915		(pseudo) hypothetical protein	"RefSeq:WP_003785845.1, SO:0001217, UniParc:UPI00020C64A4, UniRef:UniRef100_F5S5P9, UniRef:UniRef50_F5S5P9, UniRef:UniRef90_F5S5P9"
contig_11	cds	37790	38137	-	KK01_04920	folB	dihydroneopterin aldolase	"COG:COG1539, COG:H, RefSeq:WP_019389237.1, SO:0001217, UniParc:UPI0002D844B4, UniRef:UniRef100_UPI0002D844B4, UniRef:UniRef50_D4DTA3, UniRef:UniRef90_F5S5Q0"
contig_11	cds	38396	41347	-	KK01_04925	ftsK	DNA segregation ATPase FtsK/SpoIIIE or related protein	"COG:COG1674, COG:D, SO:0001217, UniRef:UniRef50_F5S5Q2, UniRef:UniRef90_F5S5Q2"
contig_11	cds	41459	43624	-	KK01_04930	dinG	ATP-dependent DNA helicase DinG	"COG:COG1199, COG:L, EC:5.6.2.3, KEGG:K03722, SO:0001217, UniRef:UniRef50_A0A448UEC5, UniRef:UniRef90_F5S5Q3"
contig_11	cds	43683	44141	-	KK01_04935		DUF5060 domain-containing protein	"RefSeq:WP_019389234.1, SO:0001217, UniParc:UPI0002FF4629, UniRef:UniRef100_UPI0002FF4629, UniRef:UniRef50_F5S5Q4, UniRef:UniRef90_F5S5Q4"
contig_11	cds	44278	44769	-	KK01_04940	greB	transcription elongation factor GreB	"COG:COG0782, COG:K, KEGG:K04760, RefSeq:WP_019389233.1, SO:0001217, UniParc:UPI00037E6D43, UniRef:UniRef100_UPI00037E6D43, UniRef:UniRef50_Q9K0C5, UniRef:UniRef90_F5S5Q5"
contig_11	cds	45033	46610	-	KK01_04945		DUF945 domain-containing protein	"SO:0001217, UniRef:UniRef50_V9H8D3, UniRef:UniRef90_F5S5Q6"
contig_11	cds	46714	47568	-	KK01_04950	fkpA	FKBP-type peptidyl-prolyl cis-trans isomerase	"COG:COG0545, COG:O, RefSeq:WP_003785855.1, SO:0001217, UniParc:UPI00020C6970, UniRef:UniRef100_F5S5Q7, UniRef:UniRef50_F5S5Q7, UniRef:UniRef90_F5S5Q7"
contig_11	cds	47679	48617	+	KK01_04955	prmB	50S ribosomal protein L3 N(5)-glutamine methyltransferase	"COG:COG2890, COG:J, EC:2.1.1.298, KEGG:K07320, SO:0001217, UniRef:UniRef50_Q9JYC0, UniRef:UniRef90_F5S5Q8"
contig_11	cds	48716	49009	+	KK01_04960		DUF1778 domain-containing protein	"COG:COG4453, COG:S, RefSeq:WP_003785861.1, SO:0001217, UniParc:UPI00020C6974, UniRef:UniRef100_F5S5R1, UniRef:UniRef50_F5S5R1, UniRef:UniRef90_F5S5R1"
contig_11	cds	49000	49515	+	KK01_04965		GNAT family toxin-antitoxin system	"RefSeq:WP_019389230.1, SO:0001217, UniParc:UPI0002F44911, UniRef:UniRef100_UPI0002F44911, UniRef:UniRef50_A0A1A7PUU3, UniRef:UniRef90_F5S5R2"
contig_11	cds	49548	51815	+	KK01_04970	tex	Transcriptional accessory protein Tex/SPT6	"COG:COG2183, COG:K, RefSeq:WP_019389229.1, SO:0001217, UniParc:UPI0003124646, UniRef:UniRef100_UPI0003124646, UniRef:UniRef50_Q51152, UniRef:UniRef90_F5S5R3"
contig_11	cds	51892	52464	+	KK01_04975	pabA	Anthranilate/para-aminobenzoate synthase component II (glutamine amidotransferase)	"COG:COG0512, COG:EH, RefSeq:WP_019389228.1, SO:0001217, UniParc:UPI00030A58C9, UniRef:UniRef100_UPI00030A58C9, UniRef:UniRef50_A0A291DSQ3, UniRef:UniRef90_F5S5R4"
contig_11	cds	52461	53471	+	KK01_04980	rfbB	"dTDP-glucose 4,6-dehydratase"	"COG:COG1088, COG:M, SO:0001217, UniRef:UniRef50_A0A809S295, UniRef:UniRef90_F5S5R5"
contig_12	cds	750	950	-	KK01_04985		"Phosphate ABC superfamily ATP binding cassette transporter, permease protein"	"RefSeq:WP_038303200.1, SO:0001217, UniParc:UPI0003FF11CF, UniRef:UniRef100_UPI0003FF11CF, UniRef:UniRef50_F5S5J2, UniRef:UniRef90_F5S5J2"
contig_12	cds	965	1855	-	KK01_04990	gluQRS	tRNA glutamyl-Q(34) synthetase GluQRS	"COG:COG0008, COG:J, RefSeq:WP_038321643.1, SO:0001217, UniParc:UPI00041D3B9D, UniRef:UniRef100_UPI00041D3B9D, UniRef:UniRef50_Q9K141, UniRef:UniRef90_F5S5J1"
contig_12	cds	2031	3356	-	KK01_04995	phoR	phosphate regulon sensor histidine kinase PhoR	"COG:COG5002, COG:T, RefSeq:WP_038315621.1, SO:0001217, UniParc:UPI00040130E1, UniRef:UniRef100_UPI00040130E1, UniRef:UniRef50_F0EWT0, UniRef:UniRef90_F5S5J0"
contig_12	cds	3361	4056	-	KK01_05000	phoB	"DNA-binding response regulator, OmpR family, contains REC and winged-helix (wHTH) domain"	"COG:COG0745, COG:TK, RefSeq:WP_019390208.1, SO:0001217, UniParc:UPI0003771B04, UniRef:UniRef100_UPI0003771B04, UniRef:UniRef50_F5S5I9, UniRef:UniRef90_F5S5I9"
contig_12	cds	4049	4924	-	KK01_05005	lpxP	lipid A biosynthesis lauroyl acyltransferase	"COG:COG1560, COG:I, EC:2.3.1.-, EC:2.3.1.241, KEGG:K02517, SO:0001217, UniRef:UniRef50_C0DUQ2, UniRef:UniRef90_F5S5I8"
contig_12	cds	4937	5437	-	KK01_05010		Lipoprotein	"RefSeq:WP_019390206.1, SO:0001217, UniParc:UPI0002FE941C, UniRef:UniRef100_UPI0002FE941C, UniRef:UniRef50_F0EWT3, UniRef:UniRef90_UPI00041D0C6C"
contig_12	cds	5437	6219	-	KK01_05015	trpC	indole-3-glycerol phosphate synthase TrpC	"COG:COG0134, COG:E, RefSeq:WP_019390205.1, SO:0001217, UniParc:UPI0002DE3DC7, UniRef:UniRef100_UPI0002DE3DC7, UniRef:UniRef50_A0A378JXI3, UniRef:UniRef90_F5S5I7"
contig_12	cds	6400	7458	-	KK01_05020	lprI	LprI domain-containing protein	"RefSeq:WP_154699939.1, SO:0001217, UniParc:UPI000E04C6A0, UniRef:UniRef100_UPI000E04C6A0, UniRef:UniRef50_F5S5I6, UniRef:UniRef90_F5S5I6"
contig_12	cds	7547	7732	-	KK01_05025		hypothetical protein	"RefSeq:WP_019390203.1, SO:0001217, UniParc:UPI0003759F54, UniRef:UniRef100_UPI0003759F54, UniRef:UniRef50_F5S5I5, UniRef:UniRef90_F5S5I5"
contig_12	cds	8078	8332	+	KK01_05030		Secreted protein	"RefSeq:WP_003785731.1, SO:0001217, UniParc:UPI00020C5F35, UniRef:UniRef100_F5S5I4, UniRef:UniRef50_F5S5I4, UniRef:UniRef90_F5S5I4"
contig_12	cds	8374	10428	+	KK01_05035	metG	methionine--tRNA ligase	"COG:COG0143, COG:J, RefSeq:WP_026036358.1, SO:0001217, UniParc:UPI0004752DF6, UniRef:UniRef100_UPI0004752DF6, UniRef:UniRef50_A0L8S1, UniRef:UniRef90_F5S5I3"
contig_12	cds	10518	12920	-	KK01_05040	cirA	"Outer membrane receptor protein, Fe transport"	"COG:COG1629, COG:P, KEGG:K16087, RefSeq:WP_003789733.1, SO:0001217, UniParc:UPI0002584AE0, UniRef:UniRef100_UPI0002584AE0, UniRef:UniRef50_F5S5I2, UniRef:UniRef90_F5S5I2"
contig_12	cds	12963	13991	-	KK01_05045		Hemoglobin-haptoglobin-utilization protein A	"RefSeq:WP_019390201.1, SO:0001217, UniParc:UPI0002F0AF2F, UniRef:UniRef100_UPI0002F0AF2F, UniRef:UniRef50_F5S5I1, UniRef:UniRef90_F5S5I1"
contig_12	cds	14390	15523	-	KK01_05050	mpaA	Murein tripeptide amidase MpaA	"COG:COG2866, COG:M, SO:0001217, UniRef:UniRef50_Q6LID5, UniRef:UniRef90_F5S5H9"
contig_12	cds	15702	16550	+	KK01_05055	fTR1	High-affinity Fe2+/Pb2+ permease	"COG:COG0672, COG:P, RefSeq:WP_019390199.1, SO:0001217, UniParc:UPI0002F35B88, UniRef:UniRef100_UPI0002F35B88, UniRef:UniRef50_V7IEJ4, UniRef:UniRef90_F5S5H7"
contig_12	cds	16572	17753	+	KK01_05060	efeO	"Iron uptake system EfeUOB, periplasmic (or lipoprotein) component EfeO/EfeM"	"COG:COG2822, COG:P, SO:0001217, UniRef:UniRef50_P0AB24, UniRef:UniRef90_F5S5H6"
contig_12	cds	17893	18813	+	KK01_05065		Deferrochelatase	"SO:0001217, UniRef:UniRef50_A0A8D9Y7F5"
contig_12	cds	18963	19922	-	KK01_05070		DNA-binding protein	"RefSeq:WP_019390196.1, SO:0001217, UniParc:UPI0002E1C5EF, UniRef:UniRef100_UPI0002E1C5EF, UniRef:UniRef50_UPI0002585053, UniRef:UniRef90_UPI0002E1C5EF"
contig_12	cds	20170	20400	+	KK01_05075		helix-turn-helix domain-containing protein	"KEGG:K07724, RefSeq:WP_032133727.1, SO:0001217, UniParc:UPI00050A2E33, UniRef:UniRef100_UPI00050A2E33, UniRef:UniRef50_A0A0H3PCT9, UniRef:UniRef90_UPI00050A2E33"
contig_12	cds	20405	22543	+	KK01_05080		DNA-binding protein	"SO:0001217, UniRef:UniRef50_E0N7C1, UniRef:UniRef90_UPI0004004C9E"
contig_12	cds	22700	23608	+	KK01_05085		AAA family ATPase	"SO:0001217, UniRef:UniRef50_E0N7C2, UniRef:UniRef90_UPI001E3B8FCB"
contig_12	cds	23761	24033	+	KK01_05090		hypothetical protein	"SO:0001217, UniRef:UniRef50_UPI00057069EF, UniRef:UniRef90_UPI00057069EF"
contig_12	cds	24036	24263	+	KK01_05095		hypothetical protein	"SO:0001217, UniRef:UniRef50_UPI00030C15CC, UniRef:UniRef90_UPI00030C15CC"
contig_12	cds	24285	24782	+	KK01_05100		DUF2752 domain-containing protein	"SO:0001217, UniRef:UniRef50_A0A1A9RIL9, UniRef:UniRef90_F5S4B7"
contig_12	cds	24779	25210	+	KK01_05105		Type I-E CRISPR-associated protein Cse2/CasB	"RefSeq:WP_019390190.1, SO:0001217, UniParc:UPI0002DDD131, UniRef:UniRef100_UPI0002DDD131, UniRef:UniRef50_F5S4B8, UniRef:UniRef90_UPI00041FD227"
contig_12	cds	25197	25805	+	KK01_05110		Sulfate transporter	"RefSeq:WP_019390189.1, SO:0001217, UniParc:UPI00031C6E01, UniRef:UniRef100_UPI00031C6E01, UniRef:UniRef50_E4ZB22, UniRef:UniRef90_F5S4B9"
contig_12	cds	25883	26164	+	KK01_05115		HU family DNA-binding protein	"RefSeq:WP_019390188.1, SO:0001217, UniParc:UPI00031B69B4, UniRef:UniRef100_UPI00031B69B4, UniRef:UniRef50_A0A378URR5, UniRef:UniRef90_UPI00040D5049"
contig_12	cds	26196	27095	+	KK01_05120	rdgC	DNA recombination-dependent growth factor RdgC	"COG:COG2974, COG:L, SO:0001217, UniRef:UniRef50_O87408, UniRef:UniRef90_F5S4C0"
contig_12	cds	27202	27639	+	KK01_05125		DUF1018 domain-containing protein	"SO:0001217, UniRef:UniRef50_UPI000258504A, UniRef:UniRef90_UPI000258504A"
contig_12	cds	27725	28159	+	KK01_05130		late transcriptional activator	"SO:0001217, UniRef:UniRef50_C4GJT5, UniRef:UniRef90_UPI0002DD4FB0"
contig_12	cds	28332	28850	+	KK01_05135		glycoside hydrolase family 108 protein	"RefSeq:WP_154699922.1, SO:0001217, UniParc:UPI000E008939, UniRef:UniRef100_UPI000E008939, UniRef:UniRef50_E4ZB07, UniRef:UniRef90_UPI00030C2030"
contig_12	cds	28854	29114	+	KK01_05140		Phage protein	"RefSeq:WP_032133344.1, SO:0001217, UniParc:UPI0003FE9420, UniRef:UniRef100_UPI0003FE9420, UniRef:UniRef50_F5S4A4, UniRef:UniRef90_F5S4A4"
contig_12	cds	29095	29499	+	KK01_05145		DUF2570 domain-containing protein	"SO:0001217, UniRef:UniRef50_A0A376BUT7, UniRef:UniRef90_UPI000411C58E"
contig_12	cds	29510	29701	+	KK01_05150		Rz-like spanin	"RefSeq:WP_019390181.1, SO:0001217, UniParc:UPI0002FB7D47, UniRef:UniRef100_UPI0002FB7D47, UniRef:UniRef50_A0A8S5QIM2, UniRef:UniRef90_UPI00040B6794"
contig_12	cds	29676	30014	+	KK01_05155		hypothetical protein	"RefSeq:WP_019390180.1, SO:0001217, UniParc:UPI0002FB0963, UniRef:UniRef100_UPI001EE16F13, UniRef:UniRef50_UPI001EE16F13, UniRef:UniRef90_UPI001EE16F13"
contig_12	cds	30017	30301	+	KK01_05160		lipoprotein	"RefSeq:WP_032133341.1, SO:0001217, UniParc:UPI00041D658A, UniRef:UniRef100_UPI00041D658A, UniRef:UniRef50_C4GJS8, UniRef:UniRef90_UPI00030531DD"
contig_12	cds	30298	30516	+	KK01_05165		DUF883 domain-containing protein	"RefSeq:WP_019390178.1, SO:0001217, UniParc:UPI000319EA46, UniRef:UniRef100_UPI000319EA46, UniRef:UniRef50_C4GJS7, UniRef:UniRef90_UPI0003F7490E"
contig_12	cds	30518	31030	+	KK01_05170		DUF1804 domain-containing protein	"RefSeq:WP_019390177.1, SO:0001217, UniParc:UPI0002DAE537, UniRef:UniRef100_UPI0002DAE537, UniRef:UniRef50_Q6TM78, UniRef:UniRef90_UPI0002DAE537"
contig_12	cds	31073	32707	+	KK01_05175		Terminase-6C domain-containing protein	"SO:0001217, UniRef:UniRef50_A0A2J4VUA8, UniRef:UniRef90_A0A238TEJ9"
contig_12	cds	32712	33134	-	KK01_05180	hicB	type II toxin-antitoxin system HicB family antitoxin	"KEGG:K18843, RefSeq:WP_019390175.1, SO:0001217, UniParc:UPI0003169EF0, UniRef:UniRef100_UPI0003169EF0, UniRef:UniRef50_Q0JYL7, UniRef:UniRef90_UPI0003169EF0"
contig_12	cds	33181	33357	-	KK01_05185	hicA	type II toxin-antitoxin system HicA family toxin	"RefSeq:WP_019390174.1, SO:0001217, UniParc:UPI00030863A1, UniRef:UniRef100_UPI00030863A1, UniRef:UniRef50_A0A1G8HJZ5, UniRef:UniRef90_UPI00030863A1"
contig_12	cds	33486	35063	+	KK01_05190		DUF935 domain-containing protein	"SO:0001217, UniRef:UniRef50_C4GJS4, UniRef:UniRef90_UPI0002FA610A"
contig_12	cds	35056	36372	+	KK01_05195		phage minor head protein	"SO:0001217, UniRef:UniRef50_UPI001412F8EE, UniRef:UniRef90_UPI001412F8EE"
contig_12	tRNA	36382	36454	-	KK01_05200		tRNA-Xxx	
contig_12	cds	36506	36925	+	KK01_05205		phage virion morphogenesis protein	"RefSeq:WP_019390171.1, SO:0001217, UniParc:UPI000310D505, UniRef:UniRef100_UPI000310D505, UniRef:UniRef50_C4GJS2, UniRef:UniRef90_A0A238TFW5"
contig_12	cds	37206	38273	+	KK01_05210		head maturation protease	"SO:0001217, UniRef:UniRef50_A0A660N080, UniRef:UniRef90_UPI000E072648"
contig_12	cds	38273	39184	+	KK01_05215		Mu-like prophage major head subunit gpT family protein	"SO:0001217, UniRef:UniRef50_G9ZDI1, UniRef:UniRef90_UPI00040566B1"
contig_12	cds	39235	39468	+	KK01_05220		hypothetical protein	"SO:0001217, UniRef:UniRef50_UPI000418A5DA, UniRef:UniRef90_UPI000DF897F3"
contig_12	cds	39471	39896	+	KK01_05225		DUF1320 domain-containing protein	"RefSeq:WP_019390167.1, SO:0001217, UniParc:UPI0002DFE077, UniRef:UniRef100_UPI0002DFE077, UniRef:UniRef50_C4GJR8, UniRef:UniRef90_UPI0003F763B3"
contig_12	cds	39880	40593	+	KK01_05230		DUF1834 domain-containing protein	"SO:0001217, UniRef:UniRef50_C4GJR7, UniRef:UniRef90_UPI00050A15AB"
contig_12	cds	40586	40774	+	KK01_05235		DUF2635 domain-containing protein	"RefSeq:WP_019390165.1, SO:0001217, UniParc:UPI00031480F6, UniRef:UniRef100_UPI00031480F6, UniRef:UniRef50_UPI0018AD3720, UniRef:UniRef90_UPI0018AD3720"
contig_12	cds	40777	42207	+	KK01_05240		phage tail sheath subtilisin-like domain-containing protein	"SO:0001217, UniRef:UniRef50_B7SDP8, UniRef:UniRef90_UPI0004102E16"
contig_12	cds	42268	42645	+	KK01_05245		Phage tail protein	"RefSeq:WP_038308016.1, SO:0001217, UniParc:UPI000415B9A2, UniRef:UniRef100_UPI000415B9A2, UniRef:UniRef50_Q7P165, UniRef:UniRef90_C4GJR4"
contig_12	cds	42651	43064	+	KK01_05250		Phage tail assembly chaperone	"RefSeq:WP_019390162.1, SO:0001217, UniParc:UPI0002E2694A, UniRef:UniRef100_UPI0002E2694A, UniRef:UniRef50_C4GJR3, UniRef:UniRef90_UPI000415FCF3"
contig_12	cds	43064	43219	+	KK01_05255	tetR	TetR family transcriptional regulator	"RefSeq:WP_038315567.1, SO:0001217, UniParc:UPI000400037A, UniRef:UniRef100_UPI000400037A, UniRef:UniRef50_A0A448VHQ4, UniRef:UniRef90_UPI000400037A"
contig_12	cds	43348	44343	+	KK01_05260		hypothetical protein	"RefSeq:WP_019390160.1, SO:0001217, UniParc:UPI00031AAA18, UniRef:UniRef100_UPI00031AAA18, UniRef:UniRef50_UPI00031AAA18, UniRef:UniRef90_UPI00031AAA18"
contig_12	cds	44435	46801	+	KK01_05265		phage tail tape measure protein	"RefSeq:WP_026036356.1, SO:0001217, UniParc:UPI00041470FF, UniRef:UniRef100_UPI00041470FF, UniRef:UniRef50_C4GJR1, UniRef:UniRef90_UPI000E003E5F"
contig_12	cds	46798	48126	+	KK01_05270		DNA circularization N-terminal domain-containing protein	"SO:0001217, UniRef:UniRef50_C4GJR0, UniRef:UniRef90_UPI000E06989D"
contig_12	cds	48153	49283	+	KK01_05275		tail protein	"RefSeq:WP_019390158.1, SO:0001217, UniParc:UPI0002FC5D6C, UniRef:UniRef100_UPI0002FC5D6C, UniRef:UniRef50_A0A0U1RIW3, UniRef:UniRef90_UPI0003F73074"
contig_12	cds	49319	49960	+	KK01_05280		phage baseplate assembly protein V	"RefSeq:WP_019390157.1, SO:0001217, UniParc:UPI000303CA0F, UniRef:UniRef100_UPI000303CA0F, UniRef:UniRef50_A0A378UDU1, UniRef:UniRef90_UPI000417634E"
contig_12	cds	50150	50497	+	KK01_05285		phage GP46 family protein	"RefSeq:WP_019390156.1, SO:0001217, UniParc:UPI000314F4B5, UniRef:UniRef100_UPI000314F4B5, UniRef:UniRef50_Q0F1S5, UniRef:UniRef90_UPI000314F4B5"
contig_12	cds	50532	51587	+	KK01_05290		baseplate J/gp47 family protein	"RefSeq:WP_019390155.1, SO:0001217, UniParc:UPI0003164A90, UniRef:UniRef100_UPI0003164A90, UniRef:UniRef50_A0A0U1RIW6, UniRef:UniRef90_UPI000421AD94"
contig_12	cds	51584	52168	+	KK01_05295	ymfQ	YmfQ family protein	"SO:0001217, UniRef:UniRef50_C0DSG3, UniRef:UniRef90_UPI00050A02BA"
contig_13	cds	195	1589	-	KK01_05300	gltX	glutamate--tRNA ligase	"COG:COG0008, COG:J, RefSeq:WP_019389221.1, SO:0001217, UniParc:UPI0002FA92D7, UniRef:UniRef100_UPI0002FA92D7, UniRef:UniRef50_Q9K1R6, UniRef:UniRef90_F5S5S4"
contig_13	cds	1677	2792	-	KK01_05305	tgt	tRNA guanosine(34) transglycosylase Tgt	"COG:COG0343, COG:J, RefSeq:WP_019389220.1, SO:0001217, UniParc:UPI00030DBF58, UniRef:UniRef100_UPI00030DBF58, UniRef:UniRef50_Q30XF7, UniRef:UniRef90_F5S5S5"
contig_13	cds	3128	3415	+	KK01_05310	groES	Co-chaperonin GroES (HSP10)	"COG:COG0234, COG:O, RefSeq:WP_003785887.1, SO:0001217, UniParc:UPI00020C6983, UniRef:UniRef100_F5S5S6, UniRef:UniRef50_Q2Y6I5, UniRef:UniRef90_V9HLR5"
contig_13	cds	3591	5231	+	KK01_05315	groL	chaperonin GroEL	"COG:COG0459, COG:O, RefSeq:WP_019389219.1, SO:0001217, UniParc:UPI0002D86178, UniRef:UniRef100_UPI0002D86178, UniRef:UniRef50_P35635, UniRef:UniRef90_V9H8S5"
contig_13	cds	5361	5624	+	KK01_05320		DUF333 domain-containing protein	"KEGG:K09712, SO:0001217, UniRef:UniRef50_N6YYZ4, UniRef:UniRef90_UPI000474E28C"
contig_13	cds	5621	6280	+	KK01_05325	ung	uracil-DNA glycosylase	"COG:COG0692, COG:L, EC:3.2.2.27, KEGG:K03648, RefSeq:WP_026036223.1, SO:0001217, UniParc:UPI00031F64D9, UniRef:UniRef100_UPI00031F64D9, UniRef:UniRef50_A9KP29, UniRef:UniRef90_F5S5S9"
contig_13	cds	6382	7299	-	KK01_05330	dnaJ	DnaJ-class molecular chaperone with C-terminal Zn finger domain	"COG:COG0484, COG:O, RefSeq:WP_019389216.1, SO:0001217, UniParc:UPI0002D71AE7, UniRef:UniRef100_UPI0002D71AE7, UniRef:UniRef50_C4GEY9, UniRef:UniRef90_F5S5T0"
contig_13	cds	7316	8242	-	KK01_05335	truB	tRNA pseudouridine(55) synthase TruB	"COG:COG0130, COG:J, RefSeq:WP_019389215.1, SO:0001217, UniParc:UPI0002D8176D, UniRef:UniRef100_UPI0002D8176D, UniRef:UniRef50_Q9JYY1, UniRef:UniRef90_F5S5T1"
contig_13	cds	8327	9295	+	KK01_05340	dusA	tRNA-dihydrouridine synthase	"COG:COG0042, COG:J, RefSeq:WP_038303656.1, SO:0001217, UniParc:UPI0003F90CDE, UniRef:UniRef100_UPI0003F90CDE, UniRef:UniRef50_Q9JZL5, UniRef:UniRef90_F5S5T2"
contig_13	cds	9458	10168	+	KK01_05345	deoD	purine-nucleoside phosphorylase	"COG:COG0813, COG:F, EC:2.4.2.1, KEGG:K03784, RefSeq:WP_003785900.1, SO:0001217, UniParc:UPI00020C698A, UniRef:UniRef100_F5S5T3, UniRef:UniRef50_Q327L2, UniRef:UniRef90_F5S5T3"
contig_13	cds	10296	11393	+	KK01_05350	pldA	Outer membrane phospholipase A	"COG:COG2829, COG:M, EC:3.1.1.32, EC:3.1.1.4, KEGG:K01058, RefSeq:WP_019389213.1, SO:0001217, UniParc:UPI000304B5BF, UniRef:UniRef100_UPI000304B5BF, UniRef:UniRef50_Q9K0U7, UniRef:UniRef90_F5S5T4"
contig_13	cds	11478	12131	+	KK01_05355		Uncharacterized membrane protein	"COG:COG2928, COG:S, RefSeq:WP_019389212.1, SO:0001217, UniParc:UPI0002FFE130, UniRef:UniRef100_UPI0002FFE130, UniRef:UniRef50_L1P1K2, UniRef:UniRef90_F5S5T5"
contig_13	cds	12173	12607	+	KK01_05360		DUF29 domain-containing protein	"RefSeq:WP_019389211.1, SO:0001217, UniParc:UPI0003601269, UniRef:UniRef100_UPI0003601269, UniRef:UniRef50_F5S5T6, UniRef:UniRef90_F5S5T6"
contig_13	cds	12919	13839	+	KK01_05365	wcaA	Glycosyltransferase involved in cell wall bisynthesis	"COG:COG0463, COG:M, RefSeq:WP_019389210.1, SO:0001217, UniParc:UPI00035FDA1A, UniRef:UniRef100_UPI00035FDA1A, UniRef:UniRef50_F5S5T7, UniRef:UniRef90_F5S5T7"
contig_13	cds	13871	15679	+	KK01_05370	aspS	aspartate--tRNA ligase	"COG:COG0173, COG:J, RefSeq:WP_003789848.1, SO:0001217, UniParc:UPI0002585507, UniRef:UniRef100_UPI0002585507, UniRef:UniRef50_Q6FEH6, UniRef:UniRef90_V9HB03"
contig_13	cds	15759	17630	+	KK01_05375		TPR-REGION domain-containing protein	"RefSeq:WP_019389209.1, SO:0001217, UniParc:UPI0003118860, UniRef:UniRef100_UPI0003118860, UniRef:UniRef50_F5S5T9, UniRef:UniRef90_F5S5T9"
contig_13	cds	17816	18199	+	KK01_05380	panD	aspartate 1-decarboxylase	"COG:COG0853, COG:H, EC:4.1.1.11, KEGG:K01579, RefSeq:WP_003785911.1, SO:0001217, UniParc:UPI00020C6D6A, UniRef:UniRef100_F5S5U0, UniRef:UniRef50_P52999, UniRef:UniRef90_F5S5U0"
contig_13	cds	18743	23209	+	KK01_05385	gltB	glutamate synthase large subunit	"COG:COG0070, COG:E, SO:0001217, UniRef:UniRef50_Q0WB94, UniRef:UniRef90_V9H5M0"
contig_13	cds	23440	24864	+	KK01_05390	gltD	NADPH-dependent glutamate synthase beta chain or related oxidoreductase	"COG:COG0493, COG:ER, RefSeq:WP_019389207.1, SO:0001217, UniParc:UPI0003168AF0, UniRef:UniRef100_UPI0003168AF0, UniRef:UniRef50_A0A085JQD1, UniRef:UniRef90_F5S5U3"
contig_13	cds	25099	26517	+	KK01_05395	glnA	type I glutamate--ammonia ligase	"COG:COG0174, COG:E, RefSeq:WP_019389206.1, SO:0001217, UniParc:UPI00031EA00D, UniRef:UniRef100_UPI00031EA00D, UniRef:UniRef50_P05457, UniRef:UniRef90_F0EYM2"
contig_13	cds	26634	27392	+	KK01_05400	ceuD	"ABC-type enterochelin transport system, ATPase component"	"COG:COG4604, COG:P, RefSeq:WP_019389205.1, SO:0001217, UniParc:UPI00030EECFA, UniRef:UniRef100_UPI00030EECFA, UniRef:UniRef50_A0A378MRB7, UniRef:UniRef90_F5S5U5"
contig_13	cds	27428	28222	-	KK01_05405	proC	pyrroline-5-carboxylate reductase	"COG:COG0345, COG:E, EC:1.5.1.2, KEGG:K00286, RefSeq:WP_019389204.1, SO:0001217, UniParc:UPI0002E9C59F, UniRef:UniRef100_UPI0002E9C59F, UniRef:UniRef50_G2J257, UniRef:UniRef90_F5S5U6"
contig_13	cds	29008	29151	+	KK01_05410		hypothetical protein	
contig_13	cds	29234	30610	+	KK01_05415	radA	DNA repair protein RadA	"COG:COG1066, COG:L, RefSeq:WP_019389202.1, SO:0001217, UniParc:UPI00030CD3F9, UniRef:UniRef100_UPI00030CD3F9, UniRef:UniRef50_P24554, UniRef:UniRef90_V9H7Q5"
contig_13	cds	30869	31207	+	KK01_05420		Threonine dehydratase	"RefSeq:WP_003789856.1, SO:0001217, UniParc:UPI00025845A1, UniRef:UniRef100_UPI00025845A1, UniRef:UniRef50_A0A0B6E3C7, UniRef:UniRef90_F5S5V1"
contig_13	cds	31317	31508	-	KK01_05425		hypothetical protein	"RefSeq:WP_019389201.1, SO:0001217, UniParc:UPI00031A0764, UniRef:UniRef100_UPI00031A0764, UniRef:UniRef50_UPI00031A0764, UniRef:UniRef90_UPI00031A0764"
contig_13	cds	31508	34279	-	KK01_05430	hsdM	"Type I restriction-modification system, DNA methylase subunit"	"COG:COG0286, COG:V, SO:0001217, UniRef:UniRef50_A0A8F7XSK0, UniRef:UniRef90_F5S5V2"
contig_13	cds	34669	36834	-	KK01_05435	spoT	"(p)ppGpp synthase/hydrolase, HD superfamily"	"COG:COG0317, COG:TK, EC:2.7.6.5, EC:3.1.7.2, KEGG:K01139, RefSeq:WP_019389199.1, SO:0001217, UniParc:UPI0003183829, UniRef:UniRef100_UPI0003183829, UniRef:UniRef50_X2H8Z1, UniRef:UniRef90_F5S5V3"
contig_13	cds	36996	37202	-	KK01_05440	rpoZ	DNA-directed RNA polymerase subunit omega	"COG:COG1758, COG:K, EC:2.7.7.6, KEGG:K03060, RefSeq:WP_003785927.1, SO:0001217, UniParc:UPI00020C6D78, UniRef:UniRef100_F5S5V4, UniRef:UniRef50_G4CFG8, UniRef:UniRef90_F5S5V4"
contig_13	cds	37275	37889	-	KK01_05445	gmk	guanylate kinase	"COG:COG0194, COG:F, RefSeq:WP_019389198.1, SO:0001217, UniParc:UPI0002DAC440, UniRef:UniRef100_UPI0002DAC440, UniRef:UniRef50_Q9JYB5, UniRef:UniRef90_F5S5V5"
contig_13	cds	38002	38340	-	KK01_05450	glnK	Nitrogen regulatory protein PII	"COG:COG0347, COG:TE, RefSeq:WP_003785929.1, SO:0001217, UniParc:UPI00020C6D7A, UniRef:UniRef100_F5S5V6, UniRef:UniRef50_P43519, UniRef:UniRef90_F5S5V6"
contig_13	cds	38383	39408	-	KK01_05455	queA	tRNA preQ1(34) S-adenosylmethionine ribosyltransferase-isomerase QueA	"COG:COG0809, COG:J, EC:2.4.99.17, KEGG:K07568, SO:0001217, UniRef:UniRef50_Q2SDV0, UniRef:UniRef90_F5S5V7"
contig_13	cds	39686	39847	+	KK01_05460	hisB	Histidine biosynthesis bifunctional protein HisB (Histidinol-phosphatase/imidazoleglycerol-phosphate dehydratase)	"RefSeq:WP_019389196.1, SO:0001217, UniParc:UPI0002E7FEA4, UniRef:UniRef100_UPI0002E7FEA4, UniRef:UniRef50_F5S5V8, UniRef:UniRef90_F5S5V8"
contig_13	cds	39960	40604	+	KK01_05465	hisH	imidazole glycerol phosphate synthase subunit HisH	"COG:COG0118, COG:E, RefSeq:WP_019389194.1, SO:0001217, UniParc:UPI00036D3E54, UniRef:UniRef100_UPI00036D3E54, UniRef:UniRef50_Q9K0H2, UniRef:UniRef90_F5S5V9"
contig_13	cds	40702	41445	+	KK01_05470	hisA	1-(5-phosphoribosyl)-5-[(5-phosphoribosylamino)methylideneamino]imidazole-4-carboxamide isomerase	"COG:COG0106, COG:E, EC:5.3.1.16, KEGG:K01814, RefSeq:WP_019389193.1, SO:0001217, UniParc:UPI0002EF5F0B, UniRef:UniRef100_UPI0002EF5F0B, UniRef:UniRef50_Q6F7A5, UniRef:UniRef90_F5S5W0"
contig_13	cds	41480	41830	+	KK01_05475		Phosphate transporter	"RefSeq:WP_038303636.1, SO:0001217, UniParc:UPI00041E79D9, UniRef:UniRef100_UPI00041E79D9, UniRef:UniRef50_V9HMB1, UniRef:UniRef90_F5S5W1"
contig_13	cds	41906	43339	-	KK01_05480	bepA	"Outer membrane protein chaperone/metalloprotease BepA/YfgC, contains M48 and TPR domains"	"COG:COG4783, COG:MO, RefSeq:WP_019389191.1, SO:0001217, UniParc:UPI000312540E, UniRef:UniRef100_UPI000312540E, UniRef:UniRef50_F0EX73, UniRef:UniRef90_F5S5W2"
contig_13	cds	43465	44085	-	KK01_05485		transferrin-binding protein-like solute binding protein	"SO:0001217, UniRef:UniRef50_UPI001E507545, UniRef:UniRef90_UPI001E507545"
contig_14	cds	205	645	-	KK01_05490		CZB domain-containing protein	"RefSeq:WP_003787024.1, SO:0001217, UniParc:UPI00020C5AA5, UniRef:UniRef100_F5S7I3, UniRef:UniRef50_F5S7I3, UniRef:UniRef90_F5S7I3"
contig_14	cds	891	1343	-	KK01_05495	recX	recombination regulator RecX	"COG:COG2137, COG:O, KEGG:K03565, RefSeq:WP_019389048.1, SO:0001217, UniParc:UPI0002D363B3, UniRef:UniRef100_UPI0002D363B3, UniRef:UniRef50_Q5F7W3, UniRef:UniRef90_F5S7I2"
contig_14	cds	1400	1879	-	KK01_05500		Lipoprotein	"RefSeq:WP_003787019.1, SO:0001217, UniParc:UPI00020C5AA2, UniRef:UniRef100_F5S7I0, UniRef:UniRef50_V9HDN9, UniRef:UniRef90_F5S7I0"
contig_14	cds	1872	3179	-	KK01_05505	thrA	Homoserine dehydrogenase	"COG:COG0460, COG:E, RefSeq:WP_003787017.1, SO:0001217, UniParc:UPI00020C5AA1, UniRef:UniRef100_F5S7H9, UniRef:UniRef50_E4ZD26, UniRef:UniRef90_F5S7H9"
contig_14	cds	3279	3638	+	KK01_05510		"Uncharacterized protein, contains Mth938-like domain"	"COG:COG3737, COG:S, SO:0001217, UniRef:UniRef50_F5S7H8, UniRef:UniRef90_F5S7H8"
contig_14	cds	3704	4828	-	KK01_05515	dapE	succinyl-diaminopimelate desuccinylase	"COG:COG0624, COG:E, RefSeq:WP_019389046.1, SO:0001217, UniParc:UPI00031F9E39, UniRef:UniRef100_UPI00031F9E39, UniRef:UniRef50_Q9JYL2, UniRef:UniRef90_F5S7H7"
contig_14	cds	4866	6023	-	KK01_05520	glxK	Glycerate kinase	"COG:COG1929, COG:G, EC:2.7.1.165, KEGG:K00865, RefSeq:WP_003790548.1, SO:0001217, UniParc:UPI00025845F5, UniRef:UniRef100_UPI00025845F5, UniRef:UniRef50_F5S7H6, UniRef:UniRef90_F5S7H6"
contig_14	cds	6159	6668	+	KK01_05525	cnoX	"Chaperedoxin CnoX, contains thioredoxin-like and TPR-like domains, YbbN/TrxSC family"	"COG:COG3118, COG:O, RefSeq:WP_019389044.1, SO:0001217, UniParc:UPI0002EE40F9, UniRef:UniRef100_UPI0002EE40F9, UniRef:UniRef50_V9HDN4, UniRef:UniRef90_F5S7H4"
contig_14	cds	6757	10245	+	KK01_05530	smc	chromosome segregation protein SMC	"COG:COG1196, COG:D, KEGG:K03529, SO:0001217, UniRef:UniRef50_A0A1B6VVP6, UniRef:UniRef90_F5S7H3"
contig_14	cds	10303	11772	-	KK01_05535	der	ribosome biogenesis GTPase Der	"COG:COG1160, COG:J, SO:0001217, UniRef:UniRef50_O87407, UniRef:UniRef90_F5S7H2"
contig_14	cds	11982	12539	-	KK01_05540		Uma2 family endonuclease	"RefSeq:WP_019389042.1, SO:0001217, UniParc:UPI0003065C62, UniRef:UniRef100_UPI0003065C62, UniRef:UniRef50_C4GKV4, UniRef:UniRef90_UPI000418637C"
contig_14	cds	12600	13196	-	KK01_05545	yfgM	"Putative negative regulator of RcsB-dependent stress response, UPF0070 family"	"COG:COG2976, COG:T, RefSeq:WP_019389041.1, SO:0001217, UniParc:UPI0002F47617, UniRef:UniRef100_UPI0002F47617, UniRef:UniRef50_A0A3P2A805, UniRef:UniRef90_F5S7G9"
contig_14	cds	13196	14488	-	KK01_05550	hisS	histidine--tRNA ligase	"COG:COG0124, COG:J, RefSeq:WP_019389040.1, SO:0001217, UniParc:UPI0003663421, UniRef:UniRef100_UPI0003663421, UniRef:UniRef50_Q9JZX9, UniRef:UniRef90_F5S7G8"
contig_14	cds	14615	15775	-	KK01_05555	potD	Spermidine/putrescine-binding periplasmic protein	"COG:COG0687, COG:E, KEGG:K11073, RefSeq:WP_019389039.1, SO:0001217, UniParc:UPI00030FD8D9, UniRef:UniRef100_UPI00030FD8D9, UniRef:UniRef50_G4CJ25, UniRef:UniRef90_F5S7G6"
contig_14	cds	15934	16770	+	KK01_05560	minC	septum site-determining protein MinC	"COG:COG0850, COG:D, KEGG:K03610, SO:0001217, UniRef:UniRef50_F0EX52, UniRef:UniRef90_F5S7G5"
contig_14	cds	16846	17655	+	KK01_05565	minD	septum site-determining protein MinD	"COG:COG2894, COG:D, RefSeq:WP_019389037.1, SO:0001217, UniParc:UPI0002DF5507, UniRef:UniRef100_UPI0002DF5507, UniRef:UniRef50_Q7DDS7, UniRef:UniRef90_C4GLQ5"
contig_14	cds	17659	17967	+	KK01_05570	minE	cell division topological specificity factor MinE	"COG:COG0851, COG:D, RefSeq:WP_003786991.1, SO:0001217, UniParc:UPI00020C5A91, UniRef:UniRef100_F5S7G3, UniRef:UniRef50_Q5F5V5, UniRef:UniRef90_F5S7G3"
contig_14	cds	17964	18890	+	KK01_05575	lysR	"DNA-binding transcriptional regulator, LysR family"	"COG:COG0583, COG:K, KEGG:K04761, RefSeq:WP_019389036.1, SO:0001217, UniParc:UPI00030C9D20, UniRef:UniRef100_UPI00030C9D20, UniRef:UniRef50_V9HL32, UniRef:UniRef90_F5S7G2"
contig_14	cds	18924	19391	+	KK01_05580	fur	Fe2+ or Zn2+ uptake regulation protein Fur/Zur	"COG:COG0735, COG:P, RefSeq:WP_003786986.1, SO:0001217, UniParc:UPI00020C5A8F, UniRef:UniRef100_F5S7G1, UniRef:UniRef50_F5S7G1, UniRef:UniRef90_F5S7G1"
contig_14	cds	19453	21471	+	KK01_05585	resB	Cytochrome c biogenesis protein ResB	"COG:CO, COG:COG1333, KEGG:K07399, RefSeq:WP_019389035.1, SO:0001217, UniParc:UPI0002DF135C, UniRef:UniRef100_UPI0002DF135C, UniRef:UniRef50_V9HCA4, UniRef:UniRef90_F5S7G0"
contig_14	cds	21642	22874	+	KK01_05590	ccsB	c-type cytochrome biogenesis protein CcsB	"COG:COG0755, COG:O, RefSeq:WP_019389034.1, SO:0001217, UniParc:UPI0002F7C58E, UniRef:UniRef100_UPI0002F7C58E, UniRef:UniRef50_X5EPY9, UniRef:UniRef90_F5S7F9"
contig_14	cds	23151	23858	-	KK01_05595	deoC	deoxyribose-phosphate aldolase	"COG:COG0274, COG:F, EC:4.1.2.4, KEGG:K01619, RefSeq:WP_019389033.1, SO:0001217, UniParc:UPI0002DCA766, UniRef:UniRef100_UPI0002DCA766, UniRef:UniRef50_F5S7F8, UniRef:UniRef90_F5S7F8"
contig_14	cds	24035	25312	-	KK01_05600	nupC	Nucleoside permease NupC	"COG:COG1972, COG:F, RefSeq:WP_026036203.1, SO:0001217, UniParc:UPI0002EEF7D6, UniRef:UniRef100_UPI0002EEF7D6, UniRef:UniRef50_P33024, UniRef:UniRef90_F5S7F7"
contig_14	cds	25393	26202	+	KK01_05605	cdd	cytidine deaminase	"COG:COG0295, COG:F, RefSeq:WP_003786974.1, SO:0001217, UniParc:UPI00020C5A8A, UniRef:UniRef100_F5S7F6, UniRef:UniRef50_A0A238HES8, UniRef:UniRef90_F5S7F6"
contig_14	cds	26258	26551	-	KK01_05610	hfq	RNA chaperone Hfq	"COG:COG1923, COG:T, SO:0001217, UniRef:UniRef50_C1DD48, UniRef:UniRef90_F5S7F5"
contig_14	cds	26700	26978	-	KK01_05615	wbuZ	"Imidazole glycerol phosphate synthase, cyclase subunit"	"SO:0001217, UniParc:UPI00020C5A88, UniRef:UniRef100_F5S7F4, UniRef:UniRef50_Q7SIB9, UniRef:UniRef90_F5S7F4"
contig_14	cds	26988	27464	-	KK01_05620		imidazole glycerol-phosphate synthase	"SO:0001217, UniRef:UniRef50_F5S7F3, UniRef:UniRef90_F5S7F3"
contig_14	cds	27497	28003	-	KK01_05625		ATP-binding protein	"RefSeq:WP_193365646.1, SO:0001217, UniParc:UPI0007060D28, UniRef:UniRef100_UPI0007060D28, UniRef:UniRef50_A0A238T9E5, UniRef:UniRef90_F5S7F2"
contig_14	cds	28075	29316	-	KK01_05630	fixC	Dehydrogenase (flavoprotein)	"COG:C, COG:COG0644, RefSeq:WP_019389029.1, SO:0001217, UniParc:UPI000307EF8B, UniRef:UniRef100_UPI000307EF8B, UniRef:UniRef50_C3KBI3, UniRef:UniRef90_F5S7F1"
contig_14	cds	29500	31776	-	KK01_05635		putative exporter	"COG:COG4258, COG:R, RefSeq:WP_019389028.1, SO:0001217, UniParc:UPI0003716A17, UniRef:UniRef100_UPI0003716A17, UniRef:UniRef50_F2B9E1, UniRef:UniRef90_F5S7F0"
contig_14	cds	31793	33445	-	KK01_05640	fabA	3-hydroxymyristoyl/3-hydroxydecanoyl-(acyl carrier protein) dehydratase	"COG:COG0764, COG:I, RefSeq:WP_019389027.1, SO:0001217, UniParc:UPI0003047E18, UniRef:UniRef100_UPI0003047E18, UniRef:UniRef50_V9H916, UniRef:UniRef90_F5S7E9"
contig_14	cds	33445	34041	-	KK01_05645	lolA	Outer membrane lipoprotein-sorting protein	"COG:COG2834, COG:M, KEGG:K03634, RefSeq:WP_019389026.1, SO:0001217, UniParc:UPI000367DB7E, UniRef:UniRef100_UPI000367DB7E, UniRef:UniRef50_F2B9X2, UniRef:UniRef90_F5S7E8"
contig_14	cds	34197	34634	-	KK01_05650	fadM	Acyl-CoA thioesterase FadM	"COG:COG0824, COG:I, RefSeq:WP_019389025.1, SO:0001217, UniParc:UPI0003753590, UniRef:UniRef100_UPI0003753590, UniRef:UniRef50_G4CJN9, UniRef:UniRef90_F5S7E7"
contig_14	cds	34678	35598	-	KK01_05655		"putative acyltransferase, LPLAT superfamily"	"COG:COG4261, COG:R, RefSeq:WP_038309310.1, SO:0001217, UniParc:UPI000406503B, UniRef:UniRef100_UPI000406503B, UniRef:UniRef50_X2JRT9, UniRef:UniRef90_F5S7E6"
contig_14	cds	35595	36311	-	KK01_05660	wcaA	Glycosyltransferase involved in cell wall bisynthesis	"COG:COG0463, COG:M, RefSeq:WP_019389023.1, SO:0001217, UniParc:UPI0002DCEEDA, UniRef:UniRef100_UPI0002DCEEDA, UniRef:UniRef50_U6Q2A2, UniRef:UniRef90_F5S7E5"
contig_14	cds	36313	36852	-	KK01_05665		Uncharacterized membrane protein	"COG:COG4648, COG:S, RefSeq:WP_003786949.1, SO:0001217, UniParc:UPI00020C74D2, UniRef:UniRef100_F5S7E4, UniRef:UniRef50_V9HD96, UniRef:UniRef90_F5S7E4"
contig_14	cds	36861	37115	-	KK01_05670	acpP	acyl carrier protein	"COG:COG0236, COG:I, SO:0001217, UniRef:UniRef50_A0A2A5RC84, UniRef:UniRef90_F5S7E3"
contig_14	cds	37119	37379	-	KK01_05675	acpP	Acyl carrier protein	"COG:COG0236, COG:I, RefSeq:WP_003786945.1, SO:0001217, UniParc:UPI00020C74D0, UniRef:UniRef100_F5S7E2, UniRef:UniRef50_G8Q2T2, UniRef:UniRef90_F5S7E2"
contig_14	cds	37482	38177	-	KK01_05680		Alpha/beta hydrolase	"RefSeq:WP_019389019.1, SO:0001217, UniParc:UPI000301D612, UniRef:UniRef100_UPI000301D612, UniRef:UniRef50_C4GFJ0, UniRef:UniRef90_F5S7E1"
contig_14	cds	38256	40049	-	KK01_05685	lpdA	dihydrolipoyl dehydrogenase	"COG:C, COG:COG1249, RefSeq:WP_019389018.1, SO:0001217, UniParc:UPI0003737C08, UniRef:UniRef100_UPI0003737C08, UniRef:UniRef50_A0A2E4LR40, UniRef:UniRef90_A0A5J6Q021"
contig_14	cds	40132	40971	-	KK01_05690	folP	dihydropteroate synthase	"COG:COG0294, COG:H, RefSeq:WP_019389017.1, SO:0001217, UniParc:UPI00031F0BDA, UniRef:UniRef100_UPI00031F0BDA, UniRef:UniRef50_Q51161, UniRef:UniRef90_F5S7D9"
contig_14	cds	41071	41877	-	KK01_05695	bamD	"Outer membrane protein assembly factor BamD, BamD/ComL family"	"COG:COG4105, COG:M, RefSeq:WP_019389016.1, SO:0001217, UniParc:UPI0003125DAB, UniRef:UniRef100_UPI0003125DAB, UniRef:UniRef50_Q50985, UniRef:UniRef90_F5S7D8"
contig_14	cds	41878	42993	+	KK01_05700	rluD	23S rRNA pseudouridine(1911/1915/1917) synthase RluD	"COG:COG0564, COG:J, EC:5.4.99.23, KEGG:K06180, RefSeq:WP_019389015.1, SO:0001217, UniParc:UPI0002D6F2CE, UniRef:UniRef100_UPI0002D6F2CE, UniRef:UniRef50_Q9K0B0, UniRef:UniRef90_F5S7D7"
contig_14	cds	42997	43722	+	KK01_05705	rnc	ribonuclease III	"COG:COG0571, COG:K, RefSeq:WP_042949331.1, SO:0001217, UniParc:UPI00040FFD0A, UniRef:UniRef100_UPI00040FFD0A, UniRef:UniRef50_V9H6E4, UniRef:UniRef90_F5S7D6"
contig_15	cds	12	440	-	KK01_05710		hypothetical protein	"RefSeq:WP_230311241.1, SO:0001217, UniParc:UPI000DF935B1, UniRef:UniRef100_UPI000DF935B1, UniRef:UniRef50_UPI000DF935B1, UniRef:UniRef90_UPI000DF935B1"
contig_15	cds	476	1024	-	KK01_05715		type IV secretion system protein	"RefSeq:WP_026036253.1, SO:0001217, UniParc:UPI0002E8692F, UniRef:UniRef100_UPI0002E8692F, UniRef:UniRef50_UPI0002E8692F, UniRef:UniRef90_UPI0002E8692F"
contig_15	cds	1102	1752	-	KK01_05720		Type IV secretion system proteins	"KEGG:K03200, RefSeq:WP_019389426.1, SO:0001217, UniParc:UPI00031496E1, UniRef:UniRef100_UPI00031496E1, UniRef:UniRef50_U6Q1C5, UniRef:UniRef90_UPI00031496E1"
contig_15	cds	1802	4114	-	KK01_05725	virB4	"Type IV secretory pathway, VirB4 component"	"COG:COG3451, COG:U, EC:7.4.2.8, KEGG:K03199, SO:0001217, UniRef:UniRef50_F0EY93, UniRef:UniRef90_U6Q1B5"
contig_15	cds	4158	4577	-	KK01_05730	virB3	"Type IV secretory pathway, VirB3 component"	"COG:COG3702, COG:U, RefSeq:WP_019389424.1, SO:0001217, UniParc:UPI00036CBE2A, UniRef:UniRef100_UPI00036CBE2A, UniRef:UniRef50_U6Q3F2, UniRef:UniRef90_U6Q3F2"
contig_15	cds	4596	4997	-	KK01_05735		Conjugal transfer protein	"RefSeq:WP_019389423.1, SO:0001217, UniParc:UPI0002F906C5, UniRef:UniRef100_UPI0002F906C5, UniRef:UniRef50_U6Q1V8, UniRef:UniRef90_A0A376BM26"
contig_15	cds	5101	5427	-	KK01_05740		lytic transglycosylase domain-containing protein	"KEGG:K03194, RefSeq:WP_230311242.1, SO:0001217, UniParc:UPI0004295BF5, UniRef:UniRef100_UPI00030A78A4, UniRef:UniRef50_V9H5D3, UniRef:UniRef90_UPI00030A78A4"
contig_15	cds	5390	5971	-	KK01_05745		lytic transglycosylase domain-containing protein	"KEGG:K03194, SO:0001217, UniRef:UniRef50_UPI000406EB67, UniRef:UniRef90_UPI000406EB67"
contig_15	cds	6326	7495	+	KK01_05750	mltB	lytic murein transglycosylase B	"COG:COG2951, COG:M, EC:4.2.2.-, KEGG:K08305, SO:0001217, UniRef:UniRef50_A0A378VK65, UniRef:UniRef90_F5S551"
contig_15	cds	7677	9899	+	KK01_05755	icdM	NADP-dependent isocitrate dehydrogenase	"COG:C, COG:COG2838, RefSeq:WP_019389420.1, SO:0001217, UniParc:UPI000381EA6F, UniRef:UniRef100_UPI000381EA6F, UniRef:UniRef50_A0A0Q0XX63, UniRef:UniRef90_F5S549"
contig_15	cds	9981	10502	+	KK01_05760	ycxB	YcxB domain-containing protein	"RefSeq:WP_003789526.1, SO:0001217, UniParc:UPI0002584AC6, UniRef:UniRef100_UPI0002584AC6, UniRef:UniRef50_F5S548, UniRef:UniRef90_F5S548"
contig_15	cds	10549	11979	+	KK01_05765	gatB	Asp-tRNA(Asn)/Glu-tRNA(Gln) amidotransferase subunit GatB	"COG:COG0064, COG:J, EC:6.3.5.-, GO:0005524, GO:0006412, GO:0050566, GO:0050567, RefSeq:WP_003785509.1, SO:0001217, UniParc:UPI00020C6462, UniRef:UniRef100_F5S547, UniRef:UniRef50_Q9JYZ7, UniRef:UniRef90_Q9JYZ7"
contig_15	cds	12018	12449	+	KK01_05770		Lectin	"RefSeq:WP_019389419.1, SO:0001217, UniParc:UPI00030B71C5, UniRef:UniRef100_UPI00030B71C5, UniRef:UniRef50_F5S546, UniRef:UniRef90_F5S546"
contig_15	cds	12681	13622	-	KK01_05775	dacC	D-alanyl-D-alanine carboxypeptidase	"COG:COG1686, COG:M, EC:3.4.21.-, KEGG:K07262, RefSeq:WP_019389418.1, SO:0001217, UniParc:UPI0003033F55, UniRef:UniRef100_UPI0003033F55, UniRef:UniRef50_G4CKN8, UniRef:UniRef90_F5S545"
contig_15	cds	13776	13973	-	KK01_05780	iscX	Fe-S cluster assembly protein IscX	"COG:COG2975, COG:O, RefSeq:WP_003785505.1, SO:0001217, UniParc:UPI00020C645F, UniRef:UniRef100_F5S544, UniRef:UniRef50_Q7DDG6, UniRef:UniRef90_F5S544"
contig_15	cds	14187	15365	+	KK01_05785	metZ	O-succinylhomoserine sulfhydrylase	"COG:COG0626, COG:E, EC:2.5.1.-, KEGG:K10764, RefSeq:WP_019389416.1, SO:0001217, UniParc:UPI00030AEB2B, UniRef:UniRef100_UPI00030AEB2B, UniRef:UniRef50_P55218, UniRef:UniRef90_F5S542"
contig_15	cds	15448	15645	+	KK01_05790		DUF2788 domain-containing protein	"RefSeq:WP_003785502.1, SO:0001217, UniParc:UPI00020C645C, UniRef:UniRef100_F5S541, UniRef:UniRef50_D4DVC9, UniRef:UniRef90_F5S541"
contig_15	cds	15734	16279	+	KK01_05795	ispZ	septation protein A	"COG:COG2917, COG:D, KEGG:K06190, RefSeq:WP_019389415.1, SO:0001217, UniParc:UPI0002E7B548, UniRef:UniRef100_UPI0002E7B548, UniRef:UniRef50_A0A3P2A9Q8, UniRef:UniRef90_F5S540"
contig_15	cds	16279	16569	+	KK01_05800	yciI	YciI family protein	"COG:COG2350, COG:QR, KEGG:K09780, SO:0001217, UniRef:UniRef50_Q6LP86, UniRef:UniRef90_F5S539"
contig_15	cds	16566	16838	+	KK01_05805	bolA	"DNA-binding global transcriptional regulator BolA, affects cell shape, cell division and biofilm formation"	"COG:COG0271, COG:KT, RefSeq:WP_019389413.1, SO:0001217, UniParc:UPI000302E1CB, UniRef:UniRef100_UPI000302E1CB, UniRef:UniRef50_V9HD19, UniRef:UniRef90_F5S538"
contig_15	cds	16854	17735	+	KK01_05810		Peptidyl-prolyl cis-trans isomerase	"RefSeq:WP_019389412.1, SO:0001217, UniParc:UPI0002FD3079, UniRef:UniRef100_UPI0002FD3079, UniRef:UniRef50_F0EXW7, UniRef:UniRef90_F5S537"
contig_15	cds	17910	21350	+	KK01_05815	recC	exodeoxyribonuclease V subunit gamma	"COG:COG1330, COG:L, EC:3.1.11.5, KEGG:K03583, SO:0001217, UniRef:UniRef50_A0A238HDI5, UniRef:UniRef90_F5S536"
contig_15	cds	21486	21584	-	KK01_05820		hypothetical protein	
contig_15	cds	21642	21950	-	KK01_05825		Sel1 repeat family protein	"RefSeq:WP_154699883.1, SO:0001217, UniParc:UPI000E07CE8A, UniRef:UniRef100_UPI000E07CE8A, UniRef:UniRef50_F5S535, UniRef:UniRef90_F5S535"
contig_15	cds	21978	22928	-	KK01_05830	ynbB	putative CDP-diglyceride synthetase/phosphatidate cytidylyltransferase	"COG:COG4589, COG:R, SO:0001217, UniRef:UniRef50_A0A0K1N0J3, UniRef:UniRef90_F5S534"
contig_15	cds	22950	23615	-	KK01_05835	plsC	1-acyl-sn-glycerol-3-phosphate acyltransferase	"COG:COG0204, COG:I, RefSeq:WP_019389407.1, SO:0001217, UniParc:UPI000318DC04, UniRef:UniRef100_UPI000318DC04, UniRef:UniRef50_V7IAH9, UniRef:UniRef90_F5S533"
contig_15	cds	24221	26494	-	KK01_05840	yccC	Uncharacterized membrane protein YccC	"COG:COG1289, COG:S, SO:0001217, UniRef:UniRef50_C4GFG6, UniRef:UniRef90_F5S531"
contig_15	cds	26578	27018	+	KK01_05845	mscL	large conductance mechanosensitive channel protein MscL	"COG:COG1970, COG:M, KEGG:K03282, RefSeq:WP_003785489.1, SO:0001217, UniParc:UPI00020C5F22, UniRef:UniRef100_F5S530, UniRef:UniRef50_A1URL2, UniRef:UniRef90_F5S530"
contig_15	cds	27089	28009	+	KK01_05850	galM	Galactose mutarotase or related enzyme	"COG:COG2017, COG:G, SO:0001217, UniRef:UniRef50_A0A0B5CNG9, UniRef:UniRef90_F5S529"
contig_15	cds	28074	28415	+	KK01_05855	yajC	preprotein translocase subunit YajC	"COG:COG1862, COG:U, KEGG:K03210, RefSeq:WP_019389403.1, SO:0001217, UniParc:UPI0002E5669B, UniRef:UniRef100_UPI0002E5669B, UniRef:UniRef50_C4GGK6, UniRef:UniRef90_F5S528"
contig_15	cds	28501	30357	+	KK01_05860	secD	Preprotein translocase subunit SecD	"COG:COG0342, COG:U, RefSeq:WP_026036251.1, SO:0001217, UniParc:UPI000474B3DB, UniRef:UniRef100_UPI000474B3DB, UniRef:UniRef50_W8X0V6, UniRef:UniRef90_F5S527"
contig_15	cds	30361	31302	+	KK01_05865	secF	Preprotein translocase subunit SecF	"COG:COG0341, COG:U, RefSeq:WP_019389401.1, SO:0001217, UniParc:UPI000315D17B, UniRef:UniRef100_UPI000315D17B, UniRef:UniRef50_E6UXK1, UniRef:UniRef90_F5S526"
contig_15	cds	31357	33030	-	KK01_05870	ettA	energy-dependent translational throttle protein EttA	"COG:COG0488, COG:R, SO:0001217, UniRef:UniRef50_A0A0H2VFI8, UniRef:UniRef90_Q5F6I5"
contig_15	cds	33074	33535	-	KK01_05875		Inner membrane protein	"RefSeq:WP_038303863.1, SO:0001217, UniParc:UPI0003F90C2A, UniRef:UniRef100_UPI0003F90C2A, UniRef:UniRef50_F5S524, UniRef:UniRef90_UPI000A800568"
contig_15	cds	33580	34215	-	KK01_05880		Alpha/beta superfamily hydrolase	"COG:COG2945, COG:R, KEGG:K07018, RefSeq:WP_154700106.1, SO:0001217, UniParc:UPI000E03A7F9, UniRef:UniRef100_UPI000E03A7F9, UniRef:UniRef50_L1NMM7, UniRef:UniRef90_F5S523"
contig_15	cds	34330	34629	-	KK01_05885		5-methyltetrahydropteroyltriglutamate--homocysteine S-methyltransferase	"RefSeq:WP_019389397.1, SO:0001217, UniParc:UPI0002D93CD7, UniRef:UniRef100_UPI0002D93CD7, UniRef:UniRef50_A0A378NAX8, UniRef:UniRef90_F5S521"
contig_15	cds	34701	35717	-	KK01_05890	galE	UDP-glucose 4-epimerase GalE	"COG:COG1087, COG:M, RefSeq:WP_019389396.1, SO:0001217, UniParc:UPI00031CC0EC, UniRef:UniRef100_UPI00031CC0EC, UniRef:UniRef50_A0A2N8SVM3, UniRef:UniRef90_F5S519"
contig_15	cds	36301	38334	+	KK01_05895		Immunoglobulin A1 protease	"RefSeq:WP_100215663.1, SO:0001217, UniParc:UPI000C1FD574, UniRef:UniRef100_UPI000C1FD574, UniRef:UniRef50_F5S517, UniRef:UniRef90_F5S517"
contig_15	cds	38375	39694	-	KK01_05900		MFS family major facilitator transporter	"RefSeq:WP_032133841.1, SO:0001217, UniParc:UPI00040B98EB, UniRef:UniRef100_UPI00040B98EB, UniRef:UniRef50_P37643, UniRef:UniRef90_F5S516"
contig_15	cds	39860	40213	-	KK01_05905	ridA	"Enamine deaminase RidA, house cleaning of reactive enamine intermediates, YjgF/YER057c/UK114 family"	"COG:COG0251, COG:V, RefSeq:WP_019389394.1, SO:0001217, UniParc:UPI0002D92262, UniRef:UniRef100_UPI0002D92262, UniRef:UniRef50_O30825, UniRef:UniRef90_F5S515"
contig_16	cds	447	674	-	KK01_05910		1-acylglycerol-3-phosphate O-acyltransferase	"SO:0001217, UniParc:UPI00020C5FF9, UniRef:UniRef100_F5S8I9, UniRef:UniRef50_F5S8I9, UniRef:UniRef90_F5S8I9"
contig_16	cds	699	1898	-	KK01_05915	prfA	peptide chain release factor 1	"COG:COG0216, COG:J, KEGG:K02835, SO:0001217, UniRef:UniRef50_P43917, UniRef:UniRef90_V9H6G7"
contig_16	cds	1968	3233	+	KK01_05920	envC	"Septal ring factor EnvC, activator of murein hydrolases AmiA and AmiB"	"COG:COG4942, COG:D, KEGG:K22719, RefSeq:WP_019389676.1, SO:0001217, UniParc:UPI0002E1B53E, UniRef:UniRef100_UPI0002E1B53E, UniRef:UniRef50_F5S8J2, UniRef:UniRef90_F5S8J2"
contig_16	cds	3339	4964	+	KK01_05925	uup	ABC-F family ATPase	"COG:COG0488, COG:R, SO:0001217, UniRef:UniRef50_A0A0W8AQC2, UniRef:UniRef90_V9HML7"
contig_16	cds	5016	5795	-	KK01_05930	pgeF	peptidoglycan editing factor PgeF	"COG:COG1496, COG:P, EC:2.4.2.1, EC:2.4.2.28, EC:3.5.4.4, KEGG:K05810, SO:0001217, UniRef:UniRef50_A0A0Y5K2S7, UniRef:UniRef90_F5S8J4"
contig_16	cds	5945	6265	-	KK01_05935	cyaY	iron donor protein CyaY	"COG:COG1965, COG:P, RefSeq:WP_003787772.1, SO:0001217, UniParc:UPI00020C651B, UniRef:UniRef100_F5S8J5, UniRef:UniRef50_P56977, UniRef:UniRef90_F5S8J5"
contig_16	cds	6359	6520	+	KK01_05940		Lipoprotein	"RefSeq:WP_003787775.1, SO:0001217, UniParc:UPI00020C651C, UniRef:UniRef100_F5S8J6, UniRef:UniRef50_F0EYS4, UniRef:UniRef90_F5S8J6"
contig_16	cds	6520	7746	+	KK01_05945	lysA	diaminopimelate decarboxylase	"COG:COG0019, COG:E, RefSeq:WP_032134244.1, SO:0001217, UniParc:UPI0002F0E6FB, UniRef:UniRef100_UPI0010713429, UniRef:UniRef50_D0KW89, UniRef:UniRef90_F5S8J7"
contig_16	cds	7932	9617	+	KK01_05950	pilB	type IV-A pilus assembly ATPase PilB	"COG:COG2804, COG:NUW, RefSeq:WP_003787777.1, SO:0001217, UniParc:UPI0001829D23, UniRef:UniRef100_B6SE71, UniRef:UniRef50_A0A091B6A5, UniRef:UniRef90_B6SE71"
contig_16	cds	9664	10932	+	KK01_05955	pulF	"Type II secretory pathway, component PulF"	"COG:COG1459, COG:NUW, RefSeq:WP_019389681.1, SO:0001217, UniParc:UPI0002F2181F, UniRef:UniRef100_UPI0002F2181F, UniRef:UniRef50_F2B9I7, UniRef:UniRef90_F5S8J9"
contig_16	cds	10935	11843	+	KK01_05960	pulO	Prepilin signal peptidase PulO (type II secretory pathway) or related peptidase	"COG:COG1989, COG:NU, SO:0001217, UniParc:UPI0001829D22, UniRef:UniRef100_B6SE70, UniRef:UniRef50_P33566, UniRef:UniRef90_F5S8K0"
contig_16	cds	11845	12453	+	KK01_05965	coaE	dephospho-CoA kinase	"COG:COG0237, COG:H, EC:2.7.1.24, KEGG:K00859, RefSeq:WP_003787784.1, SO:0001217, UniParc:UPI00020C6520, UniRef:UniRef100_F5S8K1, UniRef:UniRef50_F5S8K1, UniRef:UniRef90_F5S8K1"
contig_16	cds	12568	13329	+	KK01_05970	zapD	cell division protein ZapD	"COG:COG4582, COG:D, KEGG:K18778, RefSeq:WP_019389683.1, SO:0001217, UniParc:UPI00031B7DDC, UniRef:UniRef100_UPI00031B7DDC, UniRef:UniRef50_F5S8K2, UniRef:UniRef90_F5S8K2"
contig_16	cds	13349	13825	+	KK01_05975	pncC	nicotinamide-nucleotide amidase	"COG:COG1546, COG:H, RefSeq:WP_003787789.1, SO:0001217, UniParc:UPI00020C6522, UniRef:UniRef100_F5S8K3, UniRef:UniRef50_P0A6G4, UniRef:UniRef90_F5S8K3"
contig_16	cds	13835	14455	+	KK01_05980	tsaC	L-threonylcarbamoyladenylate synthase	"COG:COG0009, COG:J, RefSeq:WP_019389684.1, SO:0001217, UniParc:UPI00031DDC40, UniRef:UniRef100_UPI00031DDC40, UniRef:UniRef50_A0A6V7KNV9, UniRef:UniRef90_F5S8K4"
contig_16	cds	14532	15725	-	KK01_05985	ackA	Acetate kinase	"COG:C, COG:COG0282, RefSeq:WP_019389685.1, SO:0001217, UniParc:UPI00031062E5, UniRef:UniRef100_UPI00031062E5, UniRef:UniRef50_Q9JTM0, UniRef:UniRef90_UPI00031062E5"
contig_16	cds	15838	17031	-	KK01_05990	rfbX	Membrane protein involved in the export of O-antigen and teichoic acid	"COG:COG2244, COG:M, RefSeq:WP_019389686.1, SO:0001217, UniParc:UPI000308B1FC, UniRef:UniRef100_UPI000308B1FC, UniRef:UniRef50_V9H9G3, UniRef:UniRef90_F5S8K6"
contig_16	cds	17028	17300	-	KK01_05995		Membrane protein	"RefSeq:WP_003787798.1, SO:0001217, UniParc:UPI00020C6526, UniRef:UniRef100_F5S8K7, UniRef:UniRef50_A0A376BT31, UniRef:UniRef90_F5S8K7"
contig_16	cds	17370	18425	-	KK01_06000	pseI	pseudaminic acid synthase	"COG:COG2089, COG:M, RefSeq:WP_003790906.1, SO:0001217, UniParc:UPI000258654F, UniRef:UniRef100_UPI000258654F, UniRef:UniRef50_N0A3U6, UniRef:UniRef90_A0A238TCS4"
contig_16	cds	18580	19659	-	KK01_06005	mraY	phospho-N-acetylmuramoyl-pentapeptide-transferase	"COG:COG0472, COG:M, EC:2.7.8.13, KEGG:K01000, RefSeq:WP_003790904.1, SO:0001217, UniParc:UPI000258654E, UniRef:UniRef100_UPI000258654E, UniRef:UniRef50_Q9K0Y6, UniRef:UniRef90_F5S8K9"
contig_16	cds	19780	20400	-	KK01_06010		PH domain-containing protein	"RefSeq:WP_038309445.1, SO:0001217, UniParc:UPI00040D633E, UniRef:UniRef100_UPI00040D633E, UniRef:UniRef50_F5S8L0, UniRef:UniRef90_F5S8L0"
contig_16	cds	20431	21795	-	KK01_06015	murF	UDP-N-acetylmuramyl pentapeptide synthase	"COG:COG0770, COG:M, RefSeq:WP_019389689.1, SO:0001217, UniParc:UPI0002FBA04C, UniRef:UniRef100_UPI0002FBA04C, UniRef:UniRef50_A0A4T0V361, UniRef:UniRef90_V9H8M7"
contig_16	cds	21844	22470	-	KK01_06020		Peptidase	"RefSeq:WP_019389690.1, SO:0001217, UniParc:UPI0003602977, UniRef:UniRef100_UPI0003602977, UniRef:UniRef50_F5S8L2, UniRef:UniRef90_F5S8L2"
contig_16	cds	22505	23980	-	KK01_06025	murE	"UDP-N-acetylmuramoyl-L-alanyl-D-glutamate--2,6-diaminopimelate ligase"	"COG:COG0769, COG:M, EC:6.3.2.13, KEGG:K01928, SO:0001217, UniRef:UniRef50_Q9K0Y9, UniRef:UniRef90_F5S8L3"
contig_16	cds	24129	25904	-	KK01_06030	ftsI	"Cell division protein FtsI, peptidoglycan transpeptidase (Penicillin-binding protein 2)"	"COG:COG0768, COG:DM, SO:0001217, UniRef:UniRef50_F5S8L4, UniRef:UniRef90_F5S8L4"
contig_16	cds	25935	26195	-	KK01_06035	ftsL	Cell division protein FtsL	"KEGG:K03586, RefSeq:WP_003790891.1, SO:0001217, UniParc:UPI0002586548, UniRef:UniRef100_UPI0002586548, UniRef:UniRef50_A0A238T9G1, UniRef:UniRef90_F5S8L5"
contig_16	cds	26210	27175	-	KK01_06040	rsmH	16S rRNA (cytosine(1402)-N(4))-methyltransferase RsmH	"COG:COG0275, COG:J, EC:2.1.1.199, KEGG:K03438, RefSeq:WP_019389693.1, SO:0001217, UniParc:UPI00030EB1E0, UniRef:UniRef100_UPI00030EB1E0, UniRef:UniRef50_A1VSU4, UniRef:UniRef90_F5S8L6"
contig_16	cds	27172	27642	-	KK01_06045	mraZ	division/cell wall cluster transcriptional repressor MraZ	"COG:COG2001, COG:J, RefSeq:WP_019389694.1, SO:0001217, UniParc:UPI0002D7AD67, UniRef:UniRef100_UPI0002D7AD67, UniRef:UniRef50_Q9K0Z1, UniRef:UniRef90_F5S8L7"
contig_16	cds	27952	29109	+	KK01_06050	midA	"SAM-dependent methyltransferase, MidA family"	"COG:COG1565, COG:R, RefSeq:WP_032134245.1, SO:0001217, UniParc:UPI00050A16A7, UniRef:UniRef100_UPI00050A16A7, UniRef:UniRef50_D4DTB6, UniRef:UniRef90_F5S8L9"
contig_16	cds	29161	30024	-	KK01_06055	rpoH	RNA polymerase sigma factor RpoH	"COG:COG0568, COG:K, KEGG:K03089, RefSeq:WP_019389696.1, SO:0001217, UniParc:UPI00031009BD, UniRef:UniRef100_UPI00031009BD, UniRef:UniRef50_P50509, UniRef:UniRef90_F5S8M0"
contig_16	cds	30162	30629	-	KK01_06060	sixA	Phosphohistidine phosphatase SixA	"COG:COG2062, COG:T, RefSeq:WP_003787828.1, SO:0001217, UniParc:UPI00020C6534, UniRef:UniRef100_F5S8M1, UniRef:UniRef50_F5S8M1, UniRef:UniRef90_F5S8M1"
contig_16	cds	30639	31367	-	KK01_06065	tadA	tRNA adenosine(34) deaminase TadA	"COG:COG0590, COG:J, EC:3.5.4.33, KEGG:K11991, RefSeq:WP_026036291.1, SO:0001217, UniParc:UPI00031283C2, UniRef:UniRef100_UPI00031283C2, UniRef:UniRef50_A0A376BKF3, UniRef:UniRef90_F5S8M2"
contig_16	cds	31437	31793	-	KK01_06070	rplT	50S ribosomal protein L20	"COG:COG0292, COG:J, GO:0000027, GO:0003735, GO:0005840, GO:0006412, GO:0019843, GO:1990904, KEGG:K02887, RefSeq:WP_003787832.1, SO:0001217, UniParc:UPI00020C6536, UniRef:UniRef100_F5S8M3, UniRef:UniRef50_P46246, UniRef:UniRef90_Q5F9U1"
contig_16	cds	31809	32006	-	KK01_06075	rpmI	50S ribosomal protein L35	"COG:COG0291, COG:J, SO:0001217, UniRef:UniRef50_A4G617, UniRef:UniRef90_A0A066TM03"
contig_16	cds	32158	32625	-	KK01_06080	infC	translation initiation factor IF-3	"COG:COG0290, COG:J, RefSeq:WP_019389698.1, SO:0001217, UniParc:UPI0002FBDC90, UniRef:UniRef100_UPI0002FBDC90, UniRef:UniRef50_Q8P7Z3, UniRef:UniRef90_F5S8M5"
contig_16	cds	33008	33727	+	KK01_06085	pseF	pseudaminic acid cytidylyltransferase	"COG:COG1083, COG:M, EC:2.7.7.81, KEGG:K15899, RefSeq:WP_019389699.1, SO:0001217, UniParc:UPI0002F17BCB, UniRef:UniRef100_UPI0002F17BCB, UniRef:UniRef50_A0A0B1K3N4, UniRef:UniRef90_F5S8M6"
contig_16	cds	33732	34250	+	KK01_06090		hypothetical protein	"RefSeq:WP_003790873.1, SO:0001217, UniParc:UPI000258600B, UniRef:UniRef100_UPI000258600B, UniRef:UniRef50_UPI001E3D5DAF, UniRef:UniRef90_UPI001E3D5DAF"
contig_16	cds	34265	35881	+	KK01_06095	pseG	"UDP-2,4-diacetamido-2,4,6-trideoxy-beta-L-altropyranose hydrolase"	"SO:0001217, UniRef:UniRef50_A0A238TCQ3, UniRef:UniRef90_A0A238TCQ3"
contig_16	cds	35912	36502	+	KK01_06100	tnp	IS1595 family transposase	"COG:COG3676, COG:X, KEGG:K07488, RefSeq:WP_060537166.1, SO:0001217, UniParc:UPI0007068CAA, UniRef:UniRef100_UPI0007068CAA, UniRef:UniRef50_E6VRR0, UniRef:UniRef90_A0A238HDG1"
contig_16	cds	36614	38926	-	KK01_06105	cirA	"Outer membrane receptor protein, Fe transport"	"COG:COG1629, COG:P, RefSeq:WP_060537165.1, SO:0001217, UniParc:UPI000705AC85, UniRef:UniRef100_UPI000705AC85, UniRef:UniRef50_A0A3N4VXP2, UniRef:UniRef90_F5S8N0"
contig_17	tRNA	151	225	-	KK01_06110	trnT	tRNA-Thr(ggt)	SO:0000270
contig_17	tRNA	275	348	-	KK01_06115	trnG	tRNA-Gly(tcc)	SO:0000260
contig_17	tRNA	376	459	-	KK01_06120	trnY	tRNA-Tyr(gta)	SO:0000272
contig_17	cds	545	796	-	KK01_06125	nuoI	YfhL family 4Fe-4S dicluster ferredoxin	"COG:C, COG:COG1143, RefSeq:WP_003787949.1, SO:0001217, UniParc:UPI00020C5AF0, UniRef:UniRef100_F5S9G7, UniRef:UniRef50_P00208, UniRef:UniRef90_V9HKN4"
contig_17	cds	897	1466	-	KK01_06130	rsmD	16S rRNA (guanine(966)-N(2))-methyltransferase RsmD	"COG:COG0742, COG:J, EC:2.1.1.171, KEGG:K08316, RefSeq:WP_003787950.1, SO:0001217, UniParc:UPI00020C5AF1, UniRef:UniRef100_F5S9G8, UniRef:UniRef50_A0A1A9RGN6, UniRef:UniRef90_F5S9G8"
contig_17	cds	1640	2608	-	KK01_06135	waaC	lipopolysaccharide heptosyltransferase I	"COG:COG0859, COG:M, RefSeq:WP_019390448.1, SO:0001217, UniParc:UPI0002E87F76, UniRef:UniRef100_UPI0002E87F76, UniRef:UniRef50_A0A378VSI1, UniRef:UniRef90_F5S9G9"
contig_17	cds	2623	2889	-	KK01_06140	yhbQ	"putative endonuclease, GIY-YIG superfamily"	"COG:COG2827, COG:L, RefSeq:WP_019390447.1, SO:0001217, UniParc:UPI0002D65AB0, UniRef:UniRef100_UPI0002D65AB0, UniRef:UniRef50_C4GM91, UniRef:UniRef90_F5S9H0"
contig_17	tRNA	2978	3054	+	KK01_06145	trnfM	tRNA-fMet(cat)	SO:0000266
contig_17	cds	3161	4030	+	KK01_06150		"putative acetyltransferase, GNAT family"	"COG:COG3393, COG:R, RefSeq:WP_003792142.1, SO:0001217, UniParc:UPI00025850F1, UniRef:UniRef100_UPI00025850F1, UniRef:UniRef50_A0A1F1SDU0, UniRef:UniRef90_F5S9H1"
contig_17	cds	4104	4403	-	KK01_06155		Transmembrane protein	"RefSeq:WP_019390446.1, SO:0001217, UniParc:UPI0002E4DAE2, UniRef:UniRef100_UPI0002E4DAE2, UniRef:UniRef50_F0F0U1, UniRef:UniRef90_F5S9H2"
contig_17	cds	4468	5925	-	KK01_06160	nuoN	NADH-quinone oxidoreductase subunit NuoN	"COG:C, COG:COG1007, RefSeq:WP_003792140.1, SO:0001217, UniParc:UPI00025850EF, UniRef:UniRef100_UPI00025850EF, UniRef:UniRef50_B7J7T2, UniRef:UniRef90_F5S9H3"
contig_17	cds	5934	7448	-	KK01_06165	nuoM	NADH-quinone oxidoreductase subunit M	"COG:C, COG:COG1008, EC:7.1.1.2, KEGG:K00342, RefSeq:WP_019390445.1, SO:0001217, UniParc:UPI0002DC8281, UniRef:UniRef100_UPI0002DC8281, UniRef:UniRef50_A0A8B7MYE3, UniRef:UniRef90_F5S9H4"
contig_17	cds	7540	9555	-	KK01_06170	nuoL	NADH-quinone oxidoreductase subunit L	"COG:C, COG:COG1009, SO:0001217, UniRef:UniRef50_Q9K1B0, UniRef:UniRef90_A0A376BKJ6"
contig_17	cds	9613	9990	-	KK01_06175	doc	Prophage maintenance system killer protein	"COG:COG3654, COG:X, KEGG:K07341, RefSeq:WP_003787968.1, SO:0001217, UniParc:UPI00020C6003, UniRef:UniRef100_F5S9H7, UniRef:UniRef50_F5S9H7, UniRef:UniRef90_F5S9H7"
contig_17	cds	9987	10280	-	KK01_06180		XRE family transcriptional regulator	"RefSeq:WP_003787971.1, SO:0001217, UniParc:UPI00020C6004, UniRef:UniRef100_F5S9H8, UniRef:UniRef50_F5S9H8, UniRef:UniRef90_F5S9H8"
contig_17	cds	10284	10589	-	KK01_06185	nuoK	NADH-quinone oxidoreductase subunit NuoK	"COG:C, COG:COG0713, EC:7.1.1.2, KEGG:K00340, RefSeq:WP_003787972.1, SO:0001217, UniParc:UPI00020C6005, UniRef:UniRef100_F5S9H9, UniRef:UniRef50_P50940, UniRef:UniRef90_V9H6V4"
contig_17	cds	10586	11233	-	KK01_06190	nuoJ	NADH-quinone oxidoreductase subunit J	"COG:C, COG:COG0839, EC:7.1.1.2, KEGG:K00339, RefSeq:WP_019390443.1, SO:0001217, UniParc:UPI000376A540, UniRef:UniRef100_UPI000376A540, UniRef:UniRef50_E4ZAN9, UniRef:UniRef90_F5S9I0"
contig_17	cds	11248	11727	-	KK01_06195	nuoI	NADH-quinone oxidoreductase subunit NuoI	"COG:C, COG:COG1143, EC:7.1.1.-, GO:0005506, GO:0005886, GO:0048038, GO:0050136, GO:0051539, RefSeq:WP_003787977.1, SO:0001217, UniParc:UPI00020C6007, UniRef:UniRef100_F5S9I1, UniRef:UniRef50_A9KBL3, UniRef:UniRef90_Q5F623"
contig_17	cds	11825	12235	-	KK01_06200	aCT-3	"ACT domain, ACT-3 family"	"COG:COG3602, COG:T, KEGG:K09964, RefSeq:WP_019390442.1, SO:0001217, UniParc:UPI0002E332EE, UniRef:UniRef100_UPI0002E332EE, UniRef:UniRef50_A0A0C5EAB8, UniRef:UniRef90_F5S9I2"
contig_17	cds	12392	13468	-	KK01_06205	nuoH	NADH-quinone oxidoreductase subunit NuoH	"COG:C, COG:COG1005, RefSeq:WP_003792135.1, SO:0001217, UniParc:UPI00025850EA, UniRef:UniRef100_UPI00025850EA, UniRef:UniRef50_Q9PGI8, UniRef:UniRef90_V9HE67"
contig_17	cds	13471	15720	-	KK01_06210	nuoG	NADH-quinone oxidoreductase subunit NuoG	"COG:C, COG:COG1034, RefSeq:WP_038316798.1, SO:0001217, UniParc:UPI0004027315, UniRef:UniRef100_UPI0004027315, UniRef:UniRef50_I7JR97, UniRef:UniRef90_F5S9I4"
contig_17	cds	15907	17208	-	KK01_06215	nuoF	NADH-quinone oxidoreductase subunit NuoF	"COG:C, COG:COG1894, RefSeq:WP_038316797.1, SO:0001217, UniParc:UPI000401EFCA, UniRef:UniRef100_UPI000401EFCA, UniRef:UniRef50_A0A857JD93, UniRef:UniRef90_F5S9I5"
contig_17	cds	17353	17826	-	KK01_06220	nuoE	NADH-quinone oxidoreductase subunit NuoE	"COG:C, COG:COG1905, RefSeq:WP_003787988.1, SO:0001217, UniParc:UPI00020C600C, UniRef:UniRef100_F5S9I6, UniRef:UniRef50_A0A381ERL0, UniRef:UniRef90_F5S9I6"
contig_17	cds	17826	19082	-	KK01_06225	nuoD	NADH-quinone oxidoreductase subunit D	"COG:C, COG:COG0649, EC:7.1.1.-, GO:0005886, GO:0048038, GO:0050136, GO:0051287, RefSeq:WP_026036382.1, SO:0001217, UniParc:UPI00047463F3, UniRef:UniRef100_UPI00047463F3, UniRef:UniRef50_Q9TC96, UniRef:UniRef90_Q9K1C0"
contig_17	cds	19075	19662	-	KK01_06230	nuoC	NADH-quinone oxidoreductase subunit C	"COG:C, COG:COG0852, RefSeq:WP_019390438.1, SO:0001217, UniParc:UPI000314ACF0, UniRef:UniRef100_UPI000314ACF0, UniRef:UniRef50_Q9K1C1, UniRef:UniRef90_V9H6W2"
contig_17	cds	19675	20154	-	KK01_06235	nuoB	NADH-quinone oxidoreductase subunit B	"COG:C, COG:COG0377, EC:7.1.1.-, GO:0005506, GO:0005886, GO:0008137, GO:0048038, GO:0051539, RefSeq:WP_019390437.1, SO:0001217, UniParc:UPI0002FA0871, UniRef:UniRef100_UPI0002FA0871, UniRef:UniRef50_A9II02, UniRef:UniRef90_Q5F616"
contig_17	cds	20145	20513	-	KK01_06240	nuoA	NADH:ubiquinone oxidoreductase subunit 3 (chain A)	"COG:C, COG:COG0838, RefSeq:WP_019390436.1, SO:0001217, UniParc:UPI0002FFDB6E, UniRef:UniRef100_UPI0002FFDB6E, UniRef:UniRef50_Q21YC7, UniRef:UniRef90_F5S9J0"
contig_17	ncRNA	20776	21138	-	KK01_06245	RNaseP_bact_a	Bacterial RNase P class A	"RFAM:RF00010, SO:0000386"
contig_17	cds	21148	22890	-	KK01_06250	nhaP2	potassium/proton antiporter	"COG:COG3263, COG:CP, KEGG:K11105, RefSeq:WP_019390435.1, SO:0001217, UniParc:UPI0002D7FD72, UniRef:UniRef100_UPI0002D7FD72, UniRef:UniRef50_V9H6U3, UniRef:UniRef90_F5S9J2"
contig_17	cds	22976	25015	-	KK01_06255	dcp	"Zn-dependent oligopeptidase, M3 family"	"COG:COG0339, COG:O, RefSeq:WP_060536927.1, SO:0001217, UniParc:UPI000706B449, UniRef:UniRef100_UPI000706B449, UniRef:UniRef50_A0A2N7W371, UniRef:UniRef90_F5S9J3"
contig_17	cds	25249	25887	+	KK01_06260	tnp	IS1595 family ISKki2 transposase	"COG:COG3676, COG:X, IS:ISKki2, KEGG:K07488, SO:0001217, UniRef:UniRef50_E6VRR0, UniRef:UniRef90_A0A238HDG1"
contig_17	cds	26076	26480	+	KK01_06265	aroE	Shikimate 5-dehydrogenase	"COG:COG0169, COG:E, SO:0001217, UniRef:UniRef50_F5S9J6, UniRef:UniRef90_F5S9J6"
contig_17	tRNA	26585	26660	+	KK01_06270	trnV	tRNA-Val(tac)	SO:0000273
contig_17	tRNA	26695	26771	+	KK01_06275	trnD	tRNA-Asp(gtc)	SO:0000256
contig_17	cds	27060	27545	-	KK01_06280		Sodium transporter	"SO:0001217, UniRef:UniRef50_A0A193SLJ5"
contig_17	cds	27567	28028	-	KK01_06285		Bile acid:sodium symporter family protein	"SO:0001217, UniRef:UniRef50_A0A150MPT3"
contig_17	cds	28153	30042	-	KK01_06290	vacB	Exoribonuclease R	"COG:COG0557, COG:K, RefSeq:WP_019390429.1, SO:0001217, UniParc:UPI0002E18C6A, UniRef:UniRef100_UPI0002E18C6A, UniRef:UniRef50_V9H7Q7, UniRef:UniRef90_F5S9J8"
contig_17	cds	30138	30593	-	KK01_06295		Outer membrane protein	"RefSeq:WP_019390428.1, SO:0001217, UniParc:UPI0002D57D9B, UniRef:UniRef100_UPI0002D57D9B, UniRef:UniRef50_F5S9J9, UniRef:UniRef90_F5S9J9"
contig_17	cds	30793	31704	-	KK01_06300	ftsX	permease-like cell division protein FtsX	"COG:COG2177, COG:D, RefSeq:WP_019390427.1, SO:0001217, UniParc:UPI00030B8DB3, UniRef:UniRef100_UPI00030B8DB3, UniRef:UniRef50_P95357, UniRef:UniRef90_F5S9K0"
contig_17	cds	31701	32354	-	KK01_06305	ftsE	Cell division ATPase FtsE	"COG:COG2884, COG:D, RefSeq:WP_003792122.1, SO:0001217, UniParc:UPI0002584BBB, UniRef:UniRef100_UPI0002584BBB, UniRef:UniRef50_D4DM08, UniRef:UniRef90_F5S9K1"
contig_17	cds	32607	33191	-	KK01_06310	ruvC	crossover junction endodeoxyribonuclease RuvC	"COG:COG0817, COG:L, SO:0001217, UniRef:UniRef50_Q7NQB5, UniRef:UniRef90_F5S9K4"
contig_17	cds	33221	33904	-	KK01_06315	gpmA	"2,3-diphosphoglycerate-dependent phosphoglycerate mutase"	"COG:COG0588, COG:G, RefSeq:WP_003792120.1, SO:0001217, UniParc:UPI0002584BB9, UniRef:UniRef100_F5S9K5, UniRef:UniRef50_P44865, UniRef:UniRef90_F5S9K5"
contig_17	cds	33961	35325	-	KK01_06320	glmU	bifunctional UDP-N-acetylglucosamine diphosphorylase/glucosamine-1-phosphate N-acetyltransferase GlmU	"COG:COG1207, COG:M, EC:2.3.1.157, EC:2.7.7.23, KEGG:K04042, RefSeq:WP_019390426.1, SO:0001217, UniParc:UPI000309DED0, UniRef:UniRef100_UPI000309DED0, UniRef:UniRef50_Q13T65, UniRef:UniRef90_F5S9K6"
contig_17	cds	35476	35688	-	KK01_06325		Spore cortex protein	"SO:0001217, UniRef:UniRef50_A0A7D7RY14"
contig_17	cds	35864	37042	+	KK01_06330	ubiM	5-demethoxyubiquinol-8 5-hydroxylase UbiM	"COG:COG0654, COG:HC, SO:0001217, UniRef:UniRef50_A1KVW0, UniRef:UniRef90_F5S9K9"
contig_17	cds	37162	37677	+	KK01_06335	lysE	LysE family transporter	"RefSeq:WP_230311263.1, SO:0001217, UniParc:UPI0007069700, UniRef:UniRef100_UPI0007069700, UniRef:UniRef50_UPI00041FB58F, UniRef:UniRef90_UPI00041FB58F"
contig_17	cds	37656	37868	+	KK01_06340		GNAT family N-acetyltransferase	"RefSeq:WP_019390422.1, SO:0001217, UniParc:UPI0002FD7246, UniRef:UniRef100_UPI0002FD7246, UniRef:UniRef50_UPI001E36C00D, UniRef:UniRef90_UPI000426AA90"
contig_17	cds	37957	38250	-	KK01_06345		Lipoprotein	"RefSeq:WP_019390421.1, SO:0001217, UniParc:UPI000319E7D4, UniRef:UniRef100_UPI000319E7D4, UniRef:UniRef50_F0EZ28, UniRef:UniRef90_UPI000410BA1A"
contig_17	cds	38273	38545	-	KK01_06350		aerial mycelium formation protein	"RefSeq:WP_032133038.1, SO:0001217, UniParc:UPI000413E01C, UniRef:UniRef100_UPI000413E01C, UniRef:UniRef50_F0EZ27, UniRef:UniRef90_UPI00031E7E1D"
contig_18	cds	219	1601	+	KK01_06355	yuiF	"putative histidine transporter YuiF, NhaC family"	"COG:COG2056, COG:E, KEGG:K07084, RefSeq:WP_003789568.1, SO:0001217, UniParc:UPI0002584ADA, UniRef:UniRef100_UPI0002584ADA, UniRef:UniRef50_Q5E6C7, UniRef:UniRef90_F5S574"
contig_18	cds	1604	1822	+	KK01_06360	slyX	Uncharacterized coiled-coil protein SlyX (sensitive to lysis X)	"COG:COG2900, COG:S, RefSeq:WP_003785553.1, SO:0001217, UniParc:UPI00020C647E, UniRef:UniRef100_F5S575, UniRef:UniRef50_F5S575, UniRef:UniRef90_F5S575"
contig_18	cds	1895	2296	+	KK01_06365	ygaA	"Uncharacterized membrane protein YqaA, VTT domain"	"COG:COG1238, COG:S, SO:0001217, UniRef:UniRef50_F5S576, UniRef:UniRef90_F5S576"
contig_18	cds	2419	3858	+	KK01_06370	zwf	glucose-6-phosphate dehydrogenase	"COG:COG0364, COG:G, RefSeq:WP_019389370.1, SO:0001217, UniParc:UPI00030055E1, UniRef:UniRef100_A0A1W1WVI1, UniRef:UniRef50_A0A0G4BUZ6, UniRef:UniRef90_A0A1W1WVI1"
contig_18	cds	3928	4218	+	KK01_06375		hypothetical protein	"RefSeq:WP_019389369.1, SO:0001217, UniParc:UPI0003062588, UniRef:UniRef100_UPI0003062588, UniRef:UniRef50_UPI00040F7BEA, UniRef:UniRef90_UPI00040F7BEA"
contig_18	cds	4252	4950	+	KK01_06380	pgl	6-phosphogluconolactonase/Glucosamine-6-phosphate isomerase/deaminase	"COG:COG0363, COG:G, EC:3.1.1.31, KEGG:K01057, RefSeq:WP_019389368.1, SO:0001217, UniParc:UPI0002F5715B, UniRef:UniRef100_UPI0002F5715B, UniRef:UniRef50_P63336, UniRef:UniRef90_F5S579"
contig_18	cds	4931	5935	+	KK01_06385	glk	glucokinase	"COG:COG0837, COG:G, EC:2.7.1.2, KEGG:K00845, RefSeq:WP_019389367.1, SO:0001217, UniParc:UPI0002FB81A9, UniRef:UniRef100_UPI0002FB81A9, UniRef:UniRef50_O25731, UniRef:UniRef90_F5S580"
contig_18	cds	5914	6096	-	KK01_06390		ABC superfamily ATP binding cassette transporter	"RefSeq:WP_019389366.1, SO:0001217, UniParc:UPI0003141EAB, UniRef:UniRef100_UPI0003141EAB, UniRef:UniRef50_F5S581, UniRef:UniRef90_F5S581"
contig_18	cds	6093	7145	-	KK01_06395	aroG	3-deoxy-7-phosphoheptulonate synthase AroG	"COG:COG0722, COG:E, EC:2.5.1.54, KEGG:K01626, RefSeq:WP_003785571.1, SO:0001217, UniParc:UPI00020C6940, UniRef:UniRef100_F5S582, UniRef:UniRef50_P0AB92, UniRef:UniRef90_F5S582"
contig_18	cds	7406	7768	-	KK01_06400		Roadblock/LC7 domain-containing protein	"RefSeq:WP_003789582.1, SO:0001217, UniParc:UPI0002584FF5, UniRef:UniRef100_F5S584, UniRef:UniRef50_V9HAY2, UniRef:UniRef90_F5S584"
contig_18	cds	7898	8761	-	KK01_06405	uppP	undecaprenyl-diphosphate phosphatase	"COG:COG1968, COG:I, SO:0001217, UniRef:UniRef50_Q9K0Z3, UniRef:UniRef90_F5S585"
contig_18	cds	8786	9490	-	KK01_06410	frnE	"putative dithiol-disulfide isomerase, DsbA/YjbH family (virulence, stress resistance)"	"COG:COG2761, COG:O, RefSeq:WP_003789586.1, SO:0001217, UniParc:UPI0002584FF7, UniRef:UniRef100_UPI0002584FF7, UniRef:UniRef50_A0A3S4YRB9, UniRef:UniRef90_F5S586"
contig_18	cds	9530	10390	-	KK01_06415	ftsN	Cell division protein FtsN	"COG:COG3087, COG:D, RefSeq:WP_003789588.1, SO:0001217, UniParc:UPI0002584FF8, UniRef:UniRef100_UPI0002584FF8, UniRef:UniRef50_F5S587, UniRef:UniRef90_F5S587"
contig_18	cds	10455	11249	-	KK01_06420	polB	putative 3'-5' exonuclease related to the exonuclease domain of PolB	"COG:COG3298, COG:L, KEGG:K07501, RefSeq:WP_019389363.1, SO:0001217, UniParc:UPI0002E91BE9, UniRef:UniRef100_UPI0002E91BE9, UniRef:UniRef50_F0F228, UniRef:UniRef90_F5S588"
contig_18	cds	11400	12215	+	KK01_06425	dsbC	Protein thiol-disulfide isomerase DsbC	"COG:COG1651, COG:O, EC:5.3.4.1, KEGG:K03981, RefSeq:WP_026036245.1, SO:0001217, UniParc:UPI000314927D, UniRef:UniRef100_UPI000314927D, UniRef:UniRef50_A0A448D589, UniRef:UniRef90_F5S590"
contig_18	cds	12415	12666	+	KK01_06430	ibaG	"Acid stress protein IbaG/YrbA, BolA-like family"	"COG:COG5007, COG:T, RefSeq:WP_019389360.1, SO:0001217, UniParc:UPI00031D87D4, UniRef:UniRef100_UPI00031D87D4, UniRef:UniRef50_V9HLZ4, UniRef:UniRef90_F5S591"
contig_18	cds	12748	13656	+	KK01_06435	xerC	Site-specific recombinase XerC	"COG:COG4973, COG:L, RefSeq:WP_019389359.1, SO:0001217, UniParc:UPI000306EA91, UniRef:UniRef100_UPI000306EA91, UniRef:UniRef50_Q5FAI3, UniRef:UniRef90_F5S592"
contig_18	cds	13653	14096	+	KK01_06440		Integral membrane protein	"COG:COG3399, COG:S, KEGG:K09943, RefSeq:WP_019389358.1, SO:0001217, UniParc:UPI0003050B21, UniRef:UniRef100_UPI0003050B21, UniRef:UniRef50_V9HK78, UniRef:UniRef90_F5S593"
contig_18	cds	14227	15078	+	KK01_06445	rpiR	"DNA-binding transcriptional regulator, MurR/RpiR family, contains HTH and SIS domains"	"COG:COG1737, COG:K, KEGG:K19337, RefSeq:WP_003785596.1, SO:0001217, UniParc:UPI00020C694C, UniRef:UniRef100_F5S594, UniRef:UniRef50_V9HLA3, UniRef:UniRef90_F5S594"
contig_18	cds	15134	16807	+	KK01_06450	pgi	glucose-6-phosphate isomerase	"COG:COG0166, COG:G, RefSeq:WP_019389357.1, SO:0001217, UniParc:UPI0002D31299, UniRef:UniRef100_UPI0002D31299, UniRef:UniRef50_P44312, UniRef:UniRef90_F5S595"
contig_18	cds	16893	17423	+	KK01_06455		Robl-LC7 domain-containing protein	"RefSeq:WP_019389356.1, SO:0001217, UniParc:UPI0002D9F03A, UniRef:UniRef100_UPI0002D9F03A, UniRef:UniRef50_F5S596, UniRef:UniRef90_F5S596"
contig_18	cds	17495	18493	-	KK01_06460	pseB	"UDP-N-acetylglucosamine 4,6-dehydratase (inverting)"	"COG:COG1086, COG:MO, EC:4.2.1.115, EC:5.1.3.-, KEGG:K15894, RefSeq:WP_026036244.1, SO:0001217, UniParc:UPI0004745922, UniRef:UniRef100_UPI0004745922, UniRef:UniRef50_A0A1A9AVU8, UniRef:UniRef90_F5S597"
contig_18	cds	18575	19444	-	KK01_06465	rfbD	dTDP-4-dehydrorhamnose reductase	"COG:COG1091, COG:M, EC:1.1.1.133, KEGG:K00067, RefSeq:WP_019389354.1, SO:0001217, UniParc:UPI0002FCE804, UniRef:UniRef100_UPI0002FCE804, UniRef:UniRef50_G4CFE3, UniRef:UniRef90_F5S598"
contig_18	cds	19663	20166	+	KK01_06470	copG	CopG family transcriptional regulator	"RefSeq:WP_019389353.1, SO:0001217, UniParc:UPI0002D382DC, UniRef:UniRef100_UPI0002D382DC, UniRef:UniRef50_C0DU57, UniRef:UniRef90_F5S599"
contig_18	cds	20181	20846	+	KK01_06475	pspA	Phage shock protein A	"COG:COG1842, COG:KT, RefSeq:WP_003785604.1, SO:0001217, UniParc:UPI00020C6952, UniRef:UniRef100_F5S5A0, UniRef:UniRef50_A0A0J5S3H3, UniRef:UniRef90_F5S5A0"
contig_18	cds	21020	21505	+	KK01_06480		Lipoprotein	"RefSeq:WP_019389352.1, SO:0001217, UniParc:UPI00030F849B, UniRef:UniRef100_UPI00030F849B, UniRef:UniRef50_F5S5A1, UniRef:UniRef90_F5S5A1"
contig_18	cds	21662	22333	+	KK01_06485		DUF1449 domain-containing protein	"RefSeq:WP_019389351.1, SO:0001217, UniParc:UPI0003147361, UniRef:UniRef100_UPI0003147361, UniRef:UniRef50_F0EWP9, UniRef:UniRef90_F5S5A2"
contig_18	cds	22451	24169	+	KK01_06490		SPFH/Band 7/PHB domain protein	"KEGG:K07192, RefSeq:WP_019389350.1, SO:0001217, UniParc:UPI0002D4376A, UniRef:UniRef100_UPI0002D4376A, UniRef:UniRef50_A0A5E7Z295, UniRef:UniRef90_F0EWP8"
contig_18	cds	24368	25837	+	KK01_06495	pyk	pyruvate kinase	"COG:COG0469, COG:G, EC:2.7.1.40, KEGG:K00873, RefSeq:WP_019389349.1, SO:0001217, UniParc:UPI000302F489, UniRef:UniRef100_UPI000302F489, UniRef:UniRef50_X5EM45, UniRef:UniRef90_F5S5A5"
contig_18	cds	26656	27744	+	KK01_06500	rsuA	"Pseudouridylate synthase RsuA, specific for 16S rRNA U516 and 23S rRNA U2605"	"COG:COG1187, COG:J, EC:5.4.99.22, KEGG:K06178, RefSeq:WP_019389347.1, SO:0001217, UniParc:UPI00035C85E0, UniRef:UniRef100_UPI00035C85E0, UniRef:UniRef50_F2BE74, UniRef:UniRef90_F5S5A9"
contig_18	cds	27792	27989	+	KK01_06505		Cytochrome c oxidase subunit III	"SO:0001217, UniRef:UniRef50_F5S5B0, UniRef:UniRef90_F5S5B0"
contig_18	cds	28042	28539	+	KK01_06510	folA	Dihydrofolate reductase	"COG:COG0262, COG:H, EC:1.5.1.3, KEGG:K00287, RefSeq:WP_003785622.1, SO:0001217, UniParc:UPI00020C695D, UniRef:UniRef100_F5S5B1, UniRef:UniRef50_Q9K168, UniRef:UniRef90_F5S5B1"
contig_18	cds	28539	28970	+	KK01_06515	ribN	"Riboflavin transporter RibN, EamA domain"	"COG:COG2510, COG:H, RefSeq:WP_003785623.1, SO:0001217, UniParc:UPI00020C695E, UniRef:UniRef100_F5S5B2, UniRef:UniRef50_P29939, UniRef:UniRef90_F5S5B2"
contig_18	cds	29031	30794	-	KK01_06520	dnaG	DNA primase (bacterial type)	"COG:COG0358, COG:L, EC:2.7.7.101, KEGG:K02316, RefSeq:WP_019389345.1, SO:0001217, UniParc:UPI0002E1C1AA, UniRef:UniRef100_UPI0002E1C1AA, UniRef:UniRef50_P57029, UniRef:UniRef90_F5S5B3"
contig_18	cds	30907	32079	-	KK01_06525	yrpB	"NAD(P)H-dependent flavin oxidoreductase YrpB, nitropropane dioxygenase family"	"COG:COG2070, COG:R, RefSeq:WP_019389344.1, SO:0001217, UniParc:UPI00030145D1, UniRef:UniRef100_UPI00030145D1, UniRef:UniRef50_E5AL81, UniRef:UniRef90_F0EY18"
contig_18	tRNA	32219	32294	+	KK01_06530	trnI	tRNA-Ile2(cat)	SO:0000263
contig_18	cds	32421	33467	-	KK01_06535		tyrosine-type recombinase/integrase	"SO:0001217, UniRef:UniRef50_A0A1A9RDJ2, UniRef:UniRef90_UPI0012B6820A"
contig_18	cds	33489	33716	-	KK01_06540		hypothetical protein	PFAM:PF13986.9
contig_18	cds	33785	34120	-	KK01_06545		hypothetical protein	"RefSeq:WP_038303814.1, SO:0001217, UniParc:UPI00041E09BB, UniRef:UniRef100_UPI00041E09BB, UniRef:UniRef50_UPI00041E09BB, UniRef:UniRef90_UPI00041E09BB"
contig_19	cds	330	512	+	KK01_06550	lipA	LipA A lipoprotein	"RefSeq:WP_032827488.1, SO:0001217, UniParc:UPI00030AF749, UniRef:UniRef100_UPI00030AF749, UniRef:UniRef50_F5S9B5, UniRef:UniRef90_F5S9B5"
contig_19	cds	830	1126	+	KK01_06555		Adventurous gliding motility protein U	"RefSeq:WP_154700021.1, SO:0001217, UniParc:UPI000AA9B187, UniRef:UniRef100_UPI000AA9B187, UniRef:UniRef50_F5S9B6, UniRef:UniRef90_F5S9B6"
contig_19	cds	1289	3391	-	KK01_06560	fusA	elongation factor G	"COG:COG0480, COG:J, GO:0003746, GO:0003924, GO:0005525, GO:0005737, GO:0097216, RefSeq:WP_003792000.1, SO:0001217, UniParc:UPI0002586C64, UniRef:UniRef100_UPI0002586C64, UniRef:UniRef50_Q8PNS6, UniRef:UniRef90_Q9K1I8"
contig_19	cds	3410	3883	-	KK01_06565	rpsG	30S ribosomal protein S7	"COG:COG0049, COG:J, GO:0000049, GO:0003735, GO:0006412, GO:0015935, GO:0019843, RefSeq:WP_003788629.1, SO:0001217, UniParc:UPI00020C7DA3, UniRef:UniRef100_F5S9B8, UniRef:UniRef50_B3R7T2, UniRef:UniRef90_Q5F5S2"
contig_19	cds	4009	4383	-	KK01_06570	rpsL	30S ribosomal protein S12	"COG:COG0048, COG:J, GO:0000049, GO:0003735, GO:0006412, GO:0015935, GO:0019843, RefSeq:WP_003792002.1, SO:0001217, UniParc:UPI0002586C65, UniRef:UniRef100_A9M3X2, UniRef:UniRef50_P14149, UniRef:UniRef90_A9M3X2"
contig_19	cds	4557	5900	-	KK01_06575	mltA	Membrane-bound lytic murein transglycosylase	"COG:COG2821, COG:M, EC:4.2.2.-, KEGG:K08304, RefSeq:WP_019390416.1, SO:0001217, UniParc:UPI0002DA82DD, UniRef:UniRef100_UPI0002DA82DD, UniRef:UniRef50_A0A378U0F9, UniRef:UniRef90_F5S9C0"
contig_19	cds	6024	8576	-	KK01_06580	mutS	DNA mismatch repair protein MutS	"COG:COG0249, COG:L, SO:0001217, UniRef:UniRef50_Q1N058, UniRef:UniRef90_F5S9C1"
contig_19	cds	8694	9257	-	KK01_06585	tsaC	tRNA A37 threonylcarbamoyladenosine synthetase subunit TsaC/SUA5/YrdC	"COG:COG0009, COG:J, RefSeq:WP_003792006.1, SO:0001217, UniParc:UPI0002586C68, UniRef:UniRef100_F5S9C2, UniRef:UniRef50_Q5F5I5, UniRef:UniRef90_F5S9C2"
contig_19	cds	9479	9916	-	KK01_06590		"Murein L,D-transpeptidase"	"RefSeq:WP_003792009.1, SO:0001217, UniParc:UPI0002586C69, UniRef:UniRef100_UPI0002586C69, UniRef:UniRef50_F5S9C3, UniRef:UniRef90_F5S9C3"
contig_19	cds	9920	10417	-	KK01_06595	bamE	"Outer membrane protein assembly factor BamE, lipoprotein component of the BamABCDE complex"	"COG:COG2913, COG:M, RefSeq:WP_019390413.1, SO:0001217, UniParc:UPI00037107D4, UniRef:UniRef100_UPI00037107D4, UniRef:UniRef50_A0A238HIT3, UniRef:UniRef90_F5S9C4"
contig_19	cds	10502	15853	-	KK01_06600		Knh	"SO:0001217, UniParc:UPI0002987881, UniRef:UniRef100_K7QVS8, UniRef:UniRef50_F5S9C5, UniRef:UniRef90_K7QVS8"
contig_19	tRNA	16263	16352	+	KK01_06605	trnS	tRNA-Ser(gga)	SO:0000269
contig_19	cds	16457	17296	-	KK01_06610	hisJ	"ABC-type amino acid transport/signal transduction system, periplasmic component/domain"	"COG:COG0834, COG:ET, SO:0001217, UniRef:UniRef50_F5S9C7, UniRef:UniRef90_F5S9C7"
contig_19	cds	17696	18724	-	KK01_06615	ssuD	"Flavin-dependent oxidoreductase, luciferase family (includes alkanesulfonate monooxygenase SsuD and methylene tetrahydromethanopterin reductase)"	"COG:COG2141, COG:HR, RefSeq:WP_026036378.1, SO:0001217, UniParc:UPI000319CF08, UniRef:UniRef100_UPI000319CF08, UniRef:UniRef50_A0A378PI26, UniRef:UniRef90_F5S9C8"
contig_19	cds	18903	19670	+	KK01_06620		hypothetical protein	"RefSeq:WP_019390408.1, SO:0001217, UniParc:UPI0003658264, UniRef:UniRef100_UPI0003658264, UniRef:UniRef50_UPI00056ECAB0, UniRef:UniRef90_UPI00056ECAB0"
contig_19	cds	19667	20152	+	KK01_06625		PIN domain-containing protein	"RefSeq:WP_019390407.1, SO:0001217, UniParc:UPI0003185FFF, UniRef:UniRef100_UPI0003185FFF, UniRef:UniRef50_A0A377R658, UniRef:UniRef90_UPI0003185FFF"
contig_19	cds	20204	22036	-	KK01_06630	uvrC	excinuclease ABC subunit UvrC	"COG:COG0322, COG:L, KEGG:K03703, RefSeq:WP_019390406.1, SO:0001217, UniParc:UPI0002D44B6E, UniRef:UniRef100_UPI0002D44B6E, UniRef:UniRef50_Q5F928, UniRef:UniRef90_V9H7Y1"
contig_19	cds	22072	22512	-	KK01_06635		HAD domain-containing protein	"RefSeq:WP_019390405.1, SO:0001217, UniParc:UPI0002ED7FEA, UniRef:UniRef100_UPI0002ED7FEA, UniRef:UniRef50_F0F0G0, UniRef:UniRef90_UPI0005712EA4"
contig_19	cds	23091	23951	+	KK01_06640		"Amino acid ABC superfamily ATP binding cassette transporter, binding protein"	"RefSeq:WP_230311266.1, SO:0001217, UniParc:UPI000421E7D3, UniRef:UniRef100_UPI000421E7D3, UniRef:UniRef50_F5S9N1, UniRef:UniRef90_F5S9N1"
contig_19	cds	24040	26418	-	KK01_06645	xFP	Phosphoketolase	"COG:COG3957, COG:G, EC:4.1.2.22, EC:4.1.2.9, KEGG:K01621, RefSeq:WP_019390401.1, SO:0001217, UniParc:UPI0002D8E7E2, UniRef:UniRef100_UPI0002D8E7E2, UniRef:UniRef50_Q9CFH4, UniRef:UniRef90_F5S9N2"
contig_19	cds	26566	27111	-	KK01_06650		Integral membrane protein	"RefSeq:WP_032132981.1, SO:0001217, UniParc:UPI00041B10B7, UniRef:UniRef100_UPI00041B10B7, UniRef:UniRef50_V9H9M6, UniRef:UniRef90_V9H9M6"
contig_19	cds	27104	27310	-	KK01_06655	xRE	"DNA-binding transcriptional regulator, XRE-family HTH domain"	"COG:COG1476, COG:K, RefSeq:WP_003788083.1, SO:0001217, UniParc:UPI00020C6554, UniRef:UniRef100_F5S9N4, UniRef:UniRef50_K0JNC8, UniRef:UniRef90_V9HMD4"
contig_19	cds	27451	28239	-	KK01_06660		"5'-nucleotidase, lipoprotein e(P4) family"	"COG:COG2503, COG:R, RefSeq:WP_019390399.1, SO:0001217, UniParc:UPI00031939D1, UniRef:UniRef100_UPI00031939D1, UniRef:UniRef50_P26093, UniRef:UniRef90_F5S9N5"
contig_19	cds	28364	31093	-	KK01_06665	gyrA	DNA gyrase subunit A	"COG:COG0188, COG:L, EC:5.6.2.2, KEGG:K02469, SO:0001217, UniRef:UniRef50_P48371, UniRef:UniRef90_F5S9N6"
contig_19	cds	31232	32599	+	KK01_06670	ffh	signal recognition particle protein	"COG:COG0541, COG:U, EC:3.6.5.4, KEGG:K03106, RefSeq:WP_032132980.1, SO:0001217, UniParc:UPI00041CDEA3, UniRef:UniRef100_UPI00041CDEA3, UniRef:UniRef50_F0F0L0, UniRef:UniRef90_F5S9N7"
contig_19	cds	32728	34053	+	KK01_06675	uhpC	Sugar phosphate permease	"COG:COG2271, COG:G, KEGG:K08195, SO:0001217, UniRef:UniRef50_A0A2U2ADZ9, UniRef:UniRef90_F5S9N9"
contig_20	cds	158	1564	-	KK01_06680	tolC	Outer membrane protein TolC	"COG:COG1538, COG:M, SO:0001217, UniRef:UniRef50_G4CF11, UniRef:UniRef90_F5S9D8"
contig_20	cds	1575	2162	-	KK01_06685	ruvA	Holliday junction branch migration protein RuvA	"COG:COG0632, COG:L, RefSeq:WP_026036189.1, SO:0001217, UniParc:UPI0003F82E0F, UniRef:UniRef100_UPI0003F82E0F, UniRef:UniRef50_B4EES6, UniRef:UniRef90_F5S9D9"
contig_20	cds	2168	2950	-	KK01_06690		SAM-dependent methyltransferase	"SO:0001217, UniRef:UniRef50_F5S9E0, UniRef:UniRef90_F5S9E0"
contig_20	tRNA	3120	3204	+	KK01_06695	trnL	tRNA-Leu(caa)	SO:0000264
contig_20	cds	3581	4489	+	KK01_06700	ccmA	"ABC-type multidrug transport system, ATPase component"	"COG:COG1131, COG:V, SO:0001217, UniRef:UniRef50_A0A1J5RMP9, UniRef:UniRef90_F5S9E3"
contig_20	cds	4486	5250	+	KK01_06705	yadH	"ABC-type multidrug transport system, permease component"	"COG:COG0842, COG:V, SO:0001217, UniRef:UniRef50_A0A119QZG8, UniRef:UniRef90_A0A238HIC5"
contig_20	cds	5394	6221	-	KK01_06710	tPR	TPR repeat	"COG:COG0790, COG:R, SO:0001217, UniRef:UniRef50_F5S9E5, UniRef:UniRef90_F5S9E5"
contig_20	cds	6334	6717	+	KK01_06715	aMBF1	"Archaeal ribosome-binding protein aMBF1, putative translation factor, contains Zn-ribbon and HTH domains"	"COG:COG1813, COG:J, RefSeq:WP_003792164.1, SO:0001217, UniParc:UPI00025855A8, UniRef:UniRef100_UPI00025855A8, UniRef:UniRef50_A0A0U1RGV3, UniRef:UniRef90_F5S9E6"
contig_20	cds	6805	7674	+	KK01_06720	rsmI	16S rRNA (cytidine(1402)-2'-O)-methyltransferase	"COG:COG0313, COG:J, SO:0001217, UniRef:UniRef50_Q9JXE3, UniRef:UniRef90_A0A238HJR8"
contig_20	cds	7793	8302	+	KK01_06725	coaD	pantetheine-phosphate adenylyltransferase	"COG:COG0669, COG:H, RefSeq:WP_003787910.1, SO:0001217, UniParc:UPI00020C5ADD, UniRef:UniRef100_F5S9E8, UniRef:UniRef50_Q5F551, UniRef:UniRef90_F5S9E8"
contig_20	cds	8446	10728	+	KK01_06730	metE	5-methyltetrahydropteroyltriglutamate--homocysteine S-methyltransferase	"COG:COG0620, COG:E, EC:2.1.1.14, KEGG:K00549, RefSeq:WP_019388937.1, SO:0001217, UniParc:UPI0002DF5E86, UniRef:UniRef100_UPI0002DF5E86, UniRef:UniRef50_P65341, UniRef:UniRef90_F5S9E9"
contig_20	cds	10845	11459	+	KK01_06735		GAF domain-containing protein	"RefSeq:WP_019388939.1, SO:0001217, UniParc:UPI00030C6BBB, UniRef:UniRef100_UPI00030C6BBB, UniRef:UniRef50_V9H9U2, UniRef:UniRef90_F5S9F1"
contig_20	cds	11504	12439	+	KK01_06740	ispH	4-hydroxy-3-methylbut-2-enyl diphosphate reductase	"COG:COG0761, COG:I, RefSeq:WP_003792159.1, SO:0001217, UniParc:UPI00025855A3, UniRef:UniRef100_UPI00025855A3, UniRef:UniRef50_P65191, UniRef:UniRef90_F5S9F2"
contig_20	cds	12521	13735	-	KK01_06745	uraA	Xanthine/uracil permease	"COG:COG2233, COG:F, KEGG:K02824, RefSeq:WP_019388940.1, SO:0001217, UniParc:UPI0002FEA5A9, UniRef:UniRef100_UPI0002FEA5A9, UniRef:UniRef50_Q9CPL9, UniRef:UniRef90_F5S9F4"
contig_20	cds	13860	14321	+	KK01_06750	smg	DUF494 domain-containing protein	"COG:COG2922, COG:S, KEGG:K03747, RefSeq:WP_019388941.1, SO:0001217, UniParc:UPI000308012A, UniRef:UniRef100_UPI000308012A, UniRef:UniRef50_F5S9F5, UniRef:UniRef90_F5S9F5"
contig_20	cds	14481	14639	+	KK01_06755		hypothetical protein	
contig_20	cds	14636	14797	+	KK01_06760		Transcriptional regulator	"RefSeq:WP_003787923.1, SO:0001217, UniParc:UPI00020C5AE5, UniRef:UniRef100_F5S9F6, UniRef:UniRef50_F5S9F6, UniRef:UniRef90_F5S9F6"
contig_20	cds	14857	17175	+	KK01_06765	topA	type I DNA topoisomerase	"RefSeq:WP_019388943.1, SO:0001217, UniParc:UPI000315DC86, UniRef:UniRef100_UPI000315DC86, UniRef:UniRef50_G4CIT5, UniRef:UniRef90_F5S9F7"
contig_20	cds	17343	21530	-	KK01_06770	rpoC	DNA-directed RNA polymerase subunit beta'	"COG:COG0086, COG:K, RefSeq:WP_154699994.1, SO:0001217, UniParc:UPI000DFE55B7, UniRef:UniRef100_UPI000DFE55B7, UniRef:UniRef50_Q87KQ5, UniRef:UniRef90_C4GEG9"
contig_20	cds	21619	21951	-	KK01_06775		Periplasmic protein	"RefSeq:WP_019388945.1, SO:0001217, UniParc:UPI00036FDAC1, UniRef:UniRef100_F5S9F9, UniRef:UniRef50_A0A8T9MQR4, UniRef:UniRef90_F5S9F9"
contig_20	cds	22032	26225	-	KK01_06780	rpoB	DNA-directed RNA polymerase subunit beta	"COG:COG0085, COG:K, RefSeq:WP_019388946.1, SO:0001217, UniParc:UPI0002DBA974, UniRef:UniRef100_UPI0002DBA974, UniRef:UniRef50_A0KQA5, UniRef:UniRef90_V9H5Q8"
contig_20	cds	26445	26816	-	KK01_06785	rplL	50S ribosomal protein L7/L12	"RefSeq:WP_019388947.1, SO:0001217, UniParc:UPI000308C252, UniRef:UniRef100_UPI000308C252, UniRef:UniRef50_A7I3U0, UniRef:UniRef90_V9H834"
contig_20	cds	26880	27377	-	KK01_06790	rplJ	50S ribosomal protein L10	"COG:COG0244, COG:J, RefSeq:WP_003792152.1, SO:0001217, UniParc:UPI00025850FB, UniRef:UniRef100_A0A238HJQ5, UniRef:UniRef50_B7J457, UniRef:UniRef90_F5S9G2"
contig_20	cds	27597	28292	-	KK01_06795	rplA	50S ribosomal protein L1	"COG:COG0081, COG:J, GO:0000049, GO:0003735, GO:0006412, GO:0006417, GO:0015934, GO:0019843, RefSeq:WP_019388948.1, SO:0001217, UniParc:UPI000304D708, UniRef:UniRef100_UPI000304D708, UniRef:UniRef50_P10054, UniRef:UniRef90_Q5F5R2"
contig_20	cds	28292	28726	-	KK01_06800	rplK	50S ribosomal protein L11	"COG:COG0080, COG:J, RefSeq:WP_019388949.1, SO:0001217, UniParc:UPI0002F5F5E2, UniRef:UniRef100_UPI0002F5F5E2, UniRef:UniRef50_P62441, UniRef:UniRef90_V9HBL8"
contig_20	cds	28852	29403	-	KK01_06805	nusG	transcription termination/antitermination protein NusG	"COG:COG0250, COG:K, KEGG:K02601, RefSeq:WP_060536930.1, SO:0001217, UniParc:UPI000706E565, UniRef:UniRef100_UPI000706E565, UniRef:UniRef50_Q89B15, UniRef:UniRef90_F5S9G5"
contig_20	cds	29422	29640	-	KK01_06810	secE	preprotein translocase subunit SecE	"COG:COG0690, COG:U, KEGG:K03073, SO:0001217, UniRef:UniRef50_F5S9G6, UniRef:UniRef90_F5S9G6"
contig_20	tRNA	29725	29800	-	KK01_06815	trnW	tRNA-Trp(cca)	SO:0000271
contig_21	tRNA	201	276	-	KK01_06820	trnK	tRNA-Lys(ttt)	SO:0000265
contig_21	ncRNA-region	418	509	+			TPP riboswitch (THI element)	"RFAM:RF00059, SO:0000035"
contig_21	cds	498	1595	+	KK01_06825	tbpA	"ABC-type thiamine transport system, periplasmic component TbpA"	"COG:COG4143, COG:H, KEGG:K02064, SO:0001217, UniRef:UniRef50_X5F3W5, UniRef:UniRef90_F5S964"
contig_21	cds	1651	3510	-	KK01_06830	ilvD	dihydroxy-acid dehydratase	"COG:COG0129, COG:EG, EC:4.2.1.9, KEGG:K01687, RefSeq:WP_019390249.1, SO:0001217, UniParc:UPI0003785CF2, UniRef:UniRef100_UPI0003785CF2, UniRef:UniRef50_Q9JS61, UniRef:UniRef90_C4GKP4"
contig_21	cds	3729	4139	+	KK01_06835		DUF4878 domain-containing protein	"RefSeq:WP_019390250.1, SO:0001217, UniParc:UPI0002E9244D, UniRef:UniRef100_UPI0002E9244D, UniRef:UniRef50_F5S966, UniRef:UniRef90_F5S966"
contig_21	cds	4114	4608	+	KK01_06840		YiiX/YebB-like N1pC/P60 family cysteine hydrolase	"RefSeq:WP_230311268.1, SO:0001217, UniParc:UPI0002E820CC, UniRef:UniRef100_UPI0002E820CC, UniRef:UniRef50_UPI00040506C3, UniRef:UniRef90_UPI00040506C3"
contig_21	cds	4805	5275	-	KK01_06845		CYTH domain-containing protein	"RefSeq:WP_019390252.1, SO:0001217, UniParc:UPI000310EC0C, UniRef:UniRef100_UPI000310EC0C, UniRef:UniRef50_G4CJU3, UniRef:UniRef90_UPI000310EC0C"
contig_21	cds	5287	5700	-	KK01_06850	hemJ	Protoporphyrinogen oxidase HemJ (unrelated to HemG or HemY)	"COG:COG1981, COG:H, EC:1.3.99.-, KEGG:K08973, RefSeq:WP_019390253.1, SO:0001217, UniParc:UPI0002EEFE8E, UniRef:UniRef100_UPI0002EEFE8E, UniRef:UniRef50_V9HE16, UniRef:UniRef90_F5S970"
contig_21	cds	5784	6005	-	KK01_06855	rpmE	50S ribosomal protein L31	"COG:COG0254, COG:J, RefSeq:WP_003788541.1, SO:0001217, UniParc:UPI00020C78C2, UniRef:UniRef100_F5S971, UniRef:UniRef50_A0R215, UniRef:UniRef90_F5S971"
contig_21	cds	6325	6807	+	KK01_06860	lspA	signal peptidase II	"COG:COG0597, COG:MU, EC:3.4.23.36, KEGG:K03101, RefSeq:WP_019390255.1, SO:0001217, UniParc:UPI00036DECBC, UniRef:UniRef100_UPI00036DECBC, UniRef:UniRef50_P65264, UniRef:UniRef90_F5S972"
contig_21	cds	6867	7478	+	KK01_06865	ribA	GTP cyclohydrolase II	"COG:COG0807, COG:H, RefSeq:WP_019390256.1, SO:0001217, UniParc:UPI0003769777, UniRef:UniRef100_F5S973, UniRef:UniRef50_Q8EDD1, UniRef:UniRef90_F5S973"
contig_21	cds	7594	7983	+	KK01_06870		DUF1304 domain-containing protein	"KEGG:K08987, RefSeq:WP_026036364.1, SO:0001217, UniParc:UPI00031C4987, UniRef:UniRef100_UPI00031C4987, UniRef:UniRef50_UPI001FB711E0, UniRef:UniRef90_UPI001FB711E0"
contig_21	cds	8021	8569	+	KK01_06875	ampD	"1,6-anhydro-N-acetylmuramyl-L-alanine amidase AmpD"	"COG:COG3023, COG:M, EC:3.5.1.28, KEGG:K03806, RefSeq:WP_019390258.1, SO:0001217, UniParc:UPI0002D69C2C, UniRef:UniRef100_UPI0002D69C2C, UniRef:UniRef50_A0A8B4SAL2, UniRef:UniRef90_F5S975"
contig_21	cds	8602	9822	+	KK01_06880	kpsS	Capsule polysaccharide modification protein KpsS	"COG:COG3562, COG:M, RefSeq:WP_003788550.1, SO:0001217, UniParc:UPI00020C78C7, UniRef:UniRef100_K7QRH4, UniRef:UniRef50_K7QRH4, UniRef:UniRef90_K7QRH4"
contig_21	cds	9819	10448	+	KK01_06885	nth	endonuclease III	"COG:COG0177, COG:L, RefSeq:WP_003788553.1, SO:0001217, UniParc:UPI00020C78C8, UniRef:UniRef100_F5S977, UniRef:UniRef50_A0A850K8K9, UniRef:UniRef90_F5S977"
contig_21	cds	10494	10808	+	KK01_06890		hypothetical protein	"RefSeq:WP_038304757.1, SO:0001217, UniParc:UPI00056E9D43, UniRef:UniRef100_UPI00056E9D43, UniRef:UniRef50_UPI00056F82FC, UniRef:UniRef90_UPI00056F82FC"
contig_21	cds	10876	11682	-	KK01_06895	bioH	pimeloyl-ACP methyl ester esterase BioH	"COG:COG0596, COG:HR, EC:3.1.1.85, KEGG:K02170, SO:0001217, UniRef:UniRef50_F0F089, UniRef:UniRef90_F5S980"
contig_21	cds	11912	12295	+	KK01_06900		ComF/gntX family protein	"KEGG:K02242, SO:0001217, UniRef:UniRef50_F5S982, UniRef:UniRef90_F5S982"
contig_21	cds	12407	12871	+	KK01_06905	trmL	tRNA (uridine(34)/cytosine(34)/5-carboxymethylaminomethyluridine(34)-2'-O)-methyltransferase TrmL	"COG:COG0219, COG:J, EC:2.1.1.207, KEGG:K03216, RefSeq:WP_019390262.1, SO:0001217, UniParc:UPI0003827E35, UniRef:UniRef100_UPI0003827E35, UniRef:UniRef50_Q21LN7, UniRef:UniRef90_F5S983"
contig_21	cds	12855	13649	+	KK01_06910	rlpA	"Peptidoglycan lytic transglycosylase RlpA, contains C-terminal SPOR domain"	"COG:COG0797, COG:M, KEGG:K03642, RefSeq:WP_019390263.1, SO:0001217, UniParc:UPI0002DCEC91, UniRef:UniRef100_UPI0002DCEC91, UniRef:UniRef50_F5S984, UniRef:UniRef90_F5S984"
contig_21	cds	13911	15080	+	KK01_06915	ispC	1-deoxy-D-xylulose-5-phosphate reductoisomerase	"COG:COG0743, COG:I, EC:1.1.1.267, KEGG:K00099, RefSeq:WP_019390264.1, SO:0001217, UniParc:UPI000378B795, UniRef:UniRef100_UPI000378B795, UniRef:UniRef50_A8FY36, UniRef:UniRef90_F5S986"
contig_21	cds	15187	15555	-	KK01_06920	rplQ	50S ribosomal protein L17	"COG:COG0203, COG:J, KEGG:K02879, RefSeq:WP_003788570.1, SO:0001217, UniParc:UPI00020C7D87, UniRef:UniRef100_F5S987, UniRef:UniRef50_Q1D747, UniRef:UniRef90_F5S987"
contig_21	cds	15574	16560	-	KK01_06925	rpoA	DNA-directed RNA polymerase subunit alpha	"COG:COG0202, COG:K, RefSeq:WP_019390265.1, SO:0001217, UniParc:UPI000313D2F0, UniRef:UniRef100_UPI000313D2F0, UniRef:UniRef50_A1JS01, UniRef:UniRef90_F0F0B2"
contig_21	cds	16586	17206	-	KK01_06930	rpsD	30S ribosomal protein S4	"COG:COG0522, COG:J, GO:0003735, GO:0006412, GO:0015935, GO:0019843, GO:0045903, KEGG:K02986, RefSeq:WP_019390266.1, SO:0001217, UniParc:UPI0002D6BA31, UniRef:UniRef100_UPI0002D6BA31, UniRef:UniRef50_P44373, UniRef:UniRef90_Q5F5V1"
contig_21	cds	17217	17612	-	KK01_06935	rpsK	30S ribosomal protein S11	"COG:COG0100, COG:J, GO:0003735, GO:0005840, GO:0006412, GO:0019843, GO:1990904, RefSeq:WP_003783270.1, SO:0001217, UniParc:UPI0001FBA389, UniRef:UniRef100_F5S990, UniRef:UniRef50_Q5E891, UniRef:UniRef90_Q7NQH5"
contig_21	cds	17631	17993	-	KK01_06940	rpsM	30S ribosomal protein S13	"COG:COG0099, COG:J, GO:0000049, GO:0003735, GO:0005840, GO:0006412, GO:0019843, GO:1990904, KEGG:K02952, RefSeq:WP_003788577.1, SO:0001217, UniParc:UPI00020C7D8A, UniRef:UniRef100_F5S991, UniRef:UniRef50_P59753, UniRef:UniRef90_Q5F5U9"
contig_21	cds	18130	18243	-	KK01_06945	rpmJ	50S ribosomal protein L36	"COG:COG0257, COG:J, GO:0003735, GO:0005840, GO:0006412, GO:1990904, RefSeq:WP_002642304.1, SO:0001217, UniParc:UPI0001D09069, UniRef:UniRef100_V9H5R6, UniRef:UniRef50_Q9RSK0, UniRef:UniRef90_Q7NPQ7"
contig_21	cds	18268	18486	-	KK01_06950	infA	translation initiation factor IF-1	"COG:COG0361, COG:J, RefSeq:WP_003788578.1, SO:0001217, UniParc:UPI00020C7D8B, UniRef:UniRef100_F0F0B6, UniRef:UniRef50_Q250K9, UniRef:UniRef90_V9H849"
contig_21	cds	18502	19806	-	KK01_06955	secY	preprotein translocase subunit SecY	"COG:COG0201, COG:U, RefSeq:WP_026036367.1, SO:0001217, UniParc:UPI0002E26F01, UniRef:UniRef100_UPI0002E26F01, UniRef:UniRef50_A0A7C5CA35, UniRef:UniRef90_F5S993"
contig_21	cds	19817	20251	-	KK01_06960	rplO	50S ribosomal protein L15	"COG:COG0200, COG:J, RefSeq:WP_019390268.1, SO:0001217, UniParc:UPI0002D67B60, UniRef:UniRef100_UPI0002D67B60, UniRef:UniRef50_A4SUY0, UniRef:UniRef90_V9HLT7"
contig_21	cds	20253	20438	-	KK01_06965	rpmD	50S ribosomal protein L30	"COG:COG1841, COG:J, GO:0003735, GO:0005737, GO:0006412, GO:0015934, RefSeq:WP_003788583.1, SO:0001217, UniParc:UPI00020C7D8E, UniRef:UniRef100_F5S995, UniRef:UniRef50_A1WVA4, UniRef:UniRef90_Q5F5U5"
contig_21	cds	20431	20949	-	KK01_06970	rpsE	30S ribosomal protein S5	"COG:COG0098, COG:J, GO:0003735, GO:0006412, GO:0015935, GO:0019843, RefSeq:WP_003788587.1, SO:0001217, UniParc:UPI00020C7D8F, UniRef:UniRef100_F5S996, UniRef:UniRef50_Q89A82, UniRef:UniRef90_Q5F5U4"
contig_21	cds	20970	21323	-	KK01_06975	rplR	50S ribosomal protein L18	"COG:COG0256, COG:J, RefSeq:WP_003788589.1, SO:0001217, UniParc:UPI00020C7D90, UniRef:UniRef100_F5S997, UniRef:UniRef50_Q9CL46, UniRef:UniRef90_V9H848"
contig_21	cds	21338	21871	-	KK01_06980	rplF	50S ribosomal protein L6	"COG:COG0097, COG:J, RefSeq:WP_019390269.1, SO:0001217, UniParc:UPI0003075DA7, UniRef:UniRef100_UPI0003075DA7, UniRef:UniRef50_Q0VSI8, UniRef:UniRef90_V9HKP8"
contig_21	cds	21889	22281	-	KK01_06985	rpsH	30S ribosomal protein S8	"COG:COG0096, COG:J, KEGG:K02994, RefSeq:WP_003791984.1, SO:0001217, UniParc:UPI0002586C5C, UniRef:UniRef100_A0A238TDW8, UniRef:UniRef50_B8GV44, UniRef:UniRef90_V9HLT5"
contig_21	cds	22296	22601	-	KK01_06990	rpsN	30S ribosomal protein S14	"COG:COG0199, COG:J, RefSeq:WP_003788595.1, SO:0001217, UniParc:UPI00020C7D93, UniRef:UniRef100_F5S9A0, UniRef:UniRef50_P46179, UniRef:UniRef90_V9HBP8"
contig_21	cds	22604	23143	-	KK01_06995	rplE	50S ribosomal protein L5	"COG:COG0094, COG:J, KEGG:K02931, RefSeq:WP_002642314.1, SO:0001217, UniParc:UPI0001D0905F, UniRef:UniRef100_F5S9A1, UniRef:UniRef50_Q83PY9, UniRef:UniRef90_F5S9A1"
contig_21	cds	23147	23485	-	KK01_07000	rplX	50S ribosomal protein L24	"COG:COG0198, COG:J, RefSeq:WP_019390270.1, SO:0001217, UniParc:UPI0002DA1F8B, UniRef:UniRef100_UPI0002DA1F8B, UniRef:UniRef50_Q6F7S3, UniRef:UniRef90_V9H846"
contig_21	cds	23504	23872	-	KK01_07005	rplN	50S ribosomal protein L14	"COG:COG0093, COG:J, GO:0003735, GO:0006412, GO:0015934, GO:0019843, KEGG:K02874, RefSeq:WP_002642316.1, SO:0001217, UniParc:UPI0001D0905D, UniRef:UniRef100_F5S9A3, UniRef:UniRef50_Q5SHP8, UniRef:UniRef90_C1DAS7"
contig_21	cds	24132	24395	-	KK01_07010	rpsQ	30S ribosomal protein S17	"COG:COG0186, COG:J, RefSeq:WP_019390272.1, SO:0001217, UniParc:UPI0002F9523F, UniRef:UniRef100_UPI0002F9523F, UniRef:UniRef50_P51305, UniRef:UniRef90_V9HLU5"
contig_21	cds	24395	24586	-	KK01_07015	rpmC	50S ribosomal protein L29	"COG:COG0255, COG:J, RefSeq:WP_019390273.1, SO:0001217, UniParc:UPI0002FC19CD, UniRef:UniRef100_UPI0002FC19CD, UniRef:UniRef50_Q5E8A7, UniRef:UniRef90_V9HBR9"
contig_21	cds	24586	25002	-	KK01_07020	rplP	50S ribosomal protein L16	"COG:COG0197, COG:J, GO:0000049, GO:0003735, GO:0005840, GO:0006412, GO:0019843, GO:1990904, RefSeq:WP_019390274.1, SO:0001217, UniParc:UPI0002E1EC7D, UniRef:UniRef100_UPI0002E1EC7D, UniRef:UniRef50_A6T3J7, UniRef:UniRef90_Q5F5T4"
contig_21	cds	24986	25684	-	KK01_07025	rpsC	30S ribosomal protein S3	"COG:COG0092, COG:J, KEGG:K02982, RefSeq:WP_019390275.1, SO:0001217, UniParc:UPI00030F88C1, UniRef:UniRef100_UPI00030F88C1, UniRef:UniRef50_Q6N4U0, UniRef:UniRef90_A0A238TDV7"
contig_21	cds	25694	26023	-	KK01_07030	rplV	50S ribosomal protein L22	"COG:COG0091, COG:J, GO:0003735, GO:0006412, GO:0015934, GO:0019843, GO:0022625, GO:0042255, KEGG:K02890, RefSeq:WP_019390276.1, SO:0001217, UniParc:UPI0002DA290F, UniRef:UniRef100_UPI0002DA290F, UniRef:UniRef50_Q5E8B0, UniRef:UniRef90_Q5F5T2"
contig_21	cds	26032	26310	-	KK01_07035	rpsS	30S ribosomal protein S19	"COG:COG0185, COG:J, GO:0003735, GO:0005737, GO:0006412, GO:0015935, GO:0019843, RefSeq:WP_003788612.1, SO:0001217, UniParc:UPI00020C7D9A, UniRef:UniRef100_F5S9A9, UniRef:UniRef50_B7J471, UniRef:UniRef90_Q5F5T1"
contig_21	cds	26316	27149	-	KK01_07040	rplB	50S ribosomal protein L2	"COG:COG0090, COG:J, GO:0003735, GO:0006412, GO:0015934, GO:0016740, GO:0019843, RefSeq:WP_019390277.1, SO:0001217, UniParc:UPI0002DF12B3, UniRef:UniRef100_UPI0002DF12B3, UniRef:UniRef50_Q3IF22, UniRef:UniRef90_Q9K1I5"
contig_21	cds	27152	27466	-	KK01_07045	rplW	50S ribosomal protein L23	"COG:COG0089, COG:J, RefSeq:WP_019390278.1, SO:0001217, UniParc:UPI0002F7B399, UniRef:UniRef100_F5S9B1, UniRef:UniRef50_Q8EK66, UniRef:UniRef90_F5S9B1"
contig_21	cds	27463	28083	-	KK01_07050	rplD	50S ribosomal protein L4	"COG:COG0088, COG:J, RefSeq:WP_019390279.1, SO:0001217, UniParc:UPI0003007BA5, UniRef:UniRef100_UPI0003007BA5, UniRef:UniRef50_Q1LI38, UniRef:UniRef90_V9H852"
contig_21	cds	28083	28730	-	KK01_07055	rplC	50S ribosomal protein L3	"COG:COG0087, COG:J, RefSeq:WP_019390280.1, SO:0001217, UniParc:UPI00030DD2A2, UniRef:UniRef100_UPI00030DD2A2, UniRef:UniRef50_Q5F5S7, UniRef:UniRef90_A0A238HJ87"
contig_21	cds	29079	29390	-	KK01_07060		30S ribosomal protein S10	"SO:0001217, UniRef:UniRef50_Q9CDW1"
contig_22	cds	158	649	-	KK01_07065		DNA ligase	"SO:0001217, UniRef:UniRef50_A0A7X6TJ76"
contig_22	cds	662	976	-	KK01_07070		hypothetical protein	
contig_22	cds	1032	1454	-	KK01_07075	yhfA	OsmC family protein	"COG:COG1765, COG:R, RefSeq:WP_003785097.1, SO:0001217, UniParc:UPI00020C5EAD, UniRef:UniRef100_F5S4E2, UniRef:UniRef50_Q1YVH1, UniRef:UniRef90_F5S4E2"
contig_22	cds	1574	3004	+	KK01_07080	lpdA	dihydrolipoyl dehydrogenase	"COG:C, COG:COG1249, EC:1.8.1.4, KEGG:K00382, RefSeq:WP_019389817.1, SO:0001217, UniParc:UPI0002EC3094, UniRef:UniRef100_UPI0002EC3094, UniRef:UniRef50_G8Q3B3, UniRef:UniRef90_F5S4E3"
contig_22	cds	3077	4570	+	KK01_07085		putative helicase	"COG:COG4889, COG:R, SO:0001217, UniRef:UniRef50_A0A377QWW9, UniRef:UniRef90_F5S4E4"
contig_22	cds	4583	4906	+	KK01_07090		hypothetical protein	"RefSeq:WP_019389815.1, SO:0001217, UniParc:UPI0002FBAE36, UniRef:UniRef100_UPI0002FBAE36, UniRef:UniRef50_UPI0002FBAE36, UniRef:UniRef90_UPI0002FBAE36"
contig_22	cds	5089	5931	-	KK01_07095	rlmJ	23S rRNA A2030 N6-methylase RlmJ	"COG:COG2961, COG:J, EC:2.1.1.266, KEGG:K07115, RefSeq:WP_019389814.1, SO:0001217, UniParc:UPI00030763EE, UniRef:UniRef100_UPI00030763EE, UniRef:UniRef50_F5S4E6, UniRef:UniRef90_F5S4E6"
contig_22	cds	6076	7371	+	KK01_07100	tig	trigger factor	"COG:COG0544, COG:O, SO:0001217, UniRef:UniRef50_Q9JZ37, UniRef:UniRef90_F5S4E7"
contig_22	cds	7502	8164	+	KK01_07105	marC	"Small neutral amino acid transporter SnatA, MarC family"	"COG:COG2095, COG:E, KEGG:K05595, RefSeq:WP_019389812.1, SO:0001217, UniParc:UPI0002FF382E, UniRef:UniRef100_UPI0002FF382E, UniRef:UniRef50_A0A378VXS2, UniRef:UniRef90_F5S4E8"
contig_22	cds	8230	9366	-	KK01_07110	purK	5-(carboxyamino)imidazole ribonucleotide synthase	"COG:COG0026, COG:F, RefSeq:WP_019389811.1, SO:0001217, UniParc:UPI0002E87586, UniRef:UniRef100_UPI0002E87586, UniRef:UniRef50_A0A3N5GY72, UniRef:UniRef90_F5S4E9"
contig_22	cds	9491	9964	+	KK01_07115		Lipoprotein	"RefSeq:WP_019389810.1, SO:0001217, UniParc:UPI0002EB93A2, UniRef:UniRef100_F5S4F0, UniRef:UniRef50_F5S4F0, UniRef:UniRef90_F5S4F0"
contig_22	cds	9976	10614	+	KK01_07120	pncA	Nicotinamidase-related amidase	"COG:COG1335, COG:HR, EC:3.5.1.-, EC:3.5.1.19, KEGG:K08281, RefSeq:WP_019389809.1, SO:0001217, UniParc:UPI0002D4A070, UniRef:UniRef100_UPI0002D4A070, UniRef:UniRef50_A0A142BC65, UniRef:UniRef90_F5S4F1"
contig_22	cds	10703	11251	-	KK01_07125	yciW	"Alkylhydroperoxidase family enzyme, contains CxxC motif"	"COG:COG2128, COG:P, RefSeq:WP_019389808.1, SO:0001217, UniParc:UPI0002E3E928, UniRef:UniRef100_UPI0002E3E928, UniRef:UniRef50_B2ILV5, UniRef:UniRef90_F5S4F2"
contig_22	cds	11432	13132	+	KK01_07130	coaX	Pantothenate kinase type III	"COG:COG1521, COG:H, EC:2.7.1.33, EC:6.3.4.15, KEGG:K01947, SO:0001217, UniRef:UniRef50_Q9JXF1, UniRef:UniRef90_F5S4F3"
contig_22	cds	13129	13674	+	KK01_07135		Sporulation and cell division repeat protein	"RefSeq:WP_019389806.1, SO:0001217, UniParc:UPI000300F6F0, UniRef:UniRef100_UPI000300F6F0, UniRef:UniRef50_A0A3P2ADJ5, UniRef:UniRef90_F5S4F4"
contig_22	cds	13746	14549	+	KK01_07140		Sel1 domain protein	"RefSeq:WP_019389805.1, SO:0001217, UniParc:UPI0003817889, UniRef:UniRef100_UPI0003817889, UniRef:UniRef50_A0A238HHG9, UniRef:UniRef90_F5S4F5"
contig_22	tRNA	14595	14670	-	KK01_07145	trnF	tRNA-Phe(gaa)	SO:0000267
contig_22	cds	14848	15975	+	KK01_07150	proB	Glutamate 5-kinase	"COG:COG0263, COG:E, RefSeq:WP_019389803.1, SO:0001217, UniParc:UPI0003111E28, UniRef:UniRef100_UPI0003111E28, UniRef:UniRef50_Q2SZF9, UniRef:UniRef90_F5S4F6"
contig_22	cds	16030	16383	+	KK01_07155	tPR	TPR repeat	"COG:COG0790, COG:R, RefSeq:WP_003785123.1, SO:0001217, UniParc:UPI00020C5EBC, UniRef:UniRef100_F5S4F7, UniRef:UniRef50_A0A3P2AC57, UniRef:UniRef90_F5S4F7"
contig_22	cds	16464	17297	+	KK01_07160	hisJ	"ABC-type amino acid transport/signal transduction system, periplasmic component/domain"	"COG:COG0834, COG:ET, RefSeq:WP_003785124.1, SO:0001217, UniParc:UPI00020C5EBD, UniRef:UniRef100_F5S4F8, UniRef:UniRef50_Q06758, UniRef:UniRef90_F5S4F8"
contig_22	cds	17475	17759	+	KK01_07165	relB	Antitoxin component of the RelBE or YafQ-DinJ toxin-antitoxin module	"COG:COG3077, COG:V, RefSeq:WP_003785126.1, SO:0001217, UniParc:UPI00020C5EBF, UniRef:UniRef100_F5S4G0, UniRef:UniRef50_A0A220S2B7, UniRef:UniRef90_F5S4G0"
contig_22	cds	17746	18003	+	KK01_07170	yafQ	"mRNA-degrading endonuclease YafQ (mRNA interferase), toxin component of the YafQ-DinJ toxin-antitoxin module"	"COG:COG3041, COG:JV, EC:3.1.-.-, KEGG:K19157, RefSeq:WP_019389802.1, SO:0001217, UniParc:UPI0003044CFA, UniRef:UniRef100_UPI000408E966, UniRef:UniRef50_A0A1V4GNA7, UniRef:UniRef90_F5S4G1"
contig_22	cds	18275	19597	+	KK01_07175	miaB	tRNA (N6-isopentenyl adenosine(37)-C2)-methylthiotransferase MiaB	"COG:COG0621, COG:J, EC:2.8.4.3, GO:0005737, GO:0006400, GO:0035596, GO:0046872, GO:0051539, KEGG:K06168, RefSeq:WP_019389801.1, SO:0001217, UniParc:UPI000304C7DA, UniRef:UniRef100_UPI000304C7DA, UniRef:UniRef50_Q8PJR9, UniRef:UniRef90_Q9JXV8"
contig_22	cds	19802	20533	+	KK01_07180	aphA	acid phosphatase AphA	"COG:COG3700, COG:PR, RefSeq:WP_003791412.1, SO:0001217, UniParc:UPI0002586915, UniRef:UniRef100_F5S4G4, UniRef:UniRef50_A6VP72, UniRef:UniRef90_F5S4G4"
contig_22	cds	20637	21332	+	KK01_07185	cpoB	"Cell division protein CpoB, coordinates peptidoglycan biosynthesis and outer membrane constriction"	"COG:COG1729, COG:D, RefSeq:WP_019389800.1, SO:0001217, UniParc:UPI0002D7D342, UniRef:UniRef100_UPI0002D7D342, UniRef:UniRef50_F5S4G5, UniRef:UniRef90_F5S4G5"
contig_22	cds	21329	22429	+	KK01_07190		CHAT domain-containing protein	"SO:0001217, UniRef:UniRef50_A0A377QXN3, UniRef:UniRef90_F5S4G6"
contig_22	cds	22503	23204	-	KK01_07195	gCD1	"NDP-sugar pyrophosphorylase, includes eIF-2Bgamma, eIF-2Bepsilon, and LPS biosynthesis protein s"	"COG:COG1208, COG:JM, EC:2.7.7.99, KEGG:K00992, RefSeq:WP_019389798.1, SO:0001217, UniParc:UPI0002D850B8, UniRef:UniRef100_UPI0002D850B8, UniRef:UniRef50_Q7NQB4, UniRef:UniRef90_F5S4G7"
contig_22	cds	23219	23551	-	KK01_07200	phnA	Uncharacterized Zn-ribbon-containing protein	"COG:COG2824, COG:R, RefSeq:WP_003785140.1, SO:0001217, UniParc:UPI00020C5EC7, UniRef:UniRef100_F5S4G8, UniRef:UniRef50_A0A0J8D7E5, UniRef:UniRef90_F5S4G8"
contig_22	cds	23820	24284	-	KK01_07205		DUF1330 domain-containing protein	"RefSeq:WP_038310549.1, SO:0001217, UniParc:UPI00041B26EE, UniRef:UniRef100_UPI00041B26EE, UniRef:UniRef50_F5S4H0, UniRef:UniRef90_F5S4H0"
contig_22	cds	24399	25901	-	KK01_07210	yifB	YifB family Mg chelatase-like AAA ATPase	"COG:COG0606, COG:O, SO:0001217, UniRef:UniRef50_V6APJ9, UniRef:UniRef90_F5S4H2"
contig_22	cds	25912	26190	-	KK01_07215	ubiK	Ubiquinone biosynthesis accessory factor UbiK	"COG:COG2960, COG:H, RefSeq:WP_003785148.1, SO:0001217, UniParc:UPI00020C5ECC, UniRef:UniRef100_F5S4H3, UniRef:UniRef50_F5S4H3, UniRef:UniRef90_F5S4H3"
contig_22	cds	26489	27067	+	KK01_07220	hemO	Heme oxygenase	"COG:COG3230, COG:P, EC:1.14.99.58, KEGG:K07215, RefSeq:WP_019389795.1, SO:0001217, UniParc:UPI0002F8B45B, UniRef:UniRef100_UPI0002F8B45B, UniRef:UniRef50_F5S4H4, UniRef:UniRef90_F5S4H4"
contig_22	cds	27133	27261	-	KK01_07225		Thiazolylpeptide-type bacteriocin	"RefSeq:WP_003785152.1, SO:0001217, UniParc:UPI00020C5ECE, UniRef:UniRef100_F5S4H5, UniRef:UniRef50_F5S4H5, UniRef:UniRef90_F5S4H5"
contig_22	cds	27341	27964	-	KK01_07230		Adenosine deaminase	"SO:0001217, UniRef:UniRef50_A0A238HG57, UniRef:UniRef90_F5S4H6"
contig_23	cds	111	299	-	KK01_07235		AbrB/MazE/SpoVT family DNA-binding domain-containing protein	"RefSeq:WP_230477707.1, SO:0001217, UniParc:UPI0003174B44, UniRef:UniRef100_UPI0003174B44, UniRef:UniRef50_UPI0003174B44, UniRef:UniRef90_UPI0003174B44"
contig_23	cds	440	883	-	KK01_07240	rnhA	ribonuclease HI	"COG:COG0328, COG:L, EC:3.1.26.4, KEGG:K03469, RefSeq:WP_019388926.1, SO:0001217, UniParc:UPI00031414CE, UniRef:UniRef100_UPI00031414CE, UniRef:UniRef50_Q985W1, UniRef:UniRef90_F5S7P6"
contig_23	cds	949	1197	-	KK01_07245		DUF2281 domain-containing protein	"RefSeq:WP_003787179.1, SO:0001217, UniParc:UPI00020C64FF, UniRef:UniRef100_F5S7P5, UniRef:UniRef50_A0A8T9MJQ7, UniRef:UniRef90_F5S7P5"
contig_23	cds	1266	1952	+	KK01_07250		T2SSE-N domain-containing protein	"RefSeq:WP_019388925.1, SO:0001217, UniParc:UPI0002D44AA1, UniRef:UniRef100_UPI0002D44AA1, UniRef:UniRef50_F5S7P4, UniRef:UniRef90_F5S7P4"
contig_23	cds	2071	2904	-	KK01_07255		DUF1853 domain-containing protein	"COG:COG3782, COG:S, RefSeq:WP_019388924.1, SO:0001217, UniParc:UPI0002FE7FDA, UniRef:UniRef100_UPI0002FE7FDA, UniRef:UniRef50_V9H6L1, UniRef:UniRef90_F5S7P3"
contig_23	cds	2901	3713	-	KK01_07260	scpA	"Chromatin segregation and condensation protein Rec8/ScpA/Scc1, kleisin family"	"COG:COG1354, COG:L, KEGG:K05896, RefSeq:WP_019388923.1, SO:0001217, UniParc:UPI0002D37F48, UniRef:UniRef100_UPI0002D37F48, UniRef:UniRef50_A0A1X3CSM5, UniRef:UniRef90_F5S7P2"
contig_23	cds	3843	4637	-	KK01_07265	phnK	"ABC-type uncharacterized transport system, ATPase component"	"COG:COG1101, COG:R, RefSeq:WP_003787170.1, SO:0001217, UniParc:UPI00020C64FB, UniRef:UniRef100_F5S7P1, UniRef:UniRef50_A0A378NA40, UniRef:UniRef90_A0A1X3CXW9"
contig_23	cds	4634	5536	-	KK01_07270		"ABC-type uncharacterized transport system, permease component"	"COG:COG4120, COG:R, RefSeq:WP_019388921.1, SO:0001217, UniParc:UPI000362798C, UniRef:UniRef100_UPI000362798C, UniRef:UniRef50_A0A0F7D2L2, UniRef:UniRef90_F5S7P0"
contig_23	cds	5604	6650	-	KK01_07275		"ABC-type uncharacterized transport system, periplasmic component"	"COG:COG2984, COG:R, KEGG:K01989, RefSeq:WP_019388920.1, SO:0001217, UniParc:UPI00031443DC, UniRef:UniRef100_UPI00031443DC, UniRef:UniRef50_B9Z1J1, UniRef:UniRef90_F5S7N9"
contig_23	cds	7016	8014	-	KK01_07280	mltG	"Endolytic transglycosylase MltG, terminates peptidoglycan polymerization"	"COG:COG1559, COG:M, KEGG:K07082, RefSeq:WP_019388918.1, SO:0001217, UniParc:UPI00031A0B7A, UniRef:UniRef100_UPI00031A0B7A, UniRef:UniRef50_G4CGN6, UniRef:UniRef90_F5S7N8"
contig_23	cds	8167	9957	-	KK01_07285	leuA	2-isopropylmalate synthase	"COG:COG0119, COG:E, EC:2.3.3.13, KEGG:K01649, RefSeq:WP_019388917.1, SO:0001217, UniParc:UPI0002F84229, UniRef:UniRef100_UPI0002F84229, UniRef:UniRef50_Q820M0, UniRef:UniRef90_F5S7N7"
contig_23	cds	10395	11480	+	KK01_07290	ribBA	"bifunctional 3,4-dihydroxy-2-butanone-4-phosphate synthase/GTP cyclohydrolase II"	"COG:COG0807, COG:H, RefSeq:WP_019388916.1, SO:0001217, UniParc:UPI0002DDCDB3, UniRef:UniRef100_UPI0002DDCDB3, UniRef:UniRef50_Q9HWX4, UniRef:UniRef90_F5S7N5"
contig_23	cds	11542	11763	-	KK01_07295		Uroporphyrinogen decarboxylase	"RefSeq:WP_003787155.1, SO:0001217, UniParc:UPI00020C64F4, UniRef:UniRef100_F5S7N4, UniRef:UniRef50_Q7VM76, UniRef:UniRef90_F5S7N4"
contig_23	cds	11987	12379	+	KK01_07300		Sensory rhodopsin	"RefSeq:WP_019388915.1, SO:0001217, UniParc:UPI00031CB1CD, UniRef:UniRef100_UPI00031CB1CD, UniRef:UniRef50_F5S7N3, UniRef:UniRef90_F5S7N3"
contig_23	cds	12372	12647	+	KK01_07305	yqjK	Inner membrane protein YqjK	"RefSeq:WP_003787151.1, SO:0001217, UniParc:UPI00020C64F2, UniRef:UniRef100_F5S7N2, UniRef:UniRef50_F5S7N2, UniRef:UniRef90_F5S7N2"
contig_23	cds	12749	13681	-	KK01_07310	cysK	cysteine synthase A	"COG:COG0031, COG:E, RefSeq:WP_019388914.1, SO:0001217, UniParc:UPI00030B101C, UniRef:UniRef100_UPI00030B101C, UniRef:UniRef50_A0A1C0BAA7, UniRef:UniRef90_F5S7N1"
contig_23	cds	13789	15684	-	KK01_07315	dxs	1-deoxy-D-xylulose-5-phosphate synthase	"COG:COG1154, COG:HI, EC:2.2.1.7, KEGG:K01662, RefSeq:WP_019388913.1, SO:0001217, UniParc:UPI0002DC249A, UniRef:UniRef100_UPI0002DC249A, UniRef:UniRef50_P45205, UniRef:UniRef90_F5S7N0"
contig_23	cds	15817	16017	-	KK01_07320	ruvA	Crossover junction ATP-dependent DNA helicase RuvA	"RefSeq:WP_003787143.1, SO:0001217, UniParc:UPI00020C64EF, UniRef:UniRef100_F5S7M9, UniRef:UniRef50_F5S7M9, UniRef:UniRef90_F5S7M9"
contig_23	cds	15996	16265	-	KK01_07325		Orphan protein	"SO:0001217, UniParc:UPI00020C5FD5, UniRef:UniRef100_F5S7M8, UniRef:UniRef50_F5S7M8, UniRef:UniRef90_F5S7M8"
contig_23	cds	16422	18020	+	KK01_07330	prfC	peptide chain release factor 3	"COG:COG4108, COG:J, GO:0003924, GO:0005525, GO:0005737, GO:0006449, GO:0016149, GO:0097216, RefSeq:WP_019388911.1, SO:0001217, UniParc:UPI0003101280, UniRef:UniRef100_UPI0003101280, UniRef:UniRef50_Q9K0H6, UniRef:UniRef90_Q9K0H6"
contig_23	cds	18040	18576	+	KK01_07335		Pentapeptide repeat-containing protein	"SO:0001217, UniRef:UniRef50_F5S7M6, UniRef:UniRef90_F5S7M6"
contig_23	cds	18573	19706	+	KK01_07340	earP	Elongation factor P Arg32-rhamnosyltransferase EarP	"COG:COG4394, COG:J, RefSeq:WP_019388909.1, SO:0001217, UniParc:UPI0002E230CE, UniRef:UniRef100_UPI0002E230CE, UniRef:UniRef50_A0A7D7RLA0, UniRef:UniRef90_F5S7M5"
contig_23	cds	19756	20409	+	KK01_07345	pcm	Protein-L-isoaspartate O-methyltransferase	"COG:COG2518, COG:O, RefSeq:WP_003787135.1, SO:0001217, UniParc:UPI00020C5FD1, UniRef:UniRef100_F5S7M4, UniRef:UniRef50_F5S7M4, UniRef:UniRef90_F5S7M4"
contig_23	cds	20473	20700	-	KK01_07350	ydcH	DUF465 domain-containing protein	"COG:COG2841, COG:S, RefSeq:WP_003787133.1, SO:0001217, UniParc:UPI00020C5FD0, UniRef:UniRef100_F5S7M3, UniRef:UniRef50_A5WHN5, UniRef:UniRef90_F5S7M3"
contig_23	cds	20807	21427	+	KK01_07355	tmk	dTMP kinase	"COG:COG0125, COG:F, EC:2.7.4.9, KEGG:K00943, RefSeq:WP_019388908.1, SO:0001217, UniParc:UPI000302851E, UniRef:UniRef100_UPI000302851E, UniRef:UniRef50_Q2SWM4, UniRef:UniRef90_F5S7M2"
contig_23	cds	21437	21880	+	KK01_07360		Secreted protein	"RefSeq:WP_003787129.1, SO:0001217, UniParc:UPI00020C5FCE, UniRef:UniRef100_F5S7M1, UniRef:UniRef50_F0EZK7, UniRef:UniRef90_F5S7M1"
contig_23	cds	21950	22309	+	KK01_07365		Roadblock/LC7 domain-containing protein	"RefSeq:WP_003787127.1, SO:0001217, UniParc:UPI00020C5FCD, UniRef:UniRef100_F5S7M0, UniRef:UniRef50_V9H9P7, UniRef:UniRef90_F5S7M0"
contig_23	cds	22445	22987	+	KK01_07370	grpE	nucleotide exchange factor GrpE	"COG:COG0576, COG:O, KEGG:K03687, RefSeq:WP_019388907.1, SO:0001217, UniParc:UPI000373EC0B, UniRef:UniRef100_UPI000373EC0B, UniRef:UniRef50_Q5F6X1, UniRef:UniRef90_F5S7L9"
contig_23	cds	23055	23546	-	KK01_07375	bcp	Peroxiredoxin	"COG:COG1225, COG:O, RefSeq:WP_019388906.1, SO:0001217, UniParc:UPI0002F9C553, UniRef:UniRef100_UPI0002F9C553, UniRef:UniRef50_D4DLY9, UniRef:UniRef90_F5S7L8"
contig_23	cds	23543	23956	-	KK01_07380	fadM	Acyl-CoA thioesterase FadM	"COG:COG0824, COG:I, SO:0001217, UniRef:UniRef50_A0A376BRP2, UniRef:UniRef90_F5S7L7"
contig_23	cds	23953	24315	-	KK01_07385	vacJ	VacJ	"RefSeq:WP_003787119.1, SO:0001217, UniParc:UPI00020C5FC9, UniRef:UniRef100_F5S7L6, UniRef:UniRef50_X2HCY9, UniRef:UniRef90_F5S7L6"
contig_23	cds	24327	25088	-	KK01_07390	mlaA	Lipoprotein subunit MlaA of the ABC-type intermembrane phospholipid transporter Mla	"COG:COG2853, COG:M, KEGG:K04754, RefSeq:WP_019388904.1, SO:0001217, UniParc:UPI0002FE50CE, UniRef:UniRef100_UPI0002FE50CE, UniRef:UniRef50_A0A7D7RL92, UniRef:UniRef90_F5S7L5"
contig_23	cds	25073	25354	-	KK01_07395	mlaB	"Binding protein subunit MlaB of the ABC-type intermembrane phospholipid transporter Mla, contains STAS domain"	"COG:COG3113, COG:M, RefSeq:WP_019388903.1, SO:0001217, UniParc:UPI0002D4DD90, UniRef:UniRef100_UPI0002D4DD90, UniRef:UniRef50_F0EZI8, UniRef:UniRef90_F5S7L4"
contig_23	cds	25354	25974	-	KK01_07400	mlaC	Periplasmic subunit MlaC of the ABC-type intermembrane phospholipid transporter Mla	"COG:COG2854, COG:M, KEGG:K07323, RefSeq:WP_003787111.1, SO:0001217, UniParc:UPI00020C5FC6, UniRef:UniRef100_F5S7L3, UniRef:UniRef50_A0A125WAY6, UniRef:UniRef90_F5S7L3"
contig_23	cds	26018	26521	-	KK01_07405	mlaD	outer membrane lipid asymmetry maintenance protein MlaD	"COG:COG1463, COG:M, SO:0001217, UniRef:UniRef50_A0A4U8VGI0, UniRef:UniRef90_F5S7L2"
contig_23	cds	26540	27316	-	KK01_07410	mlaE	lipid asymmetry maintenance ABC transporter permease subunit MlaE	"COG:COG0767, COG:M, KEGG:K02066, RefSeq:WP_019388901.1, SO:0001217, UniParc:UPI000318DAE5, UniRef:UniRef100_UPI000318DAE5, UniRef:UniRef50_P45030, UniRef:UniRef90_F5S7L1"
contig_23	cds	27491	28276	-	KK01_07415	mlaF	ATPase subunit MlaF of the ABC-type intermembrane phospholipid transporter Mla	"COG:COG1127, COG:M, RefSeq:WP_003789033.1, SO:0001217, UniParc:UPI0002588101, UniRef:UniRef100_UPI0002588101, UniRef:UniRef50_F0EZJ2, UniRef:UniRef90_F5S7L0"
contig_24	cds	112	210	-	KK01_07420		hypothetical protein	
contig_24	cds	336	941	+	KK01_07425		helix-turn-helix domain-containing protein	"RefSeq:WP_019389392.1, SO:0001217, UniParc:UPI0002ECECDE, UniRef:UniRef100_UPI0002ECECDE, UniRef:UniRef50_A0A220S1R6, UniRef:UniRef90_UPI0002ECECDE"
contig_24	cds	1542	1940	+	KK01_07430		hypothetical protein	
contig_24	cds	1813	2421	-	KK01_07435		Sod-Fe-C domain-containing protein	"RefSeq:WP_154699886.1, SO:0001217, UniParc:UPI0007065130, UniRef:UniRef100_UPI0007065130, UniRef:UniRef50_A0A238TAM5, UniRef:UniRef90_UPI0007065130"
contig_24	cds	2583	2867	+	KK01_07440		hypothetical protein	"RefSeq:WP_019389390.1, SO:0001217, UniParc:UPI0003052CA3, UniRef:UniRef100_UPI001EFE2F0F, UniRef:UniRef50_UPI001EFE2F0F, UniRef:UniRef90_UPI001EFE2F0F"
contig_24	cds	2889	3464	+	KK01_07445		TrbM/KikA/MpfK family conjugal transfer protein	"SO:0001217, UniRef:UniRef50_F0EYE6, UniRef:UniRef90_UPI0003F62CB4"
contig_24	cds	3559	4320	+	KK01_07450	traL	conjugal transfer protein TraL	"RefSeq:WP_019389388.1, SO:0001217, UniParc:UPI0002EFDADF, UniRef:UniRef100_UPI0002EFDADF, UniRef:UniRef50_G4CPG9, UniRef:UniRef90_UPI0004221AA1"
contig_24	cds	4395	4742	+	KK01_07455		DUF327 domain-containing protein	"RefSeq:WP_155238830.1, SO:0001217, UniParc:UPI000AD3A412, UniRef:UniRef100_UPI0002D2AFA3, UniRef:UniRef50_U6Q1G9, UniRef:UniRef90_UPI0002D2AFA3"
contig_24	tRNA	6236	6311	-	KK01_07460	trnN	tRNA-Asn(gtt)	SO:0000257
contig_24	cds	6360	6755	-	KK01_07465	vanZ	VanZ family protein	"RefSeq:WP_019389386.1, SO:0001217, UniParc:UPI0002F4D4D3, UniRef:UniRef100_UPI0002F4D4D3, UniRef:UniRef50_F5S552, UniRef:UniRef90_F5S552"
contig_24	cds	6752	6958	-	KK01_07470		Ring dioxygenase beta subunit	"RefSeq:WP_003785517.1, SO:0001217, UniParc:UPI00020C6468, UniRef:UniRef100_F5S553, UniRef:UniRef50_V9HMG4, UniRef:UniRef90_F5S553"
contig_24	cds	7064	7609	+	KK01_07475	mutT	RNA pyrophosphohydrolase	"COG:COG0494, COG:V, RefSeq:WP_019389385.1, SO:0001217, UniParc:UPI00031D608F, UniRef:UniRef100_UPI00031D608F, UniRef:UniRef50_A6T2D2, UniRef:UniRef90_F5S554"
contig_24	cds	7670	7933	-	KK01_07480	rpsT	30S ribosomal protein S20	"RefSeq:WP_003785519.1, SO:0001217, UniParc:UPI00020C646A, UniRef:UniRef100_F5S555, UniRef:UniRef50_F5S555, UniRef:UniRef90_F5S555"
contig_24	cds	8141	8572	+	KK01_07485	pilE	Type IV pilus assembly protein PilE	"COG:COG4968, COG:NW, SO:0001217, UniRef:UniRef50_F5S556, UniRef:UniRef90_F5S556"
contig_24	cds	8637	9713	-	KK01_07490	perM	putative PurR-regulated permease PerM	"COG:COG0628, COG:R, RefSeq:WP_038309393.1, SO:0001217, UniParc:UPI00041FB490, UniRef:UniRef100_UPI00041FB490, UniRef:UniRef50_V9HL45, UniRef:UniRef90_F5S557"
contig_24	cds	9717	10790	-	KK01_07495	dusA	tRNA dihydrouridine(20/20a) synthase DusA	"COG:COG0042, COG:J, EC:1.-.-.-, KEGG:K05539, SO:0001217, UniRef:UniRef50_Q7VNV2, UniRef:UniRef90_F5S558"
contig_24	cds	10813	11016	-	KK01_07500	cspD	"Cold shock protein, CspA family"	"COG:COG1278, COG:K, RefSeq:WP_003785524.1, SO:0001217, UniParc:UPI00020C646E, UniRef:UniRef100_F5S559, UniRef:UniRef50_A0A2G0QAS9, UniRef:UniRef90_A0A142YRG5"
contig_24	cds	11201	11503	+	KK01_07505	clpS	ATP-dependent Clp protease adapter ClpS	"COG:COG2127, COG:O, RefSeq:WP_003789543.1, SO:0001217, UniParc:UPI0002584ACD, UniRef:UniRef100_UPI0002584ACD, UniRef:UniRef50_G4CJ03, UniRef:UniRef90_F5S560"
contig_24	cds	11500	13773	+	KK01_07510	clpA	ATP-dependent Clp protease ATP-binding subunit ClpA	"COG:COG0542, COG:O, KEGG:K03694, SO:0001217, UniRef:UniRef50_P05444, UniRef:UniRef90_F5S561"
contig_24	cds	13900	14805	+	KK01_07515		Sel1 repeat family protein	"RefSeq:WP_003785531.1, SO:0001217, UniParc:UPI00020C6471, UniRef:UniRef100_F5S562, UniRef:UniRef50_F5S562, UniRef:UniRef90_F5S562"
contig_24	cds	14815	18471	+	KK01_07520	recB	exodeoxyribonuclease V subunit beta	"COG:COG1074, COG:L, EC:3.1.11.5, KEGG:K03582, RefSeq:WP_019389382.1, SO:0001217, UniParc:UPI000316FEBF, UniRef:UniRef100_UPI000316FEBF, UniRef:UniRef50_C4GIJ8, UniRef:UniRef90_F5S563"
contig_24	cds	18625	19263	+	KK01_07525		NYN domain-containing protein	"RefSeq:WP_019389381.1, SO:0001217, UniParc:UPI00037A88BA, UniRef:UniRef100_UPI00037A88BA, UniRef:UniRef50_UPI00050A09D0, UniRef:UniRef90_UPI00037A88BA"
contig_24	cds	19278	20237	+	KK01_07530		"Alpha-2,3-sialyltransferase"	"EC:2.4.3.6, KEGG:K00785, RefSeq:WP_060536990.1, SO:0001217, UniParc:UPI00070570AC, UniRef:UniRef100_UPI00070570AC, UniRef:UniRef50_C4GIN2, UniRef:UniRef90_F5S5E7"
contig_24	cds	20234	21214	+	KK01_07535	wcaA	Glycosyltransferase involved in cell wall bisynthesis	"COG:COG0463, COG:M, RefSeq:WP_038313202.1, SO:0001217, UniParc:UPI0005712937, UniRef:UniRef100_UPI0005712937, UniRef:UniRef50_F5S5E8, UniRef:UniRef90_F5S5E8"
contig_24	cds	21392	21940	+	KK01_07540	orn	oligoribonuclease	"COG:A, COG:COG1949, EC:3.1.-.-, KEGG:K13288, RefSeq:WP_003785534.1, SO:0001217, UniParc:UPI00020C6474, UniRef:UniRef100_F5S565, UniRef:UniRef50_A5F3M7, UniRef:UniRef90_F5S565"
contig_24	cds	22084	22956	+	KK01_07545	yicC	"Uncharacterized stationary-phase protein YicC, UPF0701 family"	"COG:COG1561, COG:S, RefSeq:WP_019389378.1, SO:0001217, UniParc:UPI00036512D1, UniRef:UniRef100_UPI00036512D1, UniRef:UniRef50_F5S566, UniRef:UniRef90_F5S566"
contig_24	cds	23395	24471	+	KK01_07550	pheA	prephenate dehydratase	"COG:COG1605, COG:E, RefSeq:WP_019389377.1, SO:0001217, UniParc:UPI0002E37567, UniRef:UniRef100_UPI0002E37567, UniRef:UniRef50_Q9ZHY3, UniRef:UniRef90_F5S568"
contig_24	cds	24536	25117	-	KK01_07555	metW	methionine biosynthesis protein MetW	"COG:COG2226, COG:H, RefSeq:WP_026036247.1, SO:0001217, UniParc:UPI0003190C17, UniRef:UniRef100_UPI0003190C17, UniRef:UniRef50_F5S569, UniRef:UniRef90_F5S569"
contig_24	cds	25114	25446	-	KK01_07560		Type II secretion system protein	"RefSeq:WP_019389375.1, SO:0001217, UniParc:UPI0002E7FF6D, UniRef:UniRef100_UPI0002E7FF6D, UniRef:UniRef50_F5S570, UniRef:UniRef90_F5S570"
contig_24	cds	25443	26573	-	KK01_07565	metX	homoserine O-acetyltransferase	"COG:COG2021, COG:E, RefSeq:WP_154699891.1, SO:0001217, UniParc:UPI000DF9A1A2, UniRef:UniRef100_UPI000DF9A1A2, UniRef:UniRef50_A0LCI7, UniRef:UniRef90_F5S571"
contig_24	cds	26619	26918	-	KK01_07570	yhbY	ribosome assembly RNA-binding protein YhbY	"COG:COG1534, COG:J, KEGG:K07574, RefSeq:WP_026036246.1, SO:0001217, UniParc:UPI0004753E06, UniRef:UniRef100_UPI0004753E06, UniRef:UniRef50_E4ZE59, UniRef:UniRef90_F5S572"
contig_24	cds	27100	28254	+	KK01_07575	nrdB	ribonucleotide-diphosphate reductase subunit beta	"COG:COG0208, COG:F, SO:0001217, UniRef:UniRef50_P69925, UniRef:UniRef90_F5S573"
contig_25	cds	118	333	+	KK01_07580		hypothetical protein	"RefSeq:WP_019389305.1, SO:0001217, UniParc:UPI00030C4B56, UniRef:UniRef100_UPI00030C4B56, UniRef:UniRef50_UPI0004287B9A, UniRef:UniRef90_UPI0004287B9A"
contig_25	tRNA	514	598	-	KK01_07585	trnL	tRNA-Leu(tag)	SO:0000264
contig_25	cds	754	1137	+	KK01_07590		tannase/feruloyl esterase family alpha/beta hydrolase	"RefSeq:WP_019389304.1, SO:0001217, UniParc:UPI00030A5B03, UniRef:UniRef100_UPI00030A5B03, UniRef:UniRef50_UPI0003FED814, UniRef:UniRef90_UPI0003FED814"
contig_25	cds	1222	1623	+	KK01_07595	yjfL	"Uncharacterized membrane protein YjfL, UPF0719 family"	"COG:COG3766, COG:S, KEGG:K08989, RefSeq:WP_003790662.1, SO:0001217, UniParc:UPI0002585098, UniRef:UniRef100_UPI0002585098, UniRef:UniRef50_C0DW79, UniRef:UniRef90_F5S6L8"
contig_25	cds	1765	2781	+	KK01_07600	ydjI	"Membrane protease subunit, stomatin/prohibitin family, contains C-terminal Zn-ribbon domain"	"COG:COG4260, COG:O, RefSeq:WP_019389303.1, SO:0001217, UniParc:UPI0002E3843F, UniRef:UniRef100_UPI0002E3843F, UniRef:UniRef50_A0A176XKV5, UniRef:UniRef90_F5S6L9"
contig_25	cds	2914	4182	+	KK01_07605	ftsW	putative lipid II flippase FtsW	"COG:COG0772, COG:D, KEGG:K03588, RefSeq:WP_019389302.1, SO:0001217, UniParc:UPI000306FB08, UniRef:UniRef100_UPI000306FB08, UniRef:UniRef50_A0A3P2A8D3, UniRef:UniRef90_F5S6M0"
contig_25	cds	4163	5248	+	KK01_07610	murG	undecaprenyldiphospho-muramoylpentapeptide beta-N-acetylglucosaminyltransferase	"COG:COG0707, COG:M, RefSeq:WP_019389301.1, SO:0001217, UniParc:UPI0003018DA7, UniRef:UniRef100_UPI0003018DA7, UniRef:UniRef50_Q3J789, UniRef:UniRef90_F5S6M1"
contig_25	cds	5312	6802	+	KK01_07615	ppx	exopolyphosphatase	"COG:COG0248, COG:FT, EC:3.6.1.11, EC:3.6.1.40, KEGG:K01524, SO:0001217, UniRef:UniRef50_D4DN14, UniRef:UniRef90_F5S6M2"
contig_25	cds	6858	8747	-	KK01_07620	kch	Voltage-gated potassium channel Kch	"COG:COG1226, COG:P, RefSeq:WP_026036234.1, SO:0001217, UniParc:UPI000410485F, UniRef:UniRef100_UPI000410485F, UniRef:UniRef50_V7IFE6, UniRef:UniRef90_F5S6M3"
contig_25	cds	8930	9061	-	KK01_07625		DUF3149 domain-containing protein	"SO:0001217, UniRef:UniRef50_A0A5Q3RWM5"
contig_25	cds	9272	10000	+	KK01_07630	pdxJ	pyridoxine 5'-phosphate synthase	"COG:COG0854, COG:H, EC:2.6.99.2, KEGG:K03474, RefSeq:WP_019389297.1, SO:0001217, UniParc:UPI0002F8D369, UniRef:UniRef100_UPI0002F8D369, UniRef:UniRef50_Q1QDV0, UniRef:UniRef90_F5S6M5"
contig_25	cds	9997	10374	+	KK01_07635	acpS	Phosphopantetheinyl transferase (holo-ACP synthase)	"COG:COG0736, COG:I, RefSeq:WP_019389296.1, SO:0001217, UniParc:UPI00031A0FCB, UniRef:UniRef100_UPI00031A0FCB, UniRef:UniRef50_Q9RQW2, UniRef:UniRef90_F5S6M6"
contig_25	cds	10459	10764	-	KK01_07640	ihfB	integration host factor subunit beta	"COG:COG0776, COG:L, RefSeq:WP_019389295.1, SO:0001217, UniParc:UPI0002E1112B, UniRef:UniRef100_UPI0002E1112B, UniRef:UniRef50_A0A011RDF7, UniRef:UniRef90_F5S6M7"
contig_25	cds	10781	12526	-	KK01_07645	rpsA	30S ribosomal protein S1	"COG:COG0539, COG:J, RefSeq:WP_072141382.1, SO:0001217, UniParc:UPI00041BE5F8, UniRef:UniRef100_UPI00041BE5F8, UniRef:UniRef50_P0AG69, UniRef:UniRef90_F5S6M8"
contig_25	cds	12577	13251	-	KK01_07650	cmk	(d)CMP kinase	"COG:COG0283, COG:F, RefSeq:WP_019389294.1, SO:0001217, UniParc:UPI0003003F9E, UniRef:UniRef100_UPI0003003F9E, UniRef:UniRef50_P57065, UniRef:UniRef90_F5S6M9"
contig_25	cds	13262	13711	-	KK01_07655	yqeY	"Uncharacterized conserved protein YqeY, may have tRNA amino acid amidase activity"	"COG:COG1610, COG:R, RefSeq:WP_019389293.1, SO:0001217, UniParc:UPI0003630923, UniRef:UniRef100_UPI0003630923, UniRef:UniRef50_D3HLH2, UniRef:UniRef90_F5S6N0"
contig_25	cds	14266	14829	-	KK01_07660		Pyridoxamine 5'-phosphate oxidase	"SO:0001217, UniRef:UniRef50_F5S6N2, UniRef:UniRef90_F5S6N2"
contig_25	cds	14904	15527	-	KK01_07665	recR	recombination mediator RecR	"COG:COG0353, COG:L, KEGG:K06187, RefSeq:WP_019389290.1, SO:0001217, UniParc:UPI0003160483, UniRef:UniRef100_UPI0003160483, UniRef:UniRef50_Q9JZ92, UniRef:UniRef90_F5S6N3"
contig_25	cds	15685	16251	-	KK01_07670	dcd	dCTP deaminase	"COG:COG0717, COG:F, EC:3.5.4.13, GO:0000166, GO:0006226, GO:0006229, GO:0008829, RefSeq:WP_019389289.1, SO:0001217, UniParc:UPI00030B65EB, UniRef:UniRef100_UPI00030B65EB, UniRef:UniRef50_Q7VJQ0, UniRef:UniRef90_Q5F9H3"
contig_25	cds	16261	16653	-	KK01_07675		MORN repeat protein	"COG:COG4642, COG:S, RefSeq:WP_026036233.1, SO:0001217, UniParc:UPI0004752419, UniRef:UniRef100_UPI0002EB38A5, UniRef:UniRef50_V9H5T7, UniRef:UniRef90_F5S6N6"
contig_25	cds	16740	17636	-	KK01_07680	rdgC	DNA recombination-dependent growth factor RdgC	"COG:COG2974, COG:L, RefSeq:WP_019389287.1, SO:0001217, UniParc:UPI0002E7C499, UniRef:UniRef100_UPI0002E7C499, UniRef:UniRef50_O87408, UniRef:UniRef90_F5S6N7"
contig_25	cds	17722	18504	+	KK01_07685	mutT	"8-oxo-dGTP pyrophosphatase MutT and related house-cleaning NTP pyrophosphohydrolases, NUDIX family"	"COG:COG0494, COG:V, RefSeq:WP_019389286.1, SO:0001217, UniParc:UPI00030A7563, UniRef:UniRef100_UPI00030A7563, UniRef:UniRef50_Q9RQW3, UniRef:UniRef90_F5S6N8"
contig_25	cds	18644	19441	+	KK01_07690	speE	polyamine aminopropyltransferase	"COG:COG0421, COG:E, RefSeq:WP_003786450.1, SO:0001217, UniParc:UPI00020C5A74, UniRef:UniRef100_F5S6N9, UniRef:UniRef50_P60593, UniRef:UniRef90_F5S6N9"
contig_25	cds	19438	21159	+	KK01_07695	recD	exodeoxyribonuclease V subunit alpha	"COG:COG0507, COG:L, EC:3.1.11.5, KEGG:K03581, RefSeq:WP_019389285.1, SO:0001217, UniParc:UPI00030786B2, UniRef:UniRef100_UPI00030786B2, UniRef:UniRef50_F5S6P0, UniRef:UniRef90_F5S6P0"
contig_25	cds	21395	22432	+	KK01_07700	purM	Phosphoribosylaminoimidazole (AIR) synthetase	"COG:COG0150, COG:F, RefSeq:WP_019389284.1, SO:0001217, UniParc:UPI00037B49E7, UniRef:UniRef100_UPI00037B49E7, UniRef:UniRef50_Q9JZ80, UniRef:UniRef90_F5S6P1"
contig_25	cds	22710	26552	+	KK01_07705	glcD	FAD/FMN-containing lactate dehydrogenase/glycolate oxidase	"COG:C, COG:COG0277, SO:0001217, UniRef:UniRef50_D8N830, UniRef:UniRef90_V9HDZ5"
contig_25	cds	26612	27256	-	KK01_07710	rloB	RloB family protein	"RefSeq:WP_060537041.1, SO:0001217, UniParc:UPI00070629A0, UniRef:UniRef100_UPI00070629A0, UniRef:UniRef50_A0A378TZ73, UniRef:UniRef90_UPI00040831D4"
contig_25	cds	27259	27531	-	KK01_07715		hypothetical protein	
contig_26	cds	304	1203	-	KK01_07720	asd	archaetidylserine decarboxylase	"COG:COG0688, COG:I, EC:4.1.1.65, KEGG:K01613, RefSeq:WP_003785687.1, SO:0001217, UniParc:UPI00020C5A1B, UniRef:UniRef100_F5S5F5, UniRef:UniRef50_Q8Z194, UniRef:UniRef90_F5S5F5"
contig_26	cds	1206	1760	-	KK01_07725	tPR	TPR repeat	"COG:COG0790, COG:R, RefSeq:WP_019390466.1, SO:0001217, UniParc:UPI000311A1AE, UniRef:UniRef100_UPI000311A1AE, UniRef:UniRef50_A0A238HF50, UniRef:UniRef90_F5S5F6"
contig_26	cds	1757	2020	-	KK01_07730		hypothetical protein	
contig_26	cds	2022	3101	+	KK01_07735	trmA	tRNA (uridine(54)-C5)-methyltransferase TrmA	"COG:COG2265, COG:J, EC:2.1.1.35, KEGG:K00557, RefSeq:WP_003785689.1, SO:0001217, UniParc:UPI00020C5A1D, UniRef:UniRef100_F5S5F7, UniRef:UniRef50_Q9JYA0, UniRef:UniRef90_F5S5F7"
contig_26	cds	3107	3736	+	KK01_07740	smrA	"DNA-nicking endonuclease, Smr domain"	"COG:COG2840, COG:L, RefSeq:WP_019390465.1, SO:0001217, UniParc:UPI0002D7EB7B, UniRef:UniRef100_UPI0002D7EB7B, UniRef:UniRef50_A0A448VHE9, UniRef:UniRef90_F5S5F8"
contig_26	cds	3736	4494	+	KK01_07745		Ribosomal RNA small subunit methyltransferase J	"EC:2.1.1.242, KEGG:K15984, RefSeq:WP_019390464.1, SO:0001217, UniParc:UPI0002FA7458, UniRef:UniRef100_UPI0002FA7458, UniRef:UniRef50_Q9JYF4, UniRef:UniRef90_F5S5F9"
contig_26	cds	4528	5160	+	KK01_07750	sTE14	Protein-S-isoprenylcysteine O-methyltransferase Ste14	"COG:COG2020, COG:O, RefSeq:WP_003789692.1, SO:0001217, UniParc:UPI0002584590, UniRef:UniRef100_UPI0002584590, UniRef:UniRef50_F5S5G0, UniRef:UniRef90_F5S5G0"
contig_26	cds	5263	6270	+	KK01_07755	fdx	Ferredoxin	"COG:C, COG:COG0633, EC:1.17.1.1, KEGG:K00523, RefSeq:WP_019390463.1, SO:0001217, UniParc:UPI0002FF6D7F, UniRef:UniRef100_UPI0002FF6D7F, UniRef:UniRef50_V9H6B0, UniRef:UniRef90_F5S5G1"
contig_26	cds	6282	7472	+	KK01_07760	coaBC	bifunctional phosphopantothenoylcysteine decarboxylase/phosphopantothenate--cysteine ligase CoaBC	"COG:COG0452, COG:H, RefSeq:WP_042923989.1, SO:0001217, UniParc:UPI00042A3FA0, UniRef:UniRef100_UPI00042A3FA0, UniRef:UniRef50_E4ZBY6, UniRef:UniRef90_F5S5G2"
contig_26	cds	7535	7954	+	KK01_07765		DUF2147 domain-containing protein	"RefSeq:WP_026036385.1, SO:0001217, UniParc:UPI0002F66F6E, UniRef:UniRef100_UPI0002F66F6E, UniRef:UniRef50_A0A238TDM6, UniRef:UniRef90_F5S5G3"
contig_26	cds	8086	10203	+	KK01_07770	asmA	Uncharacterized conserved protein AsmA involved in outer membrane biogenesis	"COG:COG2982, COG:M, SO:0001217, UniRef:UniRef50_F5S5G4, UniRef:UniRef90_F5S5G4"
contig_26	cds	10206	10820	+	KK01_07775	ribE	riboflavin synthase subunit alpha	"COG:COG0307, COG:H, EC:2.5.1.9, KEGG:K00793, RefSeq:WP_019390459.1, SO:0001217, UniParc:UPI0002D87059, UniRef:UniRef100_UPI0002D87059, UniRef:UniRef50_A0A514ETH3, UniRef:UniRef90_F5S5G5"
contig_26	cds	10884	11420	-	KK01_07780	pncA	Nicotinamidase-related amidase	"COG:COG1335, COG:HR, RefSeq:WP_019390458.1, SO:0001217, UniParc:UPI000301C90B, UniRef:UniRef100_UPI000301C90B, UniRef:UniRef50_F0EXU3, UniRef:UniRef90_F5S5G6"
contig_26	cds	11492	12682	-	KK01_07785	ftsZ	cell division protein FtsZ	"COG:COG0206, COG:D, KEGG:K03531, RefSeq:WP_019390457.1, SO:0001217, UniParc:UPI0002E04E54, UniRef:UniRef100_UPI0002E04E54, UniRef:UniRef50_P72079, UniRef:UniRef90_F5S5G7"
contig_26	cds	12897	14240	-	KK01_07790	ftsA	cell division protein FtsA	"COG:COG0849, COG:D, RefSeq:WP_019390456.1, SO:0001217, UniParc:UPI0002F1D18C, UniRef:UniRef100_UPI0002F1D18C, UniRef:UniRef50_Q9K0X8, UniRef:UniRef90_F5S5G8"
contig_26	cds	14254	15012	-	KK01_07795	ftsQ	Cell division septal protein FtsQ	"COG:COG1589, COG:D, RefSeq:WP_026036384.1, SO:0001217, UniParc:UPI000310D19E, UniRef:UniRef100_UPI000310D19E, UniRef:UniRef50_F5S5G9, UniRef:UniRef90_F5S5G9"
contig_26	cds	15025	15948	-	KK01_07800	ddlA	D-alanine-D-alanine ligase or related ATP-grasp enzyme	"COG:COG1181, COG:MR, RefSeq:WP_019390454.1, SO:0001217, UniParc:UPI00030AFB31, UniRef:UniRef100_UPI00030AFB31, UniRef:UniRef50_Q7WFS4, UniRef:UniRef90_F5S5H0"
contig_26	cds	16029	17435	-	KK01_07805	murC	UDP-N-acetylmuramate--L-alanine ligase	"COG:COG0773, COG:M, EC:6.3.2.8, KEGG:K01924, RefSeq:WP_019390453.1, SO:0001217, UniParc:UPI0002FAA1DB, UniRef:UniRef100_UPI0002FAA1DB, UniRef:UniRef50_P45066, UniRef:UniRef90_F5S5H1"
contig_26	cds	17499	17963	-	KK01_07810	nudB	dihydroneopterin triphosphate diphosphatase	"COG:COG0494, COG:V, RefSeq:WP_003789708.1, SO:0001217, UniParc:UPI0002584599, UniRef:UniRef100_UPI0002584599, UniRef:UniRef50_D4DNY0, UniRef:UniRef90_F5S5H2"
contig_26	cds	17963	19357	-	KK01_07815	mscK	Small-conductance mechanosensitive channel MscK	"COG:COG3264, COG:M, RefSeq:WP_003789712.1, SO:0001217, UniParc:UPI000258459A, UniRef:UniRef100_UPI000258459A, UniRef:UniRef50_D4DNY1, UniRef:UniRef90_F5S5H3"
contig_26	cds	19990	21702	+	KK01_07820	proS	proline--tRNA ligase	"COG:COG0442, COG:J, EC:6.1.1.15, KEGG:K01881, RefSeq:WP_019390451.1, SO:0001217, UniParc:UPI0002F8DB57, UniRef:UniRef100_UPI0002F8DB57, UniRef:UniRef50_Q88NK2, UniRef:UniRef90_F5S5H4"
contig_26	cds	21765	22292	-	KK01_07825		Replication protein A	"SO:0001217, UniRef:UniRef50_A0A0P9LXN3"
contig_26	cds	22375	22836	-	KK01_07830		site-specific DNA-methyltransferase (adenine-specific)	"SO:0001217, UniRef:UniRef50_F5SA69"
contig_26	cds	22833	23429	-	KK01_07835		DUF4376 domain-containing protein	"RefSeq:WP_154700223.1, SO:0001217, UniParc:UPI000DFA9571, UniRef:UniRef100_UPI000DFA9571, UniRef:UniRef50_A0A238HJ91, UniRef:UniRef90_A0A238HJ91"
contig_26	cds	23442	24143	-	KK01_07840		hypothetical protein	"SO:0001217, UniRef:UniRef50_UPI000518AB4D, UniRef:UniRef90_UPI000518AB4D"
contig_27	tRNA	1	77	+	KK01_07845	trnQ	tRNA-Gln(ttg)	SO:0000261
contig_27	cds	214	1242	+	KK01_07850	prsA	Phosphoribosylpyrophosphate synthetase	"COG:COG0462, COG:F, EC:2.7.6.1, KEGG:K00948, SO:0001217, UniRef:UniRef50_Q8ZEY2, UniRef:UniRef90_A0A286EGS5"
contig_27	cds	1365	1931	+	KK01_07855	rplY	50S ribosomal protein L25/general stress protein Ctc	"COG:COG1825, COG:J, KEGG:K02897, RefSeq:WP_003790809.1, SO:0001217, UniParc:UPI0002585FEB, UniRef:UniRef100_UPI0002585FEB, UniRef:UniRef50_Q5F9F4, UniRef:UniRef90_F5S6E0"
contig_27	cds	2212	2394	+	KK01_07860		SPOR domain-containing protein	"RefSeq:WP_003786250.1, SO:0001217, UniParc:UPI00020C6D95, UniRef:UniRef100_F5S6D9, UniRef:UniRef50_F5S6D9, UniRef:UniRef90_F5S6D9"
contig_27	cds	2603	3370	-	KK01_07865	tauE	"Sulfite exporter TauE/SafE/YfcA and related permeases, UPF0721 family"	"COG:COG0730, COG:P, SO:0001217, UniRef:UniRef50_A0A376BLR3, UniRef:UniRef90_F5S6D8"
contig_27	cds	3485	3742	-	KK01_07870		hypothetical protein	
contig_27	cds	3724	4278	-	KK01_07875		hypothetical protein	PFAM:PF00497.23
contig_27	cds	4290	4580	-	KK01_07880		"Glutamate/aspartate ABC superfamily ATP binding cassette transporter, binding protein"	"SO:0001217, UniRef:UniRef50_F5S493, UniRef:UniRef90_F5S493"
contig_27	cds	4673	5938	-	KK01_07885	rsmB	"16S rRNA C967 or C1407 C5-methylase, RsmB/RsmF family"	"COG:COG0144, COG:J, EC:2.1.1.176, KEGG:K03500, RefSeq:WP_038313286.1, SO:0001217, UniParc:UPI0004262BDB, UniRef:UniRef100_UPI0004262BDB, UniRef:UniRef50_A0A378YKX5, UniRef:UniRef90_F5S492"
contig_27	cds	6099	6752	+	KK01_07890	gph	"Phosphoglycolate phosphatase, HAD superfamily"	"COG:C, COG:COG0546, EC:3.1.3.105, KEGG:K22292, SO:0001217, UniRef:UniRef50_A0A381ET26, UniRef:UniRef90_F5S491"
contig_27	cds	6758	8065	+	KK01_07895		Integral membrane protein	"RefSeq:WP_019390380.1, SO:0001217, UniParc:UPI0002F7B5D0, UniRef:UniRef100_UPI0002F7B5D0, UniRef:UniRef50_F5S490, UniRef:UniRef90_F5S490"
contig_27	cds	8265	8879	+	KK01_07900	fmdE	FmdE domain-containing protein	"RefSeq:WP_154699905.1, SO:0001217, UniParc:UPI000E017ACD, UniRef:UniRef100_UPI000E017ACD, UniRef:UniRef50_F0EX19, UniRef:UniRef90_F5S489"
contig_27	cds	8894	9496	+	KK01_07905	ppnN	"Nucleotide monophosphate nucleosidase PpnN/YdgH, Lonely Guy (LOG) family"	"COG:COG1611, COG:F, RefSeq:WP_032133950.1, SO:0001217, UniParc:UPI0003F56121, UniRef:UniRef100_UPI0003F56121, UniRef:UniRef50_F5S488, UniRef:UniRef90_F5S488"
contig_27	cds	9524	9934	+	KK01_07910	hslR	"Ribosomal 50S subunit-recycling heat shock protein, contains S4 domain"	"COG:COG1188, COG:J, RefSeq:WP_038303929.1, SO:0001217, UniParc:UPI000410C6D2, UniRef:UniRef100_F5S487, UniRef:UniRef50_Q7DDG5, UniRef:UniRef90_F5S487"
contig_27	cds	9998	10858	-	KK01_07915	hisJ	"ABC-type amino acid transport/signal transduction system, periplasmic component/domain"	"COG:COG0834, COG:ET, RefSeq:WP_019390381.1, SO:0001217, UniParc:UPI0003061671, UniRef:UniRef100_UPI0003061671, UniRef:UniRef50_V9HMS4, UniRef:UniRef90_F5S486"
contig_27	cds	11040	11921	+	KK01_07920	rhaT	Permease of the drug/metabolite transporter (DMT) superfamily	"COG:COG0697, COG:GER, RefSeq:WP_019390382.1, SO:0001217, UniParc:UPI0002F84C4C, UniRef:UniRef100_UPI0002F84C4C, UniRef:UniRef50_E1W6K5, UniRef:UniRef90_F5S485"
contig_27	cds	11966	12988	+	KK01_07925	lepB	signal peptidase I	"COG:COG0681, COG:U, EC:3.4.21.89, KEGG:K03100, RefSeq:WP_019390383.1, SO:0001217, UniParc:UPI00030AB7E7, UniRef:UniRef100_UPI00030AB7E7, UniRef:UniRef50_C1D7L3, UniRef:UniRef90_F5S484"
contig_27	cds	13042	13290	-	KK01_07930		Glutaredoxin 2	"RefSeq:WP_019390384.1, SO:0001217, UniParc:UPI00031C8804, UniRef:UniRef100_UPI00031C8804, UniRef:UniRef50_V9HLR7, UniRef:UniRef90_F5S483"
contig_27	cds	13370	13882	-	KK01_07935	ppiB	Peptidyl-prolyl cis-trans isomerase (rotamase) - cyclophilin family	"COG:COG0652, COG:O, RefSeq:WP_003784999.1, SO:0001217, UniParc:UPI00020C5972, UniRef:UniRef100_F5S482, UniRef:UniRef50_A0A1T2L7U4, UniRef:UniRef90_F5S482"
contig_27	cds	13908	14471	-	KK01_07940	ppiB	Peptidyl-prolyl cis-trans isomerase (rotamase) - cyclophilin family	"COG:COG0652, COG:O, SO:0001217, UniRef:UniRef50_F5S481, UniRef:UniRef90_F5S481"
contig_27	cds	14536	15252	-	KK01_07945	trmB	tRNA (guanosine(46)-N7)-methyltransferase TrmB	"COG:COG0220, COG:J, RefSeq:WP_019390385.1, SO:0001217, UniParc:UPI00030D8E48, UniRef:UniRef100_UPI00030D8E48, UniRef:UniRef50_Q1H4T5, UniRef:UniRef90_F5S480"
contig_27	cds	15296	16141	-	KK01_07950	yafJ	putative glutamine amidotransferase YafJ	"COG:COG0121, COG:R, RefSeq:WP_003784995.1, SO:0001217, UniParc:UPI00020C596F, UniRef:UniRef100_F5S479, UniRef:UniRef50_A0A2A9KDW1, UniRef:UniRef90_F5S479"
contig_27	cds	16359	16919	+	KK01_07955	apt	adenine phosphoribosyltransferase	"COG:COG0503, COG:F, EC:2.4.2.7, KEGG:K00759, RefSeq:WP_003784993.1, SO:0001217, UniParc:UPI00020C596E, UniRef:UniRef100_F5S478, UniRef:UniRef50_Q6N1B4, UniRef:UniRef90_F5S478"
contig_27	cds	17059	17877	+	KK01_07960	aroE	shikimate dehydrogenase	"COG:COG0169, COG:E, RefSeq:WP_019390387.1, SO:0001217, UniParc:UPI00031C0005, UniRef:UniRef100_A0A1W1WV51, UniRef:UniRef50_P95361, UniRef:UniRef90_F5S477"
contig_27	cds	17874	18563	+	KK01_07965	mtgA	monofunctional biosynthetic peptidoglycan transglycosylase	"COG:COG0744, COG:M, SO:0001217, UniRef:UniRef50_P0A0Z4, UniRef:UniRef90_F5S476"
contig_27	cds	18629	20254	+	KK01_07970	ushA	bifunctional UDP-sugar hydrolase/5'-nucleotidase UshA	"COG:COG0737, COG:FV, RefSeq:WP_026036376.1, SO:0001217, UniParc:UPI0004751B8E, UniRef:UniRef100_UPI0004751B8E, UniRef:UniRef50_F5S475, UniRef:UniRef90_F5S475"
contig_27	cds	20268	20978	+	KK01_07975	sco1	"Cytochrome oxidase Cu insertion factor, SCO1/SenC/PrrC family"	"COG:COG1999, COG:O, RefSeq:WP_154699898.1, SO:0001217, UniParc:UPI000DF87582, UniRef:UniRef100_UPI000DF87582, UniRef:UniRef50_A0A0C1EEL3, UniRef:UniRef90_F5S474"
contig_27	cds	21048	21287	+	KK01_07980		ATP phosphoribosyltransferase	"SO:0001217, UniParc:UPI00020C5969, UniRef:UniRef100_F5S473, UniRef:UniRef50_F3FBL2, UniRef:UniRef90_F5S473"
contig_27	cds	21497	21706	+	KK01_07985		ATP phosphoribosyltransferase	"SO:0001217, UniRef:UniRef50_A0A1V6EC52, UniRef:UniRef90_F5S471"
contig_27	cds	21743	22498	+	KK01_07990		DEAD/DEAH box helicase	"RefSeq:WP_019390391.1, SO:0001217, UniParc:UPI0003006360, UniRef:UniRef100_UPI0003006360, UniRef:UniRef50_F5S470, UniRef:UniRef90_F5S470"
contig_27	cds	22581	22796	+	KK01_07995		hypothetical protein	"RefSeq:WP_019390392.1, SO:0001217, UniParc:UPI0002E3F3BC, UniRef:UniRef100_UPI0002E3F3BC, UniRef:UniRef50_UPI0002E3F3BC, UniRef:UniRef90_UPI0002E3F3BC"
contig_28	cds	288	1118	+	KK01_08000	hisJ	"ABC-type amino acid transport/signal transduction system, periplasmic component/domain"	"COG:COG0834, COG:ET, RefSeq:WP_019389608.1, SO:0001217, UniParc:UPI00031A6C99, UniRef:UniRef100_UPI00031A6C99, UniRef:UniRef50_A0A238HHS2, UniRef:UniRef90_F5S8A6"
contig_28	cds	1192	2274	-	KK01_08005	nagZ	beta-N-acetylhexosaminidase	"COG:COG1472, COG:G, RefSeq:WP_019389609.1, SO:0001217, UniParc:UPI0002F58DED, UniRef:UniRef100_UPI0002F58DED, UniRef:UniRef50_Q5FA94, UniRef:UniRef90_F5S8A7"
contig_28	cds	2350	2988	-	KK01_08010	leuD	3-isopropylmalate dehydratase small subunit	"COG:COG0066, COG:E, RefSeq:WP_019389610.1, SO:0001217, UniParc:UPI0002D279F5, UniRef:UniRef100_UPI0002D279F5, UniRef:UniRef50_Q7WKH5, UniRef:UniRef90_F5S8A8"
contig_28	cds	3076	3288	-	KK01_08015		Peptidyl-dipeptidase	"SO:0001217, UniRef:UniRef50_F5S8A9, UniRef:UniRef90_F5S8A9"
contig_28	cds	3714	3854	-	KK01_08020		Putative small secreted protein	"SO:0001217, UniRef:UniRef50_A0A840RR87"
contig_28	cds	3992	5398	-	KK01_08025	leuC	3-isopropylmalate dehydratase large subunit	"COG:COG0065, COG:E, EC:4.2.1.33, GO:0003861, GO:0009098, GO:0046872, GO:0051539, RefSeq:WP_019389612.1, SO:0001217, UniParc:UPI0002EA480A, UniRef:UniRef100_UPI0002EA480A, UniRef:UniRef50_Q0VPI0, UniRef:UniRef90_Q9JZI5"
contig_28	cds	5588	6637	+	KK01_08030	dinB	DNA polymerase IV	"COG:COG0389, COG:L, RefSeq:WP_032827394.1, SO:0001217, UniParc:UPI00051869AF, UniRef:UniRef100_UPI00051869AF, UniRef:UniRef50_Q9JYS8, UniRef:UniRef90_F5S8B2"
contig_28	cds	6843	8693	-	KK01_08035	msbA	lipid A export permease/ATP-binding protein MsbA	"COG:COG1132, COG:V, RefSeq:WP_019389614.1, SO:0001217, UniParc:UPI0002F222E9, UniRef:UniRef100_UPI0002F222E9, UniRef:UniRef50_Q9JXR3, UniRef:UniRef90_F5S8B3"
contig_28	cds	9066	11345	-	KK01_08040	comEC	DNA internalization-related competence protein ComEC/Rec2	"COG:COG2333, COG:U, RefSeq:WP_019389615.1, SO:0001217, UniParc:UPI0002D480D9, UniRef:UniRef100_UPI0002D480D9, UniRef:UniRef50_V9HLY9, UniRef:UniRef90_F5S8B5"
contig_28	cds	11457	12281	-	KK01_08045	ppsR	"Regulator of PEP synthase PpsR, kinase-PPPase family (combines ADP:protein kinase and phosphorylase activities)"	"COG:COG1806, COG:T, RefSeq:WP_003787625.1, SO:0001217, UniParc:UPI00020C78A7, UniRef:UniRef100_F5S8B6, UniRef:UniRef50_Q9K0I1, UniRef:UniRef90_F5S8B6"
contig_28	cds	12368	12580	-	KK01_08050	ybdD	DUF466 domain-containing protein	"COG:COG2879, COG:S, SO:0001217, UniRef:UniRef50_V9HDT3, UniRef:UniRef90_F5S8B7"
contig_28	cds	12570	14651	-	KK01_08055	cstA	Carbon starvation protein CstA (peptide/pyruvate transporter)	"COG:CE, COG:COG1966, KEGG:K06200, RefSeq:WP_019389617.1, SO:0001217, UniParc:UPI000304517D, UniRef:UniRef100_UPI000304517D, UniRef:UniRef50_P15078, UniRef:UniRef90_F0EWB4"
contig_28	cds	14806	15720	-	KK01_08060	yejR	"Zinc metallochaperone YeiR/ZagA and related GTPases, G3E family"	"COG:COG0523, COG:R, RefSeq:WP_038304087.1, SO:0001217, UniParc:UPI0003FEC592, UniRef:UniRef100_UPI0003FEC592, UniRef:UniRef50_V9HL10, UniRef:UniRef90_F5S8C0"
contig_28	cds	15756	16427	-	KK01_08065	queH	Epoxyqueuosine reductase QueH (tRNA modification)	"COG:COG1636, COG:J, RefSeq:WP_196228354.1, SO:0001217, UniParc:UPI0018AD30C9, UniRef:UniRef100_UPI0018AD30C9, UniRef:UniRef50_Q0I1Q0, UniRef:UniRef90_V9HDJ0"
contig_28	cds	16503	16700	-	KK01_08070		"Uncharacterized protein, contains Zn-finger domain"	"COG:COG4391, COG:S, RefSeq:WP_038307189.1, SO:0001217, UniParc:UPI0004257A0F, UniRef:UniRef100_UPI0004257A0F, UniRef:UniRef50_F5S8C2, UniRef:UniRef90_F5S8C2"
contig_28	cds	16994	17206	+	KK01_08075	rpsU	30S ribosomal protein S21	"COG:COG0828, COG:J, GO:0003735, GO:0005840, GO:0006412, GO:1990904, RefSeq:WP_003787633.1, SO:0001217, UniParc:UPI00020C5AAD, UniRef:UniRef100_F5S8C4, UniRef:UniRef50_Q5F506, UniRef:UniRef90_Q5F506"
contig_28	cds	17384	18169	+	KK01_08080	fabI	enoyl-ACP reductase FabI	"COG:COG0623, COG:I, RefSeq:WP_003787635.1, SO:0001217, UniParc:UPI00020C5AAF, UniRef:UniRef100_F5S8C6, UniRef:UniRef50_P44432, UniRef:UniRef90_F5S8C6"
contig_28	cds	18247	19056	-	KK01_08085	zupT	zinc transporter ZupT	"COG:COG0428, COG:P, RefSeq:WP_154700288.1, SO:0001217, UniParc:UPI000DFA038B, UniRef:UniRef100_UPI000DFA038B, UniRef:UniRef50_Q9K1H6, UniRef:UniRef90_F5S8C7"
contig_28	cds	19215	19988	+	KK01_08090	rsmA	16S rRNA (adenine(1518)-N(6)/adenine(1519)-N(6))-dimethyltransferase RsmA	"COG:COG0030, COG:J, RefSeq:WP_038309433.1, SO:0001217, UniParc:UPI0004262CF8, UniRef:UniRef100_UPI0004262CF8, UniRef:UniRef50_Q5ZRF4, UniRef:UniRef90_V9HC46"
contig_28	cds	20024	20779	+	KK01_08095	ehuA	"ABC-type polar amino acid transport system, ATPase component"	"COG:COG1126, COG:E, SO:0001217, UniRef:UniRef50_A0A4R8S834, UniRef:UniRef90_F5S8A4"
contig_28	cds	21064	22290	-	KK01_08100	sTE14	Protein-S-isoprenylcysteine O-methyltransferase Ste14	"COG:COG2020, COG:O, RefSeq:WP_051263874.1, SO:0001217, UniParc:UPI0004007818, UniRef:UniRef100_UPI0004007818, UniRef:UniRef50_F5S8A5, UniRef:UniRef90_F5S8A5"
contig_29	cds	579	953	-	KK01_08105		Phage baseplate assembly protein W	"COG:COG3628, COG:X, RefSeq:WP_019388992.1, SO:0001217, UniParc:UPI00031AFD9E, UniRef:UniRef100_UPI00031AFD9E, UniRef:UniRef50_V7IE66, UniRef:UniRef90_F5SA63"
contig_29	cds	1062	1640	-	KK01_08110		phage baseplate assembly protein V	"SO:0001217, UniRef:UniRef50_UPI0018AD4BC2, UniRef:UniRef90_UPI0018AD4BC2"
contig_29	cds	1699	3435	-	KK01_08115		(pseudo) phage tail tape measure protein	"SO:0001217, UniRef:UniRef50_UPI00117A2469, UniRef:UniRef90_UPI00117A2469"
contig_29	cds	3484	3672	+	KK01_08120		hypothetical protein	"RefSeq:WP_164538113.1, SO:0001217, UniParc:UPI0013DEBB73, UniRef:UniRef100_UPI0013DEBB73, UniRef:UniRef50_UPI00050A08B5, UniRef:UniRef90_UPI00050A08B5"
contig_29	cds	3841	4128	-	KK01_08125		Phage tail assembly protein	"SO:0001217, UniRef:UniRef50_F5S6D2, UniRef:UniRef90_F5S6D2"
contig_29	cds	4263	4778	-	KK01_08130		phage major tail tube protein	"RefSeq:WP_003792210.1, SO:0001217, UniParc:UPI00025855B8, UniRef:UniRef100_UPI00025855B8, UniRef:UniRef50_F5S6D3, UniRef:UniRef90_A0A238HJ46"
contig_29	cds	4864	6258	-	KK01_08135		phage tail sheath subtilisin-like domain-containing protein	"KEGG:K06907, RefSeq:WP_019388998.1, SO:0001217, UniParc:UPI0002F47476, UniRef:UniRef100_UPI0002F47476, UniRef:UniRef50_Q65WG1, UniRef:UniRef90_UPI0002F47476"
contig_29	cds	6269	6769	-	KK01_08140		Gp37 family protein	"RefSeq:WP_019388999.1, SO:0001217, UniParc:UPI0002EBF951, UniRef:UniRef100_UPI0002EBF951, UniRef:UniRef50_A0A5Q3S0V2, UniRef:UniRef90_UPI000415F312"
contig_29	cds	6793	7050	-	KK01_08145		hypothetical protein	"RefSeq:WP_019389000.1, SO:0001217, UniParc:UPI0002FFA956, UniRef:UniRef100_UPI0002FFA956, UniRef:UniRef50_UPI00040DC77B, UniRef:UniRef90_UPI0004127C9F"
contig_29	cds	7047	7253	-	KK01_08150		hypothetical protein	
contig_29	cds	7202	8119	-	KK01_08155		DDE-type integrase/transposase/recombinase	"SO:0001217, UniRef:UniRef50_A0A660MXT9, UniRef:UniRef90_UPI0018AD526F"
contig_29	cds	8178	8537	-	KK01_08160		HTH gntR-type domain-containing protein	"RefSeq:WP_003785053.1, SO:0001217, UniParc:UPI00020C5991, UniRef:UniRef100_F5S4B3, UniRef:UniRef50_F5S4B3, UniRef:UniRef90_F5S4B3"
contig_29	cds	8544	9416	-	KK01_08165		Phage protein	"SO:0001217, UniRef:UniRef50_F5S4B2, UniRef:UniRef90_F5S4B2"
contig_29	cds	9453	9743	-	KK01_08170		DNA-binding protein	"RefSeq:WP_060537085.1, SO:0001217, UniParc:UPI000706840D, UniRef:UniRef100_UPI000706840D, UniRef:UniRef50_E4ZB11, UniRef:UniRef90_A0A238TDQ2"
contig_29	cds	9754	9930	-	KK01_08175		DNA-binding protein	"RefSeq:WP_154700216.1, SO:0001217, UniParc:UPI0007058EAD, UniRef:UniRef100_UPI0007058EAD, UniRef:UniRef50_A0A238TDG9, UniRef:UniRef90_A0A238TDG9"
contig_29	cds	10044	10427	+	KK01_08180		XRE family transcriptional regulator	"RefSeq:WP_003785045.1, SO:0001217, UniParc:UPI00020C598D, UniRef:UniRef100_F5S4A9, UniRef:UniRef50_F5S4A9, UniRef:UniRef90_F5S4A9"
contig_29	cds	10555	10824	+	KK01_08185		Exported protein	"RefSeq:WP_095063178.1, SO:0001217, UniParc:UPI0007057D50, UniRef:UniRef100_A0A238TCV7, UniRef:UniRef50_A0A238TCV7, UniRef:UniRef90_A0A238TCV7"
contig_29	cds	10835	11467	+	KK01_08190		Peptidase-M17-N domain-containing protein	"RefSeq:WP_032133937.1, SO:0001217, UniParc:UPI00050A10E9, UniRef:UniRef100_A0A238TFY3, UniRef:UniRef50_A0A238TFY3, UniRef:UniRef90_A0A238TFY3"
contig_29	cds	11554	12066	+	KK01_08195		Peptidase C51 domain-containing protein	"RefSeq:WP_032133938.1, SO:0001217, UniParc:UPI00050A33FD, UniRef:UniRef100_UPI00050A33FD, UniRef:UniRef50_Q5F6B1, UniRef:UniRef90_A0A238TCX6"
contig_29	cds	12119	12376	+	KK01_08200		Phage protein	"RefSeq:WP_032133939.1, SO:0001217, UniParc:UPI00050A071B, UniRef:UniRef100_UPI00050A071B, UniRef:UniRef50_F5S4A4, UniRef:UniRef90_UPI00050A071B"
contig_29	cds	12360	12761	+	KK01_08205		DUF2570 domain-containing protein	"RefSeq:WP_032133965.1, SO:0001217, UniParc:UPI00050A1B0D, UniRef:UniRef100_UPI00050A1B0D, UniRef:UniRef50_A0A376BUT7, UniRef:UniRef90_UPI000411C58E"
contig_29	cds	12869	13144	+	KK01_08210	dksA	DksA C4-type domain-containing protein	"SO:0001217, UniRef:UniRef50_E4ZB03"
contig_29	cds	13137	13460	+	KK01_08215		Phage membrane protein	"RefSeq:WP_038309301.1, SO:0001217, UniParc:UPI0003FF1E68, UniRef:UniRef100_UPI0003FF1E68, UniRef:UniRef50_G4CJJ1, UniRef:UniRef90_F5S4A0"
contig_29	cds	13457	14308	+	KK01_08220		hypothetical protein	
contig_29	cds	14305	15810	+	KK01_08225		Mu-like prophage FluMu protein gp28	"COG:COG4373, COG:X, RefSeq:WP_038303397.1, SO:0001217, UniParc:UPI00042A7194, UniRef:UniRef100_UPI00042A7194, UniRef:UniRef50_A0A1B4FN82, UniRef:UniRef90_F5S497"
contig_29	cds	15841	17331	+	KK01_08230	gp29	Mu-like prophage protein gp29	"COG:COG4383, COG:X, SO:0001217, UniRef:UniRef50_A0A220S391, UniRef:UniRef90_F5S496"
contig_29	cds	17328	18239	+	KK01_08235		"Uncharacterized protein, contains phage Mu head morphogenesis gpF-like domain"	"COG:COG2369, COG:X, RefSeq:WP_019389010.1, SO:0001217, UniParc:UPI0002F21237, UniRef:UniRef100_UPI0002F21237, UniRef:UniRef50_V7IA73, UniRef:UniRef90_F5S495"
contig_29	cds	18241	18684	+	KK01_08240	gpG	phage virion morphogenesis protein	"COG:COG5005, COG:X, RefSeq:WP_019389011.1, SO:0001217, UniParc:UPI0002D8953C, UniRef:UniRef100_UPI0002D8953C, UniRef:UniRef50_L1P279, UniRef:UniRef90_F5S6D6"
contig_29	cds	18804	18992	-	KK01_08245		SPOR domain-containing protein	"RefSeq:WP_060537081.1, SO:0001217, UniParc:UPI0007056AA5, UniRef:UniRef100_UPI0007056AA5, UniRef:UniRef50_F5S6D9, UniRef:UniRef90_UPI0007056AA5"
contig_29	cds	19262	21388	-	KK01_08250	pnp	polyribonucleotide nucleotidyltransferase	"COG:COG1185, COG:J, EC:2.7.7.8, GO:0000175, GO:0000287, GO:0003723, GO:0004654, GO:0005829, GO:0006396, GO:0006401, GO:0006402, RefSeq:WP_019389012.1, SO:0001217, UniParc:UPI0002FF9FF6, UniRef:UniRef100_UPI0002FF9FF6, UniRef:UniRef50_Q9PGQ9, UniRef:UniRef90_Q9K062"
contig_30	cds	248	1879	+	KK01_08255	arnT	"PMT family glycosyltransferase ArnT/Agl22, involved in glycosylation of proteins and lipid IVA"	"COG:COG1807, COG:M, RefSeq:WP_019390230.1, SO:0001217, UniParc:UPI000307676D, UniRef:UniRef100_UPI000307676D, UniRef:UniRef50_C4GH88, UniRef:UniRef90_F5S960"
contig_30	cds	2023	3849	+	KK01_08260	dsbD	Thiol:disulfide interchange protein DsbD	"COG:COG4232, COG:O, EC:1.8.4.16, KEGG:K04084, RefSeq:WP_019390231.1, SO:0001217, UniParc:UPI00031C596C, UniRef:UniRef100_UPI00031C596C, UniRef:UniRef50_Q9JYM0, UniRef:UniRef90_F5S959"
contig_30	cds	4021	5283	-	KK01_08265	murA	UDP-N-acetylglucosamine 1-carboxyvinyltransferase	"COG:COG0766, COG:M, EC:2.5.1.7, KEGG:K00790, RefSeq:WP_038302625.1, SO:0001217, UniParc:UPI00040FA3A3, UniRef:UniRef100_UPI00040FA3A3, UniRef:UniRef50_Q4L7Y1, UniRef:UniRef90_F5S958"
contig_30	cds	5489	7543	+	KK01_08270	spy	"putative O-linked N-acetylglucosamine transferase, SPINDLY family"	"COG:COG3914, COG:O, SO:0001217, UniRef:UniRef50_B3H2N2, UniRef:UniRef90_F5S957"
contig_30	cds	7763	8461	+	KK01_08275	ispD	2-C-methyl-D-erythritol 4-phosphate cytidylyltransferase	"COG:COG1211, COG:I, RefSeq:WP_003791900.1, SO:0001217, UniParc:UPI0002586920, UniRef:UniRef100_UPI0002586920, UniRef:UniRef50_F5S956, UniRef:UniRef90_F5S956"
contig_30	cds	8509	9741	+	KK01_08280	dgt	deoxyguanosinetriphosphate triphosphohydrolase	"COG:COG0232, COG:F, EC:3.1.5.1, KEGG:K01129, SO:0001217, UniRef:UniRef50_G4CJ59, UniRef:UniRef90_F5S955"
contig_30	tRNA	9864	9940	+	KK01_08285	trnR	tRNA-Arg(acg)	SO:0001036
contig_30	tRNA	9958	10032	+	KK01_08290	trnE	tRNA-Glu(ttc)	SO:0000259
contig_30	cds	10096	10719	-	KK01_08295	elyC	DUF218 domain-containing protein	"COG:COG1434, COG:M, RefSeq:WP_003788506.1, SO:0001217, UniParc:UPI00020C78B0, UniRef:UniRef100_F5S953, UniRef:UniRef50_G4CLX0, UniRef:UniRef90_F5S953"
contig_30	cds	10721	11068	-	KK01_08300	arsC	arsenate reductase (glutaredoxin)	"COG:COG1393, COG:P, SO:0001217, UniRef:UniRef50_F5S952, UniRef:UniRef90_F5S952"
contig_30	cds	11227	12612	+	KK01_08305	zipA	Cell division protein ZipA	"RefSeq:WP_019390237.1, SO:0001217, UniParc:UPI0002DF130F, UniRef:UniRef100_UPI0002DF130F, UniRef:UniRef50_G4CKW0, UniRef:UniRef90_F5S951"
contig_30	cds	13017	14531	+	KK01_08310	yocR	"Na+-dependent transporter, SNF family"	"COG:COG0733, COG:R, RefSeq:WP_019390238.1, SO:0001217, UniParc:UPI0002F9418D, UniRef:UniRef100_UPI0002F9418D, UniRef:UniRef50_P44849, UniRef:UniRef90_F5S949"
contig_30	cds	14524	14631	+	KK01_08315		Methionine/alanine import family NSS transporter small subunit	"SO:0001217, UniRef:UniRef50_V7IFW2"
contig_30	cds	14723	15448	+	KK01_08320		J domain-containing protein	"RefSeq:WP_019390240.1, SO:0001217, UniParc:UPI00030F312A, UniRef:UniRef100_UPI00030F312A, UniRef:UniRef50_F5S948, UniRef:UniRef90_F5S948"
contig_30	cds	15502	15657	-	KK01_08325	rpmG	50S ribosomal protein L33	"COG:COG0267, COG:J, GO:0003735, GO:0005737, GO:0005840, GO:0006412, GO:1990904, RefSeq:WP_002642891.1, SO:0001217, UniParc:UPI0001D09DE7, UniRef:UniRef100_F5S947, UniRef:UniRef50_Q82UL7, UniRef:UniRef90_Q5F683"
contig_30	cds	15675	15911	-	KK01_08330	rpmB	50S ribosomal protein L28	"COG:COG0227, COG:J, RefSeq:WP_003788491.1, SO:0001217, UniParc:UPI00020C78AA, UniRef:UniRef100_F5S946, UniRef:UniRef50_B6J5S6, UniRef:UniRef90_A0A0B5CFV1"
contig_30	cds	16129	16821	-	KK01_08335		"Uncharacterized conserved protein MJ1445, calcineurin-like phosphoesterase superfamily"	"COG:COG4186, COG:R, SO:0001217, UniRef:UniRef50_C8NAE5, UniRef:UniRef90_F5S945"
contig_30	cds	17285	17728	+	KK01_08340	mod	Adenine specific DNA methylase Mod	"COG:COG2189, COG:L, SO:0001217, UniRef:UniRef50_A0A125WD81, UniRef:UniRef90_F0EXM6"
contig_30	cds	18061	19419	+	KK01_08345		site-specific DNA-methyltransferase	"SO:0001217, UniRef:UniRef50_C6EQX4, UniRef:UniRef90_UPI00068362B9"
contig_30	cds	19409	21076	+	KK01_08350		DEAD/DEAH box helicase family protein	"EC:3.1.21.5, KEGG:K01156, SO:0001217, UniRef:UniRef50_A0A662QMP9, UniRef:UniRef90_UPI00138AFFD0"
contig_31	tRNA	445	534	-	KK01_08355	trnL	tRNA-Leu(taa)	SO:0000264
contig_31	tRNA	563	636	-	KK01_08360	trnC	tRNA-Cys(gca)	SO:0000258
contig_31	tRNA	682	757	-	KK01_08365	trnG	tRNA-Gly(gcc)	SO:0000260
contig_31	tRNA	778	853	-	KK01_08370	trnG	tRNA-Gly(gcc)	SO:0000260
contig_31	tRNA	878	953	-	KK01_08375	trnG	tRNA-Gly(gcc)	SO:0000260
contig_31	cds	1033	1593	-	KK01_08380	pgsA	CDP-diacylglycerol--glycerol-3-phosphate 3-phosphatidyltransferase	"COG:COG0558, COG:I, RefSeq:WP_026036373.1, SO:0001217, UniParc:UPI0004746F20, UniRef:UniRef100_F5S6G1, UniRef:UniRef50_W0V4S8, UniRef:UniRef90_F5S6G1"
contig_31	cds	1678	3780	-	KK01_08385	lysM	LysM peptidoglycan-binding domain-containing protein	"SO:0001217, UniRef:UniRef50_F0EYL2, UniRef:UniRef90_UPI00041A10DF"
contig_31	cds	4000	6501	-	KK01_08390	fimV	T2SS-T3SS-pil-N domain-containing protein	"SO:0001217, UniRef:UniRef50_F5S6F7, UniRef:UniRef90_F5S6F7"
contig_31	cds	6838	7482	+	KK01_08395	adk	adenylate kinase	"RefSeq:WP_019390365.1, SO:0001217, UniParc:UPI0003190DA3, UniRef:UniRef100_UPI0003190DA3, UniRef:UniRef50_P0A0U7, UniRef:UniRef90_A0A238HG22"
contig_31	cds	7565	8137	+	KK01_08400		CNP1 family protein	"RefSeq:WP_019390366.1, SO:0001217, UniParc:UPI0003728272, UniRef:UniRef100_UPI0003728272, UniRef:UniRef50_F5S6F4, UniRef:UniRef90_F5S6F4"
contig_31	cds	8646	9413	+	KK01_08405	glpC	"Fe-S cluster-containing oxidoreductase, includes glycolate oxidase subunit GlcF"	"COG:C, COG:COG0247, RefSeq:WP_003786276.1, SO:0001217, UniParc:UPI00020C6DA2, UniRef:UniRef100_F5S6F2, UniRef:UniRef50_V9HJX0, UniRef:UniRef90_V7IEC3"
contig_31	cds	9410	10108	+	KK01_08410	lutC	"L-lactate utilization protein LutC, contains LUD domain"	"COG:C, COG:COG1556, RefSeq:WP_003790791.1, SO:0001217, UniParc:UPI0002585A4E, UniRef:UniRef100_UPI0002585A4E, UniRef:UniRef50_F5S6F1, UniRef:UniRef90_F5S6F1"
contig_31	cds	10105	11556	+	KK01_08415	lutB	LutB/LldF family L-lactate oxidation iron-sulfur protein	"COG:C, COG:COG1139, KEGG:K18929, SO:0001217, UniRef:UniRef50_A0A1W6K721, UniRef:UniRef90_UPI000409694B"
contig_31	cds	11696	13339	+	KK01_08420	lldP	L-lactate permease	"COG:C, COG:COG1620, KEGG:K03303, RefSeq:WP_019390368.1, SO:0001217, UniParc:UPI0002F634EB, UniRef:UniRef100_UPI0002F634EB, UniRef:UniRef50_P33231, UniRef:UniRef90_F5S6E9"
contig_31	cds	13463	14260	-	KK01_08425	hisJ	"ABC-type amino acid transport/signal transduction system, periplasmic component/domain"	"COG:COG0834, COG:ET, RefSeq:WP_003786266.1, SO:0001217, UniParc:UPI00020C6D9E, UniRef:UniRef100_F5S6E8, UniRef:UniRef50_A0A238HFP2, UniRef:UniRef90_F5S6E8"
contig_31	cds	14440	15735	+	KK01_08430	aroA	3-phosphoshikimate 1-carboxyvinyltransferase	"COG:COG0128, COG:E, RefSeq:WP_019390369.1, SO:0001217, UniParc:UPI00030EDA3B, UniRef:UniRef100_UPI00030EDA3B, UniRef:UniRef50_Q9JYU1, UniRef:UniRef90_F5S6E7"
contig_31	cds	15874	16908	+	KK01_08435		"ABC-type uncharacterized transport system, periplasmic component"	"COG:COG2984, COG:R, KEGG:K01989, RefSeq:WP_019390370.1, SO:0001217, UniParc:UPI000319A53D, UniRef:UniRef100_UPI000319A53D, UniRef:UniRef50_B9Z1J1, UniRef:UniRef90_F5S6E6"
contig_31	cds	17009	19132	+	KK01_08440		TPR-REGION domain-containing protein	"SO:0001217, UniRef:UniRef50_F5S6E5, UniRef:UniRef90_F5S6E5"
contig_31	cds	19344	19943	+	KK01_08445	lolB	"Outer membrane lipoprotein LolB, involved in outer membrane biogenesis"	"COG:COG3017, COG:M, KEGG:K02494, SO:0001217, UniRef:UniRef50_A0A376BN22, UniRef:UniRef90_F5S6E3"
contig_31	cds	19955	20809	+	KK01_08450	ispE	4-(cytidine 5'-diphospho)-2-C-methyl-D-erythritol kinase	"COG:COG1947, COG:I, EC:2.7.1.148, KEGG:K00919, RefSeq:WP_038307498.1, SO:0001217, UniParc:UPI000416E5F4, UniRef:UniRef100_UPI000416E5F4, UniRef:UniRef50_Q9JZW4, UniRef:UniRef90_F5S6E2"
contig_31	tRNA	20894	20970	+	KK01_08455	trnQ	tRNA-Gln(ttg)	SO:0000261
contig_31	tRNA	20984	21060	+	KK01_08460	trnQ	tRNA-Gln(ttg)	SO:0000261
contig_32	cds	21	572	+	KK01_08465		Transposase	"RefSeq:WP_166503134.1, SO:0001217, UniParc:UPI0014126826, UniRef:UniRef100_UPI0014126826, UniRef:UniRef50_C8N9L3, UniRef:UniRef90_F5SA60"
contig_32	cds	763	1665	-	KK01_08470	rarD	EamA family transporter RarD	"COG:COG2962, COG:R, KEGG:K05786, RefSeq:WP_003788469.1, SO:0001217, UniParc:UPI00020C7519, UniRef:UniRef100_F5S934, UniRef:UniRef50_F5S934, UniRef:UniRef90_F5S934"
contig_32	cds	1821	2621	+	KK01_08475	suhB	"Archaeal fructose-1,6-bisphosphatase or related enzyme, inositol monophosphatase family"	"COG:COG0483, COG:G, EC:3.1.3.25, KEGG:K01092, RefSeq:WP_003791853.1, SO:0001217, UniParc:UPI000258658C, UniRef:UniRef100_UPI000258658C, UniRef:UniRef50_Q9JZ07, UniRef:UniRef90_F5S932"
contig_32	cds	2712	3419	+	KK01_08480		putative secreted (periplasmic) protein	"COG:COG3471, COG:S, KEGG:K09807, RefSeq:WP_019390228.1, SO:0001217, UniParc:UPI000312EBAA, UniRef:UniRef100_UPI000312EBAA, UniRef:UniRef50_F5S931, UniRef:UniRef90_F5S931"
contig_32	cds	3457	4410	+	KK01_08485	rfaE1	"ADP-heptose synthase, bifunctional sugar kinase/adenylyltransferase"	"COG:COG2870, COG:M, RefSeq:WP_003788461.1, SO:0001217, UniParc:UPI00020C7515, UniRef:UniRef100_F5S930, UniRef:UniRef50_F2BCY9, UniRef:UniRef90_F5S930"
contig_32	cds	4430	4771	+	KK01_08490	mmcQ	MmcQ family protein	"RefSeq:WP_003788459.1, SO:0001217, UniParc:UPI00020C7514, UniRef:UniRef100_F5S929, UniRef:UniRef50_F5S929, UniRef:UniRef90_F5S929"
contig_32	cds	4800	5801	+	KK01_08495	rfaD	ADP-glyceromanno-heptose 6-epimerase	"COG:COG0451, COG:M, EC:5.1.3.20, KEGG:K03274, RefSeq:WP_003788457.1, SO:0001217, UniParc:UPI00020C7513, UniRef:UniRef100_F5S928, UniRef:UniRef50_Q9JQX8, UniRef:UniRef90_F5S928"
contig_32	cds	6000	7523	+	KK01_08500	ttdA	"Tartrate dehydratase alpha subunit/Fumarate hydratase class I, N-terminal domain"	"COG:C, COG:COG1951, RefSeq:WP_019390227.1, SO:0001217, UniParc:UPI0002DF4AB3, UniRef:UniRef100_UPI0002DF4AB3, UniRef:UniRef50_A0A5S9PYI6, UniRef:UniRef90_F5S926"
contig_32	cds	7609	8247	+	KK01_08505	gloB	"Glyoxylase or a related metal-dependent hydrolase, beta-lactamase superfamily II"	"COG:COG0491, COG:R, EC:3.1.2.6, KEGG:K01069, RefSeq:WP_003788451.1, SO:0001217, UniParc:UPI00020C7510, UniRef:UniRef100_F5S925, UniRef:UniRef50_S3MQY6, UniRef:UniRef90_F5S925"
contig_32	cds	8392	8604	+	KK01_08510		Surface antigen	"RefSeq:WP_003791841.1, SO:0001217, UniParc:UPI0002586586, UniRef:UniRef100_F5S924, UniRef:UniRef50_F5S924, UniRef:UniRef90_F5S924"
contig_32	cds	8781	10451	-	KK01_08515	yidC	membrane protein insertase YidC	"COG:COG0706, COG:M, KEGG:K03217, RefSeq:WP_154700036.1, SO:0001217, UniParc:UPI000DFB324A, UniRef:UniRef100_UPI000DFB324A, UniRef:UniRef50_Q9JXS4, UniRef:UniRef90_F5S923"
contig_32	cds	10473	10682	-	KK01_08520	yidD	membrane protein insertion efficiency factor YidD	"COG:COG0759, COG:M, KEGG:K08998, RefSeq:WP_019390225.1, SO:0001217, UniParc:UPI0002FA40C5, UniRef:UniRef100_UPI0002FA40C5, UniRef:UniRef50_A0LE50, UniRef:UniRef90_F5S922"
contig_32	cds	10750	11091	-	KK01_08525	rnpA	ribonuclease P protein component	"COG:COG0594, COG:J, EC:3.1.26.5, KEGG:K03536, RefSeq:WP_003788442.1, SO:0001217, UniParc:UPI00020C750C, UniRef:UniRef100_F5S921, UniRef:UniRef50_Q9JXS6, UniRef:UniRef90_F5S921"
contig_32	cds	11095	11229	-	KK01_08530	rpmH	50S ribosomal protein L34	"GO:0003735, GO:0005840, GO:0006412, GO:1990904, RefSeq:WP_002214728.1, SO:0001217, UniParc:UPI0000133FC0, UniRef:UniRef100_Q5F4W2, UniRef:UniRef50_Q5F4W2, UniRef:UniRef90_Q5F4W2"
contig_32	cds	11379	12227	-	KK01_08535	hflC	"Regulator of protease activity HflC, stomatin/prohibitin superfamily"	"COG:COG0330, COG:O, RefSeq:WP_003788439.1, SO:0001217, UniParc:UPI00020C750B, UniRef:UniRef100_F5S919, UniRef:UniRef50_A5EXN6, UniRef:UniRef90_F5S919"
contig_32	cds	12260	14014	+	KK01_08540	dnaA	chromosomal replication initiator protein DnaA	"COG:COG0593, COG:L, KEGG:K02313, SO:0001217, UniRef:UniRef50_Q9JXS7, UniRef:UniRef90_F5S918"
contig_32	cds	14034	15137	+	KK01_08545	dnaN	DNA polymerase III subunit beta	"COG:COG0592, COG:L, EC:2.7.7.7, KEGG:K02338, RefSeq:WP_019390223.1, SO:0001217, UniParc:UPI0003194E9C, UniRef:UniRef100_UPI0003194E9C, UniRef:UniRef50_D4DLU6, UniRef:UniRef90_F5S917"
contig_32	cds	15223	15549	-	KK01_08550	fkpA	FKBP-type peptidyl-prolyl cis-trans isomerase	"COG:COG0545, COG:O, RefSeq:WP_003791828.1, SO:0001217, UniParc:UPI000258657F, UniRef:UniRef100_UPI000258657F, UniRef:UniRef50_F5S916, UniRef:UniRef90_F5S916"
contig_32	cds	15665	16606	+	KK01_08555	ldhA	Lactate dehydrogenase or related 2-hydroxyacid dehydrogenase	"COG:CHR, COG:COG1052, SO:0001217, UniRef:UniRef50_A0A3S4HQK0, UniRef:UniRef90_F5S915"
contig_32	cds	16689	16937	-	KK01_08560		Transcriptional regulator	"SO:0001217, UniRef:UniRef50_F5S914, UniRef:UniRef90_F5S914"
contig_32	cds	16919	17101	-	KK01_08565		XRE family transcriptional regulator	"RefSeq:WP_003788428.1, SO:0001217, UniParc:UPI00020C7505, UniRef:UniRef100_F5S913, UniRef:UniRef50_F5S913, UniRef:UniRef90_F5S913"
contig_32	cds	17249	17464	+	KK01_08570		Lipoprotein	"SO:0001217, UniRef:UniRef50_F5S912, UniRef:UniRef90_F5S912"
contig_32	cds	17712	18527	-	KK01_08575	apaH	symmetrical bis(5'-nucleosyl)-tetraphosphatase	"RefSeq:WP_042949090.1, SO:0001217, UniParc:UPI000412424A, UniRef:UniRef100_UPI000412424A, UniRef:UniRef50_Q5FA03, UniRef:UniRef90_F5S911"
contig_32	cds	18712	20502	+	KK01_08580	pepP	Xaa-Pro aminopeptidase	"COG:COG0006, COG:E, EC:3.4.11.9, KEGG:K01262, SO:0001217, UniRef:UniRef50_A0A2X1GRY2, UniRef:UniRef90_F5S910"
contig_33	cds	100	216	+	KK01_08585		hypothetical protein	
contig_33	cds	276	449	+	KK01_08590		XRE family transcriptional regulator	"SO:0001217, UniRef:UniRef50_C4GI49, UniRef:UniRef90_F5S8Y0"
contig_33	tRNA	513	598	-	KK01_08595	trnL	tRNA-Leu(caa)	SO:0000264
contig_33	cds	862	1299	+	KK01_08600	rimP	ribosome maturation factor RimP	"COG:COG0779, COG:J, RefSeq:WP_038302588.1, SO:0001217, UniParc:UPI000412A89A, UniRef:UniRef100_UPI000412A89A, UniRef:UniRef50_A0A1G5SDB2, UniRef:UniRef90_UPI000412A89A"
contig_33	cds	1389	2888	+	KK01_08605	nusA	"Transcription antitermination factor NusA, contains S1 and KH domains"	"COG:COG0195, COG:K, RefSeq:WP_060536898.1, SO:0001217, UniParc:UPI0007062407, UniRef:UniRef100_UPI0007062407, UniRef:UniRef50_A0A378UFK2, UniRef:UniRef90_F5S8Y2"
contig_33	cds	2901	5732	+	KK01_08610	infB	translation initiation factor IF-2	"COG:COG0532, COG:J, RefSeq:WP_019390117.1, SO:0001217, UniParc:UPI0003058977, UniRef:UniRef100_UPI0003058977, UniRef:UniRef50_Q9JYD2, UniRef:UniRef90_F5S8Y3"
contig_33	cds	5943	7565	+	KK01_08615	opgE	"Phosphoethanolamine transferase for periplasmic glucans OpgE, AlkP superfamily"	"COG:COG2194, COG:M, EC:2.7.8.43, KEGG:K03760, RefSeq:WP_026036350.1, SO:0001217, UniParc:UPI0002DC7EA9, UniRef:UniRef100_UPI0002DC7EA9, UniRef:UniRef50_E7RZ89, UniRef:UniRef90_F5S8Y4"
contig_33	cds	7580	8023	+	KK01_08620		VIT family protein	"SO:0001217, UniRef:UniRef50_F5S8Y5, UniRef:UniRef90_F5S8Y5"
contig_33	cds	8413	8520	+	KK01_08625		hypothetical protein	
contig_33	cds	8590	9069	-	KK01_08630		Metalloprotease	"SO:0001217, UniRef:UniRef50_A0A1U7CQS1"
contig_33	cds	9014	9220	-	KK01_08635		neutral zinc metallopeptidase	"SO:0001217, UniRef:UniRef50_UPI000407BA61"
contig_33	cds	9409	10206	-	KK01_08640	hisJ	"ABC-type amino acid transport/signal transduction system, periplasmic component/domain"	"COG:COG0834, COG:ET, SO:0001217, UniRef:UniRef50_A0A238T892, UniRef:UniRef90_A0A238T892"
contig_33	cds	10236	10901	-	KK01_08645	yceI	YceI domain-containing protein	"RefSeq:WP_019390122.1, SO:0001217, UniParc:UPI0002F2A099, UniRef:UniRef100_UPI0002F2A099, UniRef:UniRef50_F5S8Z0, UniRef:UniRef90_F5S8Z0"
contig_33	tRNA	11078	11153	-	KK01_08650	trnF	tRNA-Phe(gaa)	SO:0000267
contig_33	cds	11270	11635	-	KK01_08655		"putative regulator of Ras-like GTPase activity, Roadblock/LC7/MglB family"	"COG:COG2018, COG:T, KEGG:K07131, RefSeq:WP_003788385.1, SO:0001217, UniParc:UPI00020C71C5, UniRef:UniRef100_F5S8Z1, UniRef:UniRef50_F5S8Z1, UniRef:UniRef90_F5S8Z1"
contig_33	cds	11654	12313	-	KK01_08660		M23/M37 peptidase domain protein	"RefSeq:WP_003788387.1, SO:0001217, UniParc:UPI00020C71C6, UniRef:UniRef100_F5S8Z2, UniRef:UniRef50_C6SIM9, UniRef:UniRef90_F5S8Z2"
contig_33	cds	12315	12854	-	KK01_08665	srp102	"Signal recognition particle receptor subunit beta, a GTPase"	"COG:COG2229, COG:U, SO:0001217, UniParc:UPI00020C71C7, UniRef:UniRef100_F5S8Z3, UniRef:UniRef50_G4CSW0, UniRef:UniRef90_V9HJV6"
contig_33	cds	12870	14009	-	KK01_08670		Glycogen/starch/alpha-glucan phosphorylase	"RefSeq:WP_019390123.1, SO:0001217, UniParc:UPI00036E88B3, UniRef:UniRef100_UPI00036E88B3, UniRef:UniRef50_V9HL05, UniRef:UniRef90_F5S8Z4"
contig_33	cds	14015	15457	-	KK01_08675		TPR-REGION domain-containing protein	"RefSeq:WP_019390124.1, SO:0001217, UniParc:UPI000362A435, UniRef:UniRef100_UPI000362A435, UniRef:UniRef50_A0A376BMB2, UniRef:UniRef90_F5S8Z5"
contig_33	cds	15673	16002	+	KK01_08680		Phenylacetate-CoA ligase	"RefSeq:WP_003791787.1, SO:0001217, UniParc:UPI000258603F, UniRef:UniRef100_UPI000258603F, UniRef:UniRef50_F5S8Z6, UniRef:UniRef90_F5S8Z6"
contig_33	cds	16003	16461	-	KK01_08685		DUF6314 domain-containing protein	"SO:0001217, UniRef:UniRef50_F5S8Z7, UniRef:UniRef90_F5S8Z7"
contig_33	cds	16501	17067	-	KK01_08690	bioY	Biotin transporter BioY	"COG:COG1268, COG:H, KEGG:K03523, RefSeq:WP_019390126.1, SO:0001217, UniParc:UPI0002DC0EBB, UniRef:UniRef100_UPI0002DC0EBB, UniRef:UniRef50_F5S8Z8, UniRef:UniRef90_F5S8Z8"
contig_33	cds	17152	17679	-	KK01_08695	yncB	"Endonuclease YncB, thermonuclease family"	"COG:COG1525, COG:L, RefSeq:WP_230311270.1, SO:0001217, UniParc:UPI000705E508, UniRef:UniRef100_UPI000705E508, UniRef:UniRef50_A0A238HGT3, UniRef:UniRef90_F5S8Z9"
contig_33	cds	17763	18221	-	KK01_08700	yciA	Acyl-CoA hydrolase	"COG:COG1607, COG:I, RefSeq:WP_019390128.1, SO:0001217, UniParc:UPI00030E8730, UniRef:UniRef100_UPI00030E8730, UniRef:UniRef50_A0A3D8IUW6, UniRef:UniRef90_F5S900"
contig_33	cds	18224	18538	-	KK01_08705		Signal peptide protein	"RefSeq:WP_230470871.1, SO:0001217, UniParc:UPI0002E3A698, UniRef:UniRef100_UPI000401AE0E, UniRef:UniRef50_F5S901, UniRef:UniRef90_F5S901"
contig_33	cds	18543	18746	-	KK01_08710		hypothetical protein	"RefSeq:WP_019390130.1, SO:0001217, UniParc:UPI0003117877, UniRef:UniRef100_UPI0003117877, UniRef:UniRef50_UPI0003117877, UniRef:UniRef90_UPI0003117877"
contig_33	cds	18797	20221	-	KK01_08715	cysS	cysteine--tRNA ligase	"COG:COG0215, COG:J, RefSeq:WP_019390131.1, SO:0001217, UniParc:UPI0002ECAF69, UniRef:UniRef100_UPI0002ECAF69, UniRef:UniRef50_Q7MLR5, UniRef:UniRef90_F5S902"
contig_34	cds	156	773	-	KK01_08720	yIH1	"Putative translation regulator, IMPACT (imprinted ancient) protein family"	"COG:COG1739, COG:R, RefSeq:WP_019390340.1, SO:0001217, UniParc:UPI0002ECDC74, UniRef:UniRef100_UPI0002ECDC74, UniRef:UniRef50_A0A125WG89, UniRef:UniRef90_F5S9Q9"
contig_34	cds	813	1169	-	KK01_08725		Low specificity L-threonine aldolase	"SO:0001217, UniRef:UniRef50_A0A166HPX1"
contig_34	cds	1176	1787	-	KK01_08730		beta-eliminating lyase-related protein	"EC:4.1.2.48, KEGG:K01620, SO:0001217, UniRef:UniRef50_UPI0004097339, UniRef:UniRef90_UPI001E635E82"
contig_34	cds	2022	2960	-	KK01_08735	fixB	"Electron transfer flavoprotein, alpha subunit FixB"	"COG:C, COG:COG2025, KEGG:K03522, RefSeq:WP_019390338.1, SO:0001217, UniParc:UPI0002FA52B2, UniRef:UniRef100_UPI0002FA52B2, UniRef:UniRef50_V7IBP7, UniRef:UniRef90_F5S9R1"
contig_34	cds	2972	3718	-	KK01_08740	fixA	"Electron transfer flavoprotein, alpha and beta subunits"	"COG:C, COG:COG2086, KEGG:K03521, RefSeq:WP_019390337.1, SO:0001217, UniParc:UPI0002E978FA, UniRef:UniRef100_UPI0002E978FA, UniRef:UniRef50_A0A6A5KUU1, UniRef:UniRef90_F5S9R2"
contig_34	cds	3835	4095	-	KK01_08745		DUF3079 domain-containing protein	"RefSeq:WP_003792064.1, SO:0001217, UniParc:UPI0002584649, UniRef:UniRef100_F5S9R3, UniRef:UniRef50_D4DV84, UniRef:UniRef90_F5S9R3"
contig_34	cds	4287	5738	+	KK01_08750	gnd	decarboxylating NADP(+)-dependent phosphogluconate dehydrogenase	"COG:COG0362, COG:G, SO:0001217, UniRef:UniRef50_P38720, UniRef:UniRef90_F5S9R5"
contig_34	cds	5824	6750	-	KK01_08755	lpxC	UDP-3-O-acyl-N-acetylglucosamine deacetylase	"COG:COG0774, COG:M, RefSeq:WP_019390335.1, SO:0001217, UniParc:UPI000368D4EE, UniRef:UniRef100_UPI000368D4EE, UniRef:UniRef50_B3R6V2, UniRef:UniRef90_F5S9R6"
contig_34	cds	7134	8138	+	KK01_08760	gap	type I glyceraldehyde-3-phosphate dehydrogenase	"COG:COG0057, COG:G, RefSeq:WP_019390334.1, SO:0001217, UniParc:UPI0002E53FFE, UniRef:UniRef100_UPI0002E53FFE, UniRef:UniRef50_A0A8C5IGY9, UniRef:UniRef90_F5S9R7"
contig_34	cds	8488	9867	-	KK01_08765	mnmE	tRNA uridine-5-carboxymethylaminomethyl(34) synthesis GTPase MnmE	"COG:COG0486, COG:J, RefSeq:WP_019390333.1, SO:0001217, UniParc:UPI0002F19AFB, UniRef:UniRef100_UPI0002F19AFB, UniRef:UniRef50_Q9JXL4, UniRef:UniRef90_F5S9R9"
contig_34	cds	9978	10535	+	KK01_08770	lomR	Opacity protein LomR and related surface antigens	"COG:COG3637, COG:M, RefSeq:WP_003788155.1, SO:0001217, UniParc:UPI00020C6A45, UniRef:UniRef100_F5S9S0, UniRef:UniRef50_F5S9S0, UniRef:UniRef90_F5S9S0"
contig_34	cds	10615	11301	+	KK01_08775	tsaA	tRNA (N6-threonylcarbamoyladenosine(37)-N6)-methyltransferase TrmO	"COG:COG1720, COG:J, EC:2.1.1.-, KEGG:K22900, RefSeq:WP_019390332.1, SO:0001217, UniParc:UPI00037BF7C8, UniRef:UniRef100_UPI00037BF7C8, UniRef:UniRef50_A0A238TA49, UniRef:UniRef90_F5S9S1"
contig_34	cds	11447	12634	+	KK01_08780	dprA	DNA-processing protein DprA	"COG:COG0758, COG:L, KEGG:K04096, RefSeq:WP_003792052.1, SO:0001217, UniParc:UPI0002584644, UniRef:UniRef100_UPI0002584644, UniRef:UniRef50_C4GKE4, UniRef:UniRef90_F5S9S2"
contig_34	cds	12975	13202	+	KK01_08785	xseB	exodeoxyribonuclease VII small subunit	"COG:COG1722, COG:L, RefSeq:WP_003788162.1, SO:0001217, UniParc:UPI00020C6A48, UniRef:UniRef100_F5S9S3, UniRef:UniRef50_V9H812, UniRef:UniRef90_F5S9S3"
contig_34	cds	13195	14082	+	KK01_08790	ispA	Geranylgeranyl pyrophosphate synthase	"COG:COG0142, COG:H, RefSeq:WP_019390331.1, SO:0001217, UniParc:UPI00031A4966, UniRef:UniRef100_UPI00031A4966, UniRef:UniRef50_A0A3G9GLI1, UniRef:UniRef90_F5S9S4"
contig_34	cds	14185	14490	+	KK01_08795	rplU	50S ribosomal protein L21	"COG:COG0261, COG:J, RefSeq:WP_019390330.1, SO:0001217, UniParc:UPI00031DBDCE, UniRef:UniRef100_UPI00031DBDCE, UniRef:UniRef50_Q8EB80, UniRef:UniRef90_F5S9S5"
contig_34	cds	14516	14788	+	KK01_08800	rpmA	50S ribosomal protein L27	"COG:COG0211, COG:J, GO:0003735, GO:0005840, GO:0006412, GO:1990904, RefSeq:WP_003788168.1, SO:0001217, UniParc:UPI00020C6A4B, UniRef:UniRef100_F5S9S6, UniRef:UniRef50_B1VGM0, UniRef:UniRef90_Q5F685"
contig_34	cds	14907	15881	+	KK01_08805	ispA	Geranylgeranyl pyrophosphate synthase	"COG:COG0142, COG:H, RefSeq:WP_019390329.1, SO:0001217, UniParc:UPI0002FF0329, UniRef:UniRef100_UPI0002FF0329, UniRef:UniRef50_V9HKM6, UniRef:UniRef90_V9HKM6"
contig_34	tRNA	15888	15959	+	KK01_08810	trnR	tRNA-Arg(cct)	SO:0001036
contig_34	cds	16041	17459	-	KK01_08815	alsT	Na+/alanine symporter	"COG:COG1115, COG:E, KEGG:K03310, RefSeq:WP_019390328.1, SO:0001217, UniParc:UPI000308C82E, UniRef:UniRef100_UPI000308C82E, UniRef:UniRef50_V7IDB4, UniRef:UniRef90_F5S9S8"
contig_34	cds	17657	17959	+	KK01_08820	rhtB	RhtB family homoserine/homoserine lactone efflux pump	"RefSeq:WP_003788174.1, SO:0001217, UniParc:UPI00020C6A4E, UniRef:UniRef100_F5S9S9, UniRef:UniRef50_F5S9S9, UniRef:UniRef90_F5S9S9"
contig_34	cds	18030	19301	+	KK01_08825	purD	Phosphoribosylamine-glycine ligase	"COG:COG0151, COG:F, RefSeq:WP_019390327.1, SO:0001217, UniParc:UPI0002FD53BD, UniRef:UniRef100_UPI0002FD53BD, UniRef:UniRef50_Q9JXA3, UniRef:UniRef90_F5S9T0"
contig_35	cds	1021	1566	+	KK01_08830		hypothetical protein	
contig_35	cds	1717	2079	-	KK01_08835		Adhesin	"RefSeq:WP_019390349.1, SO:0001217, UniParc:UPI0002E336B2, UniRef:UniRef100_UPI0002E336B2, UniRef:UniRef50_F5S9P2, UniRef:UniRef90_F5S9P2"
contig_35	cds	2349	2705	-	KK01_08840		hypothetical protein	
contig_35	cds	2689	4305	-	KK01_08845		"2',3'-cyclic-nucleotide 2'-phosphodiesterase/3'-nucleotidase"	"SO:0001217, UniRef:UniRef50_P08331"
contig_35	cds	4525	4716	+	KK01_08850	yacG	DNA gyrase inhibitor YacG	"COG:COG3024, COG:L, KEGG:K09862, RefSeq:WP_003792093.1, SO:0001217, UniParc:UPI000258465A, UniRef:UniRef100_UPI000258465A, UniRef:UniRef50_A0A1V3K1Q5, UniRef:UniRef90_UPI000404AA69"
contig_35	cds	4703	5311	+	KK01_08855	rnhB	ribonuclease HII	"COG:COG0164, COG:L, RefSeq:WP_019390347.1, SO:0001217, UniParc:UPI00031807B9, UniRef:UniRef100_F5S9P4, UniRef:UniRef50_P43808, UniRef:UniRef90_F5S9P4"
contig_35	cds	5426	6361	-	KK01_08860	potA	"ABC-type Fe3+/spermidine/putrescine transport systems, ATPase component"	"COG:COG3842, COG:E, RefSeq:WP_019390346.1, SO:0001217, UniParc:UPI00031A6C85, UniRef:UniRef100_UPI00031A6C85, UniRef:UniRef50_F0F0M3, UniRef:UniRef90_F5S9P5"
contig_35	cds	6529	7485	+	KK01_08865	ldh	L-lactate dehydrogenase	"COG:C, COG:COG0039, EC:1.1.1.27, KEGG:K00016, RefSeq:WP_003792090.1, SO:0001217, UniParc:UPI0002584657, UniRef:UniRef100_UPI0002584657, UniRef:UniRef50_P00344, UniRef:UniRef90_F5S9P7"
contig_35	cds	7563	7973	-	KK01_08870	mliC	MliC domain-containing protein	"SO:0001217, UniRef:UniRef50_F5S9P8, UniRef:UniRef90_F5S9P8"
contig_35	cds	8233	11016	+	KK01_08875	ileS	isoleucine--tRNA ligase	"COG:COG0060, COG:J, SO:0001217, UniRef:UniRef50_Q9JXY7, UniRef:UniRef90_F5S9P9"
contig_35	cds	11097	12953	-	KK01_08880	mdlB	"ABC-type multidrug transport system, ATPase and permease component"	"COG:COG1132, COG:V, RefSeq:WP_019390344.1, SO:0001217, UniParc:UPI000304910F, UniRef:UniRef100_UPI000304910F, UniRef:UniRef50_Q57180, UniRef:UniRef90_F5S9Q0"
contig_35	cds	13205	15406	-	KK01_08885	fhuE	Outer membrane receptor for ferric coprogen and ferric-rhodotorulic acid	"COG:COG4773, COG:P, RefSeq:WP_019390343.1, SO:0001217, UniParc:UPI00031A6A5A, UniRef:UniRef100_UPI00031A6A5A, UniRef:UniRef50_A0A378VEE3, UniRef:UniRef90_F5S9Q2"
contig_35	cds	15767	17764	+	KK01_08890		Site-specific recombinase	"COG:COG4389, COG:L, RefSeq:WP_003792082.1, SO:0001217, UniParc:UPI0002584652, UniRef:UniRef100_UPI0002584652, UniRef:UniRef50_F0F0F5, UniRef:UniRef90_F5S9Q4"
contig_35	cds	17966	18250	+	KK01_08895		PepSY domain-containing protein	"RefSeq:WP_038302713.1, SO:0001217, UniParc:UPI00041504F6, UniRef:UniRef100_UPI00041504F6, UniRef:UniRef50_D5VBA6, UniRef:UniRef90_F5S9Q6"
contig_35	cds	18299	18568	-	KK01_08900	hipB	"Transcriptional regulator, contains XRE-family HTH domain"	"COG:COG1396, COG:K, RefSeq:WP_100215655.1, SO:0001217, UniParc:UPI0003063B05, UniRef:UniRef100_UPI0003063B05, UniRef:UniRef50_F5S9Q7, UniRef:UniRef90_F5S9Q7"
contig_35	cds	18669	18899	-	KK01_08905		Transposase	"COG:COG3335, COG:X, SO:0001217, UniRef:UniRef50_F5S9Q8, UniRef:UniRef90_F5S9Q8"
contig_36	cds	127	999	-	KK01_08910	rhaT	Permease of the drug/metabolite transporter (DMT) superfamily	"COG:COG0697, COG:GER, KEGG:K15270, RefSeq:WP_038313166.1, SO:0001217, UniParc:UPI0004111AA9, UniRef:UniRef100_UPI0004111AA9, UniRef:UniRef50_F5S6G4, UniRef:UniRef90_F5S6G4"
contig_36	cds	1054	1365	+	KK01_08915		BPL/LPL catalytic domain-containing protein	"RefSeq:WP_003786304.1, SO:0001217, UniParc:UPI00020C6DAF, UniRef:UniRef100_F5S6G5, UniRef:UniRef50_F5S6G5, UniRef:UniRef90_F5S6G5"
contig_36	cds	1367	1543	+	KK01_08920	ccoS	cbb3-type cytochrome oxidase assembly protein CcoS	"COG:COG3197, COG:O, RefSeq:WP_019389341.1, SO:0001217, UniParc:UPI0002E84CB2, UniRef:UniRef100_UPI0002E84CB2, UniRef:UniRef50_A0A0S8BLU1, UniRef:UniRef90_F5S6G6"
contig_36	cds	1533	2819	+	KK01_08925		Major facilitator superfamily MFS_1 transporter	"RefSeq:WP_003786308.1, SO:0001217, UniParc:UPI00020C6DB1, UniRef:UniRef100_F5S6G7, UniRef:UniRef50_V9H8S0, UniRef:UniRef90_F5S6G7"
contig_36	cds	2880	3218	-	KK01_08930	erpA	iron-sulfur cluster insertion protein ErpA	"COG:COG0316, COG:O, RefSeq:WP_003790764.1, SO:0001217, UniParc:UPI0002585A41, UniRef:UniRef100_F5S6G8, UniRef:UniRef50_Q5F6W8, UniRef:UniRef90_V9HL14"
contig_36	cds	3354	4889	-	KK01_08935	hemN	oxygen-independent coproporphyrinogen III oxidase	"COG:COG0635, COG:H, RefSeq:WP_019389340.1, SO:0001217, UniParc:UPI0003117840, UniRef:UniRef100_UPI0003117840, UniRef:UniRef50_A0A853SUC7, UniRef:UniRef90_F5S6G9"
contig_36	cds	5004	5750	+	KK01_08940	crp	cAMP-binding domain of CRP or a regulatory subunit of cAMP-dependent protein kinases	"COG:COG0664, COG:T, RefSeq:WP_032827332.1, SO:0001217, UniParc:UPI000517FDB8, UniRef:UniRef100_UPI000517FDB8, UniRef:UniRef50_A0A5C7XAB0, UniRef:UniRef90_F5S6H0"
contig_36	cds	5892	6788	+	KK01_08945	plsY	glycerol-3-phosphate 1-O-acyltransferase PlsY	"COG:COG0344, COG:I, EC:2.3.1.275, KEGG:K08591, SO:0001217, UniRef:UniRef50_F5S6H1, UniRef:UniRef90_F5S6H1"
contig_36	cds	6844	8166	+	KK01_08950	folC	bifunctional tetrahydrofolate synthase/dihydrofolate synthase	"COG:COG0285, COG:H, SO:0001217, UniRef:UniRef50_A0A3N9QLB3, UniRef:UniRef90_F5S6H2"
contig_36	cds	8183	9220	+	KK01_08955	ftsN	Cell division protein FtsN	"COG:COG3087, COG:D, SO:0001217, UniRef:UniRef50_F5S6H3, UniRef:UniRef90_F5S6H3"
contig_36	cds	9220	9795	+	KK01_08960	purF	"Colicin V production accessory protein CvpA, regulator of purF expression and biofilm formation"	"COG:COG1286, COG:FM, KEGG:K03558, RefSeq:WP_003790754.1, SO:0001217, UniParc:UPI0002585A3C, UniRef:UniRef100_UPI0002585A3C, UniRef:UniRef50_F0EW98, UniRef:UniRef90_F5S6H4"
contig_36	cds	9808	11340	+	KK01_08965	purF	amidophosphoribosyltransferase	"COG:COG0034, COG:F, EC:2.4.2.14, KEGG:K00764, RefSeq:WP_019389335.1, SO:0001217, UniParc:UPI0002E9033A, UniRef:UniRef100_UPI0002E9033A, UniRef:UniRef50_P0AG16, UniRef:UniRef90_F5S6H5"
contig_36	cds	11415	12425	+	KK01_08970	sppA	"Periplasmic serine protease, ClpP class"	"COG:COG0616, COG:O, EC:3.4.21.-, KEGG:K04773, RefSeq:WP_003786325.1, SO:0001217, UniParc:UPI00020C7138, UniRef:UniRef100_F5S6H6, UniRef:UniRef50_A0A448VP44, UniRef:UniRef90_F5S6H6"
contig_36	cds	12670	13401	-	KK01_08975	rsuA	"Pseudouridylate synthase RsuA, specific for 16S rRNA U516 and 23S rRNA U2605"	"COG:COG1187, COG:J, RefSeq:WP_026036242.1, SO:0001217, UniParc:UPI0004747A7E, UniRef:UniRef100_UPI0004747A7E, UniRef:UniRef50_A0A7Y4YU88, UniRef:UniRef90_F5S6H7"
contig_36	cds	13480	14676	-	KK01_08980	hemY	"Uncharacterized protein HemY, contains HemY_N domain and TPR repeats (unrelated to protoporphyrinogen oxidase HemY)"	"COG:COG3071, COG:S, SO:0001217, UniRef:UniRef50_A0A0C1E308, UniRef:UniRef90_F5S6H8"
contig_36	cds	14673	16073	-	KK01_08985	hemX	"Proteobacterial HemX domain, involved in 2-ketogluconate production (unrelated to B subtilis HemX, COG0755, no evidence of involvement in heme biosynthesis)"	"COG:COG2959, COG:R, EC:2.1.1.107, KEGG:K02496, RefSeq:WP_154700127.1, SO:0001217, UniParc:UPI000E089539, UniRef:UniRef100_UPI000E089539, UniRef:UniRef50_F5S6H9, UniRef:UniRef90_F5S6H9"
contig_36	cds	16070	16813	-	KK01_08990	hemD	Uroporphyrinogen-III synthase	"COG:COG1587, COG:H, RefSeq:WP_019389331.1, SO:0001217, UniParc:UPI0002D31513, UniRef:UniRef100_UPI0002D31513, UniRef:UniRef50_C4GFP3, UniRef:UniRef90_F5S6I0"
contig_36	cds	16902	18449	-	KK01_08995	cls	Phosphatidylserine/phosphatidylglycerophosphate/cardiolipin synthase	"COG:COG1502, COG:I, EC:2.7.8.-, KEGG:K06132, SO:0001217, UniRef:UniRef50_F0EYP8, UniRef:UniRef90_F5S6I1"
contig_37	cds	68	262	-	KK01_09000		hypothetical protein	
contig_37	cds	378	467	-	KK01_09005		hypothetical protein	
contig_37	cds	570	1295	-	KK01_09010	rph	ribonuclease PH	"COG:COG0689, COG:J, EC:2.7.7.56, KEGG:K00989, RefSeq:WP_038317456.1, SO:0001217, UniParc:UPI000429AA0E, UniRef:UniRef100_UPI000429AA0E, UniRef:UniRef50_Q8UIG8, UniRef:UniRef90_F5S6I3"
contig_37	cds	1351	3138	+	KK01_09015	trpE	Anthranilate/para-aminobenzoate synthases component I	"COG:COG0147, COG:EH, EC:2.6.1.85, EC:4.1.3.38, KEGG:K03342, RefSeq:WP_019389328.1, SO:0001217, UniParc:UPI0002F2AE8A, UniRef:UniRef100_UPI0002F2AE8A, UniRef:UniRef50_E0NBI8, UniRef:UniRef90_F5S6I4"
contig_37	cds	3212	4582	-	KK01_09020	purB	adenylosuccinate lyase	"COG:COG0015, COG:F, EC:4.3.2.2, KEGG:K01756, RefSeq:WP_019389327.1, SO:0001217, UniParc:UPI00030E5C74, UniRef:UniRef100_UPI00030E5C74, UniRef:UniRef50_Q6D4E7, UniRef:UniRef90_F5S6I5"
contig_37	cds	4679	5551	-	KK01_09025	hisJ	"ABC-type amino acid transport/signal transduction system, periplasmic component/domain"	"COG:COG0834, COG:ET, SO:0001217, UniRef:UniRef50_U6Q408, UniRef:UniRef90_F5S6I6"
contig_37	cds	5584	5946	-	KK01_09030		Peptidase S1 and S6	"RefSeq:WP_026036240.1, SO:0001217, UniParc:UPI0004748513, UniRef:UniRef100_UPI0004748513, UniRef:UniRef50_F5S6I7, UniRef:UniRef90_F5S6I7"
contig_37	cds	6109	7002	+	KK01_09035	glyQ	glycine--tRNA ligase subunit alpha	"COG:COG0752, COG:J, RefSeq:WP_019389323.1, SO:0001217, UniParc:UPI0002FA846F, UniRef:UniRef100_UPI000405D4E6, UniRef:UniRef50_Q9KD49, UniRef:UniRef90_C4GJ80"
contig_37	cds	7111	8958	+	KK01_09040	tamA	Outer membrane translocation and assembly module TamA	"COG:COG0729, COG:M, RefSeq:WP_019389322.1, SO:0001217, UniParc:UPI000372B094, UniRef:UniRef100_UPI000372B094, UniRef:UniRef50_A0A1X3DDG2, UniRef:UniRef90_F5S6I9"
contig_37	cds	9012	12872	+	KK01_09045	tamB	Autotransporter translocation and assembly protein TamB	"COG:COG2911, COG:U, SO:0001217, UniRef:UniRef50_C4GH66, UniRef:UniRef90_F5S6J0"
contig_37	cds	13038	13619	+	KK01_09050		DUF1415 domain-containing protein	"COG:COG3310, COG:S, KEGG:K09941, RefSeq:WP_019389320.1, SO:0001217, UniParc:UPI0002F08DF3, UniRef:UniRef100_UPI0002F08DF3, UniRef:UniRef50_X2HC98, UniRef:UniRef90_F5S6J2"
contig_37	cds	13616	14095	+	KK01_09055	ybaN	Inner membrane protein YbaN	"SO:0001217, UniParc:UPI00020C7149, UniRef:UniRef100_F5S6J3, UniRef:UniRef50_F0F251, UniRef:UniRef90_F5S6J3"
contig_37	cds	14159	14395	-	KK01_09060		DUF3817 domain-containing protein	"SO:0001217, UniRef:UniRef50_F5S6J4, UniRef:UniRef90_F5S6J4"
contig_37	cds	14441	15295	-	KK01_09065	lgt	prolipoprotein diacylglyceryl transferase	"COG:COG0682, COG:M, EC:2.5.1.145, KEGG:K13292, RefSeq:WP_019389318.1, SO:0001217, UniParc:UPI000309EA0C, UniRef:UniRef100_UPI000309EA0C, UniRef:UniRef50_B3R646, UniRef:UniRef90_F5S6J5"
contig_37	cds	15426	16976	+	KK01_09070	lnt	apolipoprotein N-acyltransferase	"COG:COG0815, COG:M, EC:2.3.1.269, KEGG:K03820, SO:0001217, UniRef:UniRef50_Q9K0A2, UniRef:UniRef90_F5S6J6"
contig_38	cds	309	1979	+	KK01_09075	mIS1	formate--tetrahydrofolate ligase	"COG:COG2759, COG:F, SO:0001217, UniRef:UniRef50_A1B1M8, UniRef:UniRef90_F5S6R5"
contig_38	cds	2144	3589	-	KK01_09080	ubiD	4-hydroxy-3-polyprenylbenzoate decarboxylase	"COG:COG0043, COG:H, SO:0001217, UniRef:UniRef50_Q2SQ75, UniRef:UniRef90_A0A238TD22"
contig_38	cds	3655	4224	-	KK01_09085		RelA-SpoT domain-containing protein	"RefSeq:WP_003790610.1, SO:0001217, UniParc:UPI000258507F, UniRef:UniRef100_UPI000258507F, UniRef:UniRef50_Q8DTW4, UniRef:UniRef90_F5S6R3"
contig_38	cds	4324	5949	-	KK01_09090	pyrG	CTP synthase	"COG:COG0504, COG:F, EC:6.3.4.2, KEGG:K01937, RefSeq:WP_003790612.1, SO:0001217, UniParc:UPI0002585080, UniRef:UniRef100_UPI0002585080, UniRef:UniRef50_O67353, UniRef:UniRef90_C4GG02"
contig_38	cds	6122	6988	+	KK01_09095	lysO	DUF340 domain-containing protein	"COG:COG2431, COG:E, SO:0001217, UniRef:UniRef50_V9HM68, UniRef:UniRef90_F5S6R1"
contig_38	cds	7120	8358	+	KK01_09100	gltS	sodium/glutamate symporter	"COG:COG0786, COG:E, RefSeq:WP_003786491.1, SO:0001217, UniParc:UPI00020C5F80, UniRef:UniRef100_F5S6R0, UniRef:UniRef50_P45240, UniRef:UniRef90_F5S6R0"
contig_38	cds	8510	9232	-	KK01_09105	lpxH	"UDP-2,3-diacylglucosamine diphosphatase"	"COG:COG2908, COG:M, EC:3.6.1.54, KEGG:K03269, RefSeq:WP_019390136.1, SO:0001217, UniParc:UPI000364C7C7, UniRef:UniRef100_UPI000364C7C7, UniRef:UniRef50_D4DMM8, UniRef:UniRef90_F5S6Q9"
contig_38	cds	9235	9585	-	KK01_09110	arsC	ArsC family reductase	"COG:COG1393, COG:P, RefSeq:WP_019390135.1, SO:0001217, UniParc:UPI0003785752, UniRef:UniRef100_UPI0003785752, UniRef:UniRef50_F5S6Q8, UniRef:UniRef90_F5S6Q8"
contig_38	cds	9728	10372	+	KK01_09115		Lipoprotein	"RefSeq:WP_019390134.1, SO:0001217, UniParc:UPI00031D9C96, UniRef:UniRef100_UPI00031D9C96, UniRef:UniRef50_F0EXT2, UniRef:UniRef90_F5S6Q7"
contig_38	cds	10606	11064	+	KK01_09120	araC	AraC family transcriptional regulator	"RefSeq:WP_019390133.1, SO:0001217, UniParc:UPI00037F0493, UniRef:UniRef100_UPI00037F0493, UniRef:UniRef50_V9HM84, UniRef:UniRef90_F5S6Q6"
contig_38	cds	11070	11939	+	KK01_09125	atu1564	"putative ATPase, AAA+ superfamily"	"COG:COG2607, COG:R, KEGG:K06923, RefSeq:WP_154700267.1, SO:0001217, UniParc:UPI000E030059, UniRef:UniRef100_UPI000E030059, UniRef:UniRef50_A0A106LJP1, UniRef:UniRef90_F5S6Q5"
contig_38	cds	11981	12586	+	KK01_09130	mntP	Putative Mn2+ efflux pump MntP	"COG:COG1971, COG:P, KEGG:K23242, RefSeq:WP_154700268.1, SO:0001217, UniParc:UPI000DFEA066, UniRef:UniRef100_UPI000DFEA066, UniRef:UniRef50_Q9K1E1, UniRef:UniRef90_F5S6Q4"
contig_38	cds	12583	13311	+	KK01_09135	pyrF	orotidine-5'-phosphate decarboxylase	"COG:COG0284, COG:F, RefSeq:WP_019390132.1, SO:0001217, UniParc:UPI000301C446, UniRef:UniRef100_UPI000301C446, UniRef:UniRef50_Q3J8N5, UniRef:UniRef90_F5S6Q3"
contig_39	cds	152	691	+	KK01_09140	mutT	"8-oxo-dGTP pyrophosphatase MutT and related house-cleaning NTP pyrophosphohydrolases, NUDIX family"	"COG:COG0494, COG:V, RefSeq:WP_019389278.1, SO:0001217, UniParc:UPI0002E78217, UniRef:UniRef100_UPI0002E78217, UniRef:UniRef50_F5S5J4, UniRef:UniRef90_F5S5J4"
contig_39	cds	688	1449	+	KK01_09145	gloB	hydroxyacylglutathione hydrolase	"COG:COG0491, COG:R, EC:3.1.2.6, KEGG:K01069, RefSeq:WP_019389277.1, SO:0001217, UniParc:UPI0002F73154, UniRef:UniRef100_UPI0002F73154, UniRef:UniRef50_Q5F7J0, UniRef:UniRef90_F5S5J5"
contig_39	cds	1536	1808	+	KK01_09150	rpmE	type B 50S ribosomal protein L31	"COG:COG0254, COG:J, RefSeq:WP_019389276.1, SO:0001217, UniParc:UPI0002F7C05E, UniRef:UniRef100_UPI0002F7C05E, UniRef:UniRef50_Q9JZQ4, UniRef:UniRef90_F5S5J6"
contig_39	cds	1808	1933	+	KK01_09155	ykgO	type B 50S ribosomal protein L36	"COG:COG0257, COG:J, GO:0003735, GO:0005840, GO:0006412, GO:1990904, RefSeq:WP_003785754.1, SO:0001217, UniParc:UPI00020C5F42, UniRef:UniRef100_F5S5J7, UniRef:UniRef50_A6WY31, UniRef:UniRef90_Q5F860"
contig_39	cds	1987	3174	-	KK01_09160	ldcA	Muramoyltetrapeptide carboxypeptidase LdcA (peptidoglycan recycling)	"COG:COG1619, COG:M, EC:3.4.17.13, KEGG:K01297, SO:0001217, UniRef:UniRef50_F5S5J8, UniRef:UniRef90_F5S5J8"
contig_39	cds	3174	3581	-	KK01_09165	hinT	"Purine nucleoside phosphoramidase/Ap4A hydrolase, histidine triade (HIT) family"	"COG:COG0537, COG:FR, RefSeq:WP_038317416.1, SO:0001217, UniParc:UPI0004153FDF, UniRef:UniRef100_UPI0004153FDF, UniRef:UniRef50_V9HM69, UniRef:UniRef90_F5S5J9"
contig_39	cds	3795	4985	-	KK01_09170	xkdP	"Cytoplasmic potassium-binding protein Kbp/XkdP/YgaU, contains LysM domain"	"COG:COG1652, COG:P, SO:0001217, UniRef:UniRef50_A0A377R105, UniRef:UniRef90_F5S5K1"
contig_39	cds	5140	5643	+	KK01_09175	def	peptide deformylase	"COG:COG0242, COG:J, RefSeq:WP_019389272.1, SO:0001217, UniParc:UPI0002D95C15, UniRef:UniRef100_UPI0002D95C15, UniRef:UniRef50_Q8P4F9, UniRef:UniRef90_F5S5K2"
contig_39	cds	5729	6658	+	KK01_09180	fmt	methionyl-tRNA formyltransferase	"COG:COG0223, COG:J, RefSeq:WP_019389271.1, SO:0001217, UniParc:UPI0002F2683D, UniRef:UniRef100_UPI0002F2683D, UniRef:UniRef50_Q7NQ76, UniRef:UniRef90_F5S5K3"
contig_39	cds	6707	6916	+	KK01_09185		oligoendopeptidase F	"RefSeq:WP_019389270.1, SO:0001217, UniParc:UPI0002D3E313, UniRef:UniRef100_UPI0002D3E313, UniRef:UniRef50_F5S5K4, UniRef:UniRef90_UPI000DFC1A5E"
contig_39	cds	7293	7496	+	KK01_09190		PIN family toxin-antitoxin system	"SO:0001217, UniRef:UniRef50_F5S5K5, UniRef:UniRef90_F5S5K5"
contig_39	cds	7547	9709	+	KK01_09195	priA	primosomal protein N'	"COG:COG1198, COG:L, EC:5.6.2.4, KEGG:K04066, SO:0001217, UniRef:UniRef50_F2BFC6, UniRef:UniRef90_F5S5K6"
contig_39	cds	9796	10188	-	KK01_09200	ridA	"Enamine deaminase RidA, house cleaning of reactive enamine intermediates, YjgF/YER057c/UK114 family"	"COG:COG0251, COG:V, RefSeq:WP_019389268.1, SO:0001217, UniParc:UPI00031D19E8, UniRef:UniRef100_UPI00031D19E8, UniRef:UniRef50_A0A8D0JDM8, UniRef:UniRef90_F5S5K7"
contig_39	cds	10364	12340	+	KK01_09205	parE	"DNA gyrase/topoisomerase IV, subunit B"	"COG:COG0187, COG:L, SO:0001217, UniRef:UniRef50_V7IIF3, UniRef:UniRef90_V9H9S2"
contig_40	cds	82	390	+	KK01_09210		TPM-phosphatase domain-containing protein	"SO:0001217, UniRef:UniRef50_F5S6L3, UniRef:UniRef90_F5S6L3"
contig_40	cds	390	671	+	KK01_09215	ykgJ	YkgJ family cysteine cluster protein	"SO:0001217, UniRef:UniRef50_N9FXK1"
contig_40	cds	736	1032	-	KK01_09220		Outer membrane protein	"RefSeq:WP_003786397.1, SO:0001217, UniParc:UPI00020C5A58, UniRef:UniRef100_F5S6L1, UniRef:UniRef50_F5S6L1, UniRef:UniRef90_F5S6L1"
contig_40	cds	1104	1619	-	KK01_09225		Transposase	"RefSeq:WP_032827366.1, SO:0001217, UniParc:UPI0005193CE3, UniRef:UniRef100_F5S6L0, UniRef:UniRef50_F5S6L0, UniRef:UniRef90_F5S6L0"
contig_40	cds	2054	2800	-	KK01_09230	nfsA	oxygen-insensitive NADPH nitroreductase	"COG:C, COG:COG0778, RefSeq:WP_019389308.1, SO:0001217, UniParc:UPI0002D7753A, UniRef:UniRef100_UPI0002D7753A, UniRef:UniRef50_A0A249A0B6, UniRef:UniRef90_F5S6K9"
contig_40	cds	2901	4169	-	KK01_09235	clpX	ATP-dependent Clp protease ATP-binding subunit ClpX	"COG:COG1219, COG:O, SO:0001217, UniRef:UniRef50_Q7UKU7, UniRef:UniRef90_F5S6K8"
contig_40	cds	4329	5045	-	KK01_09240	pnuC	nicotinamide riboside transporter PnuC	"SO:0001217, UniRef:UniRef50_Q57425, UniRef:UniRef90_F5S6K6"
contig_40	cds	5188	6132	+	KK01_09245	ccmA	"ABC-type multidrug transport system, ATPase component"	"COG:COG1131, COG:V, SO:0001217, UniRef:UniRef50_V9HMB4, UniRef:UniRef90_F5S6K5"
contig_40	cds	6129	7304	+	KK01_09250		"Brp/Blh family beta-carotene 15,15'-monooxygenase"	"SO:0001217, UniRef:UniRef50_F5S6K4, UniRef:UniRef90_F5S6K4"
contig_40	cds	7366	8571	+	KK01_09255	trpB	tryptophan synthase subunit beta	"COG:COG0133, COG:E, EC:4.2.1.20, GO:0000162, GO:0004834, GO:0005737, RefSeq:WP_003786383.1, SO:0001217, UniParc:UPI00020C7153, UniRef:UniRef100_F5S6K3, UniRef:UniRef50_Q9K0B5, UniRef:UniRef90_Q9K0B5"
contig_40	ncRNA-region	8640	8755	+			SAM-I/IV variant riboswitch	"RFAM:RF01725, SO:0000035"
contig_40	cds	8967	10136	+	KK01_09260	metK	methionine adenosyltransferase	"COG:COG0192, COG:H, RefSeq:WP_019389313.1, SO:0001217, UniParc:UPI0002FA96EC, UniRef:UniRef100_UPI0002FA96EC, UniRef:UniRef50_P56878, UniRef:UniRef90_V9HJU4"
contig_40	cds	10387	12180	+	KK01_09265	lepA	translation elongation factor 4	"COG:COG0481, COG:J, EC:3.6.5.n1, GO:0003746, GO:0003924, GO:0005525, GO:0005886, GO:0043022, GO:0045727, GO:0097216, RefSeq:WP_019389314.1, SO:0001217, UniParc:UPI0002E9071E, UniRef:UniRef100_UPI0002E9071E, UniRef:UniRef50_Q9A9F4, UniRef:UniRef90_Q5F9P9"
contig_41	cds	58	1788	-	KK01_09270		PriCT-2 domain-containing protein	"SO:0001217, UniRef:UniRef50_UPI000705C02A, UniRef:UniRef90_UPI000705C02A"
contig_41	cds	1785	3902	-	KK01_09275	virD4	"Type IV secretory pathway, VirD4 component, TraG/TraD family ATPase"	"COG:COG3505, COG:U, EC:7.4.2.8, KEGG:K03205, SO:0001217, UniRef:UniRef50_V9HAW2, UniRef:UniRef90_UPI000401316E"
contig_41	cds	3922	4983	-	KK01_09280	virB11	P-type DNA transfer ATPase VirB11	"RefSeq:WP_019389436.1, SO:0001217, UniParc:UPI00030E5967, UniRef:UniRef100_UPI00030E5967, UniRef:UniRef50_A0A2N6QF85, UniRef:UniRef90_U6Q3E6"
contig_41	cds	5049	5306	+	KK01_09285	yefM	YoeB-YefM toxin-antitoxin system antitoxin YefM	"RefSeq:WP_019389435.1, SO:0001217, UniParc:UPI0003078054, UniRef:UniRef100_UPI0003078054, UniRef:UniRef50_A0A8E0WKR9, UniRef:UniRef90_UPI000427C081"
contig_41	cds	5297	5557	+	KK01_09290		Txe/YoeB family addiction module toxin	"EC:3.1.-.-, KEGG:K19158, RefSeq:WP_019389434.1, SO:0001217, UniParc:UPI000300D60E, UniRef:UniRef100_UPI000300D60E, UniRef:UniRef50_A0A264T3L9, UniRef:UniRef90_UPI000300D60E"
contig_41	cds	5609	5857	-	KK01_09295		Bacterial conjugation TrbI-like family protein	"SO:0001217, UniRef:UniRef50_A0A7H1MA22"
contig_41	cds	5897	6931	-	KK01_09300		(pseudo) type IV secretion system protein VirB10	"SO:0001217, UniRef:UniRef50_U6Q1V5, UniRef:UniRef90_UPI00041D1E91"
contig_41	cds	6944	7762	-	KK01_09305	virB9	TrbG/VirB9 family P-type conjugative transfer protein	"RefSeq:WP_019389431.1, SO:0001217, UniParc:UPI0002FBBE1D, UniRef:UniRef100_UPI0002FBBE1D, UniRef:UniRef50_A0A660N7S9, UniRef:UniRef90_UPI0003FEB370"
contig_41	cds	7759	8460	-	KK01_09310	virB8	"Type IV secretory pathway, component VirB8"	"COG:COG3736, COG:U, RefSeq:WP_019389430.1, SO:0001217, UniParc:UPI0002F88B85, UniRef:UniRef100_UPI0002F88B85, UniRef:UniRef50_A0A7H9WC28, UniRef:UniRef90_U6Q2H1"
contig_41	cds	8473	8979	-	KK01_09315		hypothetical protein	PFAM:PF13342.9
contig_41	cds	8928	10592	-	KK01_09320		(pseudo) DNA topoisomerase	"EC:5.6.2.1, KEGG:K03169, SO:0001217, UniRef:UniRef50_A0A7H9WCU4, UniRef:UniRef90_UPI000414CF1B"
contig_41	cds	10585	10764	-	KK01_09325		Lipoprotein	"RefSeq:WP_019389428.1, SO:0001217, UniParc:UPI0002F8E211, UniRef:UniRef100_UPI0002F8E211, UniRef:UniRef50_V9HJZ0, UniRef:UniRef90_UPI0002F8E211"
contig_41	cds	10906	11484	+	KK01_09330		hypothetical protein	"RefSeq:WP_032133873.1, SO:0001217, UniParc:UPI00041A1254, UniRef:UniRef100_UPI00041A1254, UniRef:UniRef50_UPI000377BA29, UniRef:UniRef90_UPI000377BA29"
contig_42	cds	246	440	+	KK01_09335		Phosphoribosyl-ATP pyrophosphatase 1	"RefSeq:WP_003788074.1, SO:0001217, UniParc:UPI00020C654F, UniRef:UniRef100_F5S9M9, UniRef:UniRef50_F5S9M9, UniRef:UniRef90_F5S9M9"
contig_42	cds	547	3324	+	KK01_09340	polA	DNA polymerase I	"COG:COG0749, COG:L, EC:2.7.7.7, KEGG:K02335, RefSeq:WP_019390352.1, SO:0001217, UniParc:UPI0003078368, UniRef:UniRef100_UPI0003078368, UniRef:UniRef50_D5CPR3, UniRef:UniRef90_F5S9M8"
contig_42	cds	3425	4225	-	KK01_09345		"Uncharacterized protein, contains GH25 family domain"	"COG:COG5266, COG:R, RefSeq:WP_019390353.1, SO:0001217, UniParc:UPI00036E6B8A, UniRef:UniRef100_UPI00036E6B8A, UniRef:UniRef50_V9HMK1, UniRef:UniRef90_F5S9M7"
contig_42	cds	4336	5802	-	KK01_09350	guaB	IMP dehydrogenase	"COG:COG2524, COG:K, EC:1.1.1.205, KEGG:K00088, RefSeq:WP_019390354.1, SO:0001217, UniParc:UPI000316F4B0, UniRef:UniRef100_UPI000316F4B0, UniRef:UniRef50_A0A5E7U2X1, UniRef:UniRef90_V9H5S1"
contig_42	cds	5960	6385	+	KK01_09355		DUF4124 domain-containing protein	"RefSeq:WP_019390355.1, SO:0001217, UniParc:UPI0002D7BCB3, UniRef:UniRef100_UPI0002D7BCB3, UniRef:UniRef50_F0F0F2, UniRef:UniRef90_F5S9M5"
contig_42	cds	6529	7809	+	KK01_09360	hemL	"glutamate-1-semialdehyde 2,1-aminomutase"	"COG:COG0001, COG:H, RefSeq:WP_019390356.1, SO:0001217, UniParc:UPI0002FA3CBC, UniRef:UniRef100_UPI0002FA3CBC, UniRef:UniRef50_A5UU40, UniRef:UniRef90_F5S9M4"
contig_42	cds	7885	8601	-	KK01_09365	ubiG	bifunctional 2-polyprenyl-6-hydroxyphenol methylase/3-demethylubiquinol 3-O-methyltransferase UbiG	"COG:COG2227, COG:H, RefSeq:WP_019390357.1, SO:0001217, UniParc:UPI0002D92F43, UniRef:UniRef100_UPI0002D92F43, UniRef:UniRef50_Q9JXI7, UniRef:UniRef90_F5S9M3"
contig_42	cds	8614	9117	-	KK01_09370	dsbB	Disulfide bond formation protein DsbB	"COG:COG1495, COG:O, EC:1.8.5.9, KEGG:K03611, RefSeq:WP_003788060.1, SO:0001217, UniParc:UPI00020C6548, UniRef:UniRef100_F5S9M2, UniRef:UniRef50_F5S9M2, UniRef:UniRef90_F5S9M2"
contig_42	cds	9202	9645	-	KK01_09375		"Protocatechuate 4,5-dioxygenase subunit beta"	"SO:0001217, UniRef:UniRef50_F5S9M1, UniRef:UniRef90_F5S9M1"
contig_42	cds	9884	10006	-	KK01_09380		"Protocatechuate 4,5-dioxygenase"	"SO:0001217, UniRef:UniRef50_F5S9M0, UniRef:UniRef90_F5S9M0"
contig_43	cds	197	2323	+	KK01_09385	sunT	"ABC-type bacteriocin/lantibiotic exporters, contain an N-terminal double-glycine peptidase domain"	"COG:COG2274, COG:V, RefSeq:WP_032133026.1, SO:0001217, UniParc:UPI0000ECF2BE, UniRef:UniRef100_A1YKX0, UniRef:UniRef50_P26760, UniRef:UniRef90_A0A238TCB9"
contig_43	cds	2404	3831	+	KK01_09390	emrA	Multidrug resistance efflux pump EmrA	"COG:COG1566, COG:V, KEGG:K11003, RefSeq:WP_019390474.1, SO:0001217, UniParc:UPI0000ECF2BD, UniRef:UniRef100_A1YKW9, UniRef:UniRef50_N0E4B4, UniRef:UniRef90_A1YKW9"
contig_43	cds	4121	4624	+	KK01_09395	rtxC	Protein-lysine myristoyltransferase RtxC	"COG:COG2994, COG:O, EC:2.3.1.-, GO:0005737, GO:0009404, GO:0018030, KEGG:K07389, RefSeq:WP_026036190.1, SO:0001217, UniParc:UPI0000ECF2BC, UniRef:UniRef100_A1YKW8, UniRef:UniRef50_A1YKW8, UniRef:UniRef90_A1YKW8"
contig_43	cds	4722	7592	+	KK01_09400	rtxA	Cytolysin RtxA	"COG:COG2931, COG:Q, GO:0005261, GO:0005509, GO:0005576, GO:0015485, GO:0016020, GO:0019835, GO:0020002, GO:0033644, GO:0090729, RefSeq:WP_019388953.1, SO:0001217, UniParc:UPI0000ECF2BB, UniRef:UniRef100_A1YKW7, UniRef:UniRef50_A1YKW7, UniRef:UniRef90_A1YKW7"
contig_43	cds	7714	9006	+	KK01_09405	tolC	Outer membrane protein TolC	"COG:COG1538, COG:M, RefSeq:WP_019388952.1, SO:0001217, UniParc:UPI0000ECF2BA, UniRef:UniRef100_A1YKW6, UniRef:UniRef50_F5S904, UniRef:UniRef90_F5S904"
contig_43	cds	9183	9404	+	KK01_09410		Transposase	"KEGG:K07488, SO:0001217, UniRef:UniRef50_A0A238HI72, UniRef:UniRef90_A0A238HI72"
contig_44	cds	101	604	+	KK01_09415	hscB	Fe-S protein assembly co-chaperone HscB	"COG:COG1076, COG:O, RefSeq:WP_019389783.1, SO:0001217, UniParc:UPI0002D50CCC, UniRef:UniRef100_UPI0002D50CCC, UniRef:UniRef50_B4RMC3, UniRef:UniRef90_F5S4J1"
contig_44	cds	685	1935	-	KK01_09420	hemA	glutamyl-tRNA reductase	"COG:COG0373, COG:H, EC:1.2.1.70, KEGG:K02492, RefSeq:WP_019389784.1, SO:0001217, UniParc:UPI0003660419, UniRef:UniRef100_UPI0003660419, UniRef:UniRef50_X2HB18, UniRef:UniRef90_F5S4J0"
contig_44	cds	2155	2787	+	KK01_09425	pdxH	pyridoxamine 5'-phosphate oxidase	"COG:COG0259, COG:H, RefSeq:WP_019389785.1, SO:0001217, UniParc:UPI0002ED1FC0, UniRef:UniRef100_UPI0002ED1FC0, UniRef:UniRef50_P44909, UniRef:UniRef90_F5S4I8"
contig_44	cds	2866	4044	+	KK01_09430	pgk	3-phosphoglycerate kinase	"COG:COG0126, COG:G, RefSeq:WP_019389786.1, SO:0001217, UniParc:UPI0003098A51, UniRef:UniRef100_UPI0003098A51, UniRef:UniRef50_B7JBC8, UniRef:UniRef90_F5S4I7"
contig_44	cds	4108	4632	+	KK01_09435		Inner membrane protein	"SO:0001217, UniRef:UniRef50_F0F2K6, UniRef:UniRef90_F5S4I6"
contig_44	cds	4726	5223	+	KK01_09440	tpx	thiol peroxidase	"COG:COG2077, COG:O, EC:1.11.1.24, KEGG:K11065, RefSeq:WP_019389788.1, SO:0001217, UniParc:UPI0002FB1AF7, UniRef:UniRef100_UPI0002FB1AF7, UniRef:UniRef50_Q8NRG3, UniRef:UniRef90_F5S4I5"
contig_44	cds	5283	5690	-	KK01_09445	vapC	"Ribonuclease/mRNA interferase VapC, contains PIN domain"	"COG:COG1487, COG:V, EC:3.1.-.-, KEGG:K18828, SO:0001217, UniRef:UniRef50_E4QWH2, UniRef:UniRef90_F5S4I4"
contig_44	cds	5687	5929	-	KK01_09450	vagC	Virulence-associated protein VagC (function unknown)	"COG:COG4456, COG:S, KEGG:K18829, RefSeq:WP_019389790.1, SO:0001217, UniParc:UPI0002DE625E, UniRef:UniRef100_UPI0002DE625E, UniRef:UniRef50_E4QWH3, UniRef:UniRef90_F5S4I3"
contig_44	cds	6070	8103	+	KK01_09455	uvrB	excinuclease ABC subunit UvrB	"COG:COG0556, COG:L, RefSeq:WP_019389791.1, SO:0001217, UniParc:UPI000302CC52, UniRef:UniRef100_UPI000302CC52, UniRef:UniRef50_Q884C9, UniRef:UniRef90_V9H7W0"
contig_44	cds	8125	9258	+	KK01_09460		hypothetical protein	"RefSeq:WP_019389792.1, SO:0001217, UniParc:UPI0002D850D4, UniRef:UniRef100_UPI0002D850D4, UniRef:UniRef50_UPI0004283ED1, UniRef:UniRef90_UPI0004283ED1"
contig_45	cds	243	1574	-	KK01_09465	murD	UDP-N-acetylmuramoyl-L-alanine--D-glutamate ligase	"COG:COG0771, COG:M, EC:6.3.2.9, KEGG:K01925, SO:0001217, UniRef:UniRef50_Q9K0Y4, UniRef:UniRef90_F5S8N1"
contig_45	cds	1588	2418	-	KK01_09470		Signal peptide protein	"SO:0001217, UniRef:UniRef50_F5S8N2, UniRef:UniRef90_F5S8N2"
contig_45	cds	3168	3557	-	KK01_09475	speD	adenosylmethionine decarboxylase	"COG:COG1586, COG:E, RefSeq:WP_019389706.1, SO:0001217, UniParc:UPI00031AB140, UniRef:UniRef100_UPI00031AB140, UniRef:UniRef50_C8NAH1, UniRef:UniRef90_F5S8N4"
contig_45	cds	3554	5224	-	KK01_09480		DUF4178 domain-containing protein	"RefSeq:WP_026036293.1, SO:0001217, UniParc:UPI0003049F6F, UniRef:UniRef100_UPI0003049F6F, UniRef:UniRef50_F5S8N5, UniRef:UniRef90_F5S8N5"
contig_45	cds	5240	5479	-	KK01_09485		Exported protein	"RefSeq:WP_003787856.1, SO:0001217, UniParc:UPI00020C6A0E, UniRef:UniRef100_F5S8N6, UniRef:UniRef50_D2ZUU0, UniRef:UniRef90_F5S8N6"
contig_45	cds	5545	5979	-	KK01_09490		Hemerythrin HHE cation binding region	"SO:0001217, UniRef:UniRef50_V9HM97, UniRef:UniRef90_F5S8N7"
contig_45	cds	6032	6475	+	KK01_09495	iscR	"DNA-binding transcriptional regulator, IscR family"	"COG:COG1959, COG:K, KEGG:K13771, RefSeq:WP_003787860.1, SO:0001217, UniParc:UPI00020C6A10, UniRef:UniRef100_F5S8N8, UniRef:UniRef50_C6SEB5, UniRef:UniRef90_F5S8N8"
contig_45	cds	6550	7488	+	KK01_09500	hemC	hydroxymethylbilane synthase	"COG:COG0181, COG:H, RefSeq:WP_019389709.1, SO:0001217, UniParc:UPI00037C139F, UniRef:UniRef100_UPI00037C139F, UniRef:UniRef50_B2VG55, UniRef:UniRef90_F5S8N9"
contig_45	cds	7691	9094	+	KK01_09505	piuB	PepSY-associated TM region	"COG:COG3182, COG:S, SO:0001217, UniRef:UniRef50_A0A1E9VV40, UniRef:UniRef90_F5S8P0"
contig_46	cds	194	3934	-	KK01_09510		Eco57I restriction-modification methylase domain-containing protein	"SO:0001217, UniRef:UniRef50_A0A837NJM2, UniRef:UniRef90_UPI00041D4E92"
contig_46	cds	4079	4453	-	KK01_09515		GIY-YIG nuclease family protein	"RefSeq:WP_019389465.1, SO:0001217, UniParc:UPI00031BE9E5, UniRef:UniRef100_UPI00031BE9E5, UniRef:UniRef50_UPI00031BE9E5, UniRef:UniRef90_UPI00031BE9E5"
contig_46	cds	4450	4809	-	KK01_09520		hypothetical protein	"SO:0001217, UniRef:UniRef50_A0A3A1YG34, UniRef:UniRef90_UPI0002D7B95F"
contig_46	cds	4778	5383	-	KK01_09525		hypothetical protein	"RefSeq:WP_230477556.1, SO:0001217, UniParc:UPI0002F049DB, UniRef:UniRef100_UPI0002F049DB, UniRef:UniRef50_A0A7X9A774, UniRef:UniRef90_UPI00041AB602"
contig_46	cds	5481	8177	-	KK01_09530		Leucine--tRNA ligase	"SO:0001217, UniRef:UniRef50_Q5FAJ3"
contig_46	cds	8487	8735	+	KK01_09535	brnA	BrnA antitoxin family protein	"RefSeq:WP_019389467.1, SO:0001217, UniParc:UPI0002E1B50B, UniRef:UniRef100_UPI0002E1B50B, UniRef:UniRef50_UPI00041891AB, UniRef:UniRef90_UPI00041891AB"
contig_47	cds	278	1891	+	KK01_09540	opgE	"Phosphoethanolamine transferase for periplasmic glucans OpgE, AlkP superfamily"	"COG:COG2194, COG:M, EC:2.7.8.-, KEGG:K19353, RefSeq:WP_019390144.1, SO:0001217, UniParc:UPI0002E53849, UniRef:UniRef100_UPI0002E53849, UniRef:UniRef50_F5S6C3, UniRef:UniRef90_F5S6C3"
contig_47	cds	1972	2940	-	KK01_09545	kdsD	Arabinose 5-phosphate isomerase KdsD	"RefSeq:WP_019390145.1, SO:0001217, UniParc:UPI0002DE91B1, UniRef:UniRef100_UPI0002DE91B1, UniRef:UniRef50_B2VL66, UniRef:UniRef90_A0A238HGA4"
contig_47	cds	3662	3805	-	KK01_09550		hypothetical protein	
contig_47	cds	3802	4290	-	KK01_09555		DUF4376 domain-containing protein	"SO:0001217, UniRef:UniRef50_A0A1A7QAN3, UniRef:UniRef90_UPI000366FED9"
contig_47	cds	4296	4403	-	KK01_09560		hypothetical protein	
contig_47	cds	4627	5109	-	KK01_09565		phage virion morphogenesis protein	"RefSeq:WP_019390149.1, SO:0001217, UniParc:UPI0002DBE04C, UniRef:UniRef100_UPI0002DBE04C, UniRef:UniRef50_L1P279, UniRef:UniRef90_A0A238TDK5"
contig_47	cds	5343	6017	-	KK01_09570		phage minor head protein	"SO:0001217, UniRef:UniRef50_UPI001E2DA2A1, UniRef:UniRef90_UPI001E2DA2A1"
contig_47	cds	6017	7333	-	KK01_09575		DUF935 domain-containing protein	"SO:0001217, UniRef:UniRef50_A0A220S391, UniRef:UniRef90_UPI001E4478F3"
contig_47	cds	7379	7813	+	KK01_09580		phage major tail tube protein	"KEGG:K06908, RefSeq:WP_019390151.1, SO:0001217, UniParc:UPI0002DFFB96, UniRef:UniRef100_UPI0002DFFB96, UniRef:UniRef50_A0A1N7DI67, UniRef:UniRef90_UPI0002DFFB96"
contig_47	cds	7947	8237	+	KK01_09585		Phage tail assembly protein	"RefSeq:WP_003786198.1, SO:0001217, UniParc:UPI00020C6D8E, UniRef:UniRef100_F5S6D2, UniRef:UniRef50_F5S6D2, UniRef:UniRef90_F5S6D2"
contig_47	cds	8419	8577	-	KK01_09590		hypothetical protein	
contig_48	cds	533	847	-	KK01_09595		hypothetical protein	"RefSeq:WP_230311239.1, SO:0001217, UniParc:UPI00030031AC, UniRef:UniRef100_UPI00030031AC, UniRef:UniRef50_UPI00030031AC, UniRef:UniRef90_UPI00030031AC"
contig_48	cds	858	1514	-	KK01_09600		zonular occludens toxin domain-containing protein	"RefSeq:WP_050999843.1, SO:0001217, UniParc:UPI0002E68311, UniRef:UniRef100_UPI001E363EF6, UniRef:UniRef50_A0A3N4N6W9, UniRef:UniRef90_UPI001E54927F"
contig_48	cds	1535	1819	-	KK01_09605		DUF2523 domain-containing protein	"RefSeq:WP_026036258.1, SO:0001217, UniParc:UPI0004750726, UniRef:UniRef100_UPI0004750726, UniRef:UniRef50_V9HAP8, UniRef:UniRef90_UPI0004750726"
contig_48	cds	1833	3314	-	KK01_09610	tspB	virulence factor TspB C-terminal domain-related protein	"SO:0001217, UniRef:UniRef50_UPI0012B68BAB, UniRef:UniRef90_UPI0012B68BAB"
contig_48	cds	3362	3739	+	KK01_09615	tonB	energy transducer TonB	"KEGG:K03832, RefSeq:WP_019389458.1, SO:0001217, UniParc:UPI0002FBD98A, UniRef:UniRef100_UPI0002FBD98A, UniRef:UniRef50_UPI00056E0BD4, UniRef:UniRef90_UPI00042051DD"
contig_48	cds	3804	4151	-	KK01_09620		hypothetical protein	"RefSeq:WP_019389459.1, SO:0001217, UniParc:UPI000364A21D, UniRef:UniRef100_UPI000364A21D, UniRef:UniRef50_UPI0002585FD3, UniRef:UniRef90_UPI0002585FD3"
contig_48	cds	4151	4462	-	KK01_09625		Inner membrane protein	"RefSeq:WP_003790474.1, SO:0001217, UniParc:UPI0002585FD4, UniRef:UniRef100_UPI0002585FD4, UniRef:UniRef50_C4GI37, UniRef:UniRef90_UPI0002585FD4"
contig_48	cds	4479	4703	-	KK01_09630		hypothetical protein	"RefSeq:WP_019389460.1, SO:0001217, UniParc:UPI00031D5B66, UniRef:UniRef100_UPI00031D5B66, UniRef:UniRef50_UPI0003FCE33F, UniRef:UniRef90_UPI00031D5B66"
contig_48	cds	4802	5017	-	KK01_09635	hicB	Type II toxin-antitoxin system HicB family antitoxin	"RefSeq:WP_019389461.1, SO:0001217, UniParc:UPI00031DC7DC, UniRef:UniRef100_UPI00031DC7DC, UniRef:UniRef50_G4CLK0, UniRef:UniRef90_UPI00031DC7DC"
contig_48	cds	5029	5346	-	KK01_09640		Phage associated protein	"RefSeq:WP_019389462.1, SO:0001217, UniParc:UPI000319EABC, UniRef:UniRef100_UPI000319EABC, UniRef:UniRef50_A0A1A9RJH8, UniRef:UniRef90_UPI0003FCAB79"
contig_48	cds	5350	6552	-	KK01_09645		replication initiation factor domain-containing protein	"RefSeq:WP_051258260.1, SO:0001217, UniParc:UPI0006865458, UniRef:UniRef100_UPI0006865458, UniRef:UniRef50_UPI000685496B, UniRef:UniRef90_UPI000685496B"
contig_49	cds	53	334	-	KK01_09650		DDE-Tnp-1-assoc domain-containing protein	"RefSeq:WP_019390247.1, SO:0001217, UniParc:UPI00036867B9, UniRef:UniRef100_UPI00036867B9, UniRef:UniRef50_F5S963, UniRef:UniRef90_F5S963"
contig_49	cds	442	3189	-	KK01_09655	cirA	"Outer membrane receptor protein, Fe transport"	"COG:COG1629, COG:P, RefSeq:WP_003788523.1, SO:0001217, UniParc:UPI00020C78B9, UniRef:UniRef100_F5S962, UniRef:UniRef50_D5VBA5, UniRef:UniRef90_F5S962"
contig_49	cds	3285	5033	-	KK01_09660		Transferrin-binding protein B	"RefSeq:WP_019390245.1, SO:0001217, UniParc:UPI0003017ECD, UniRef:UniRef100_UPI0003017ECD, UniRef:UniRef50_Q06988, UniRef:UniRef90_A0A238HJX1"
contig_50	rRNA	453	1989	+	KK01_09665	rrs	16S ribosomal RNA	"GO:0003735, GO:0005840, KEGG:K01977, RFAM:RF00177, SO:0001000"
contig_50	tRNA	2072	2148	+	KK01_09670	trnI	tRNA-Ile(gat)	SO:0000263
contig_50	tRNA	2201	2276	+	KK01_09675	trnA	tRNA-Ala(tgc)	SO:0000254
contig_50	rRNA	2670	5558	+	KK01_09680	rrl	23S ribosomal RNA	"GO:0003735, GO:0005840, KEGG:K01980, RFAM:RF02541, SO:0001001"
contig_50	rRNA	5728	5839	+	KK01_09685	rrf	5S ribosomal RNA	"GO:0003735, GO:0005840, KEGG:K01985, RFAM:RF00001, SO:0000652"
contig_51	cds	742	1254	-	KK01_09690		hypothetical protein	"SO:0001217, UniRef:UniRef50_UPI00036A91E8, UniRef:UniRef90_UPI00036A91E8"
contig_51	cds	1244	1444	-	KK01_09695		hypothetical protein	
contig_51	cds	1995	3179	-	KK01_09700	frpC	iron-regulated protein FrpC	"SO:0001217, UniRef:UniRef50_UPI001CC6BA60, UniRef:UniRef90_UPI001E47214E"
contig_51	cds	3204	3587	-	KK01_09705		DUF4359 domain-containing protein	"RefSeq:WP_003789308.1, SO:0001217, UniParc:UPI0002584539, UniRef:UniRef100_UPI0002584539, UniRef:UniRef50_A0A3N4MUP6, UniRef:UniRef90_F5S801"
contig_51	cds	3639	3782	-	KK01_09710		hypothetical protein	
contig_51	cds	3916	5058	-	KK01_09715	frpC	iron-regulated protein FrpC	"SO:0001217, UniRef:UniRef50_UPI001CC6BA60, UniRef:UniRef90_UPI001E53E183"
contig_52	cds	475	3816	+	KK01_09720		"Ca2+-binding protein, RTX toxin-related"	"COG:COG2931, COG:Q, RefSeq:WP_060537120.1, SO:0001217, UniParc:UPI000706AF47, UniRef:UniRef100_UPI000706AF47, UniRef:UniRef50_F5S6S3, UniRef:UniRef90_F5S6S3"
contig_52	cds	3875	3964	-	KK01_09725		hypothetical protein	
contig_52	cds	4010	4510	-	KK01_09730		transglycosylase SLT domain-containing protein	"KEGG:K03194, RefSeq:WP_019389893.1, SO:0001217, UniParc:UPI0002DBFD16, UniRef:UniRef100_UPI0002DBFD16, UniRef:UniRef50_UPI0002DBFD16, UniRef:UniRef90_UPI0002DBFD16"
contig_52	cds	4488	4709	-	KK01_09735		hypothetical protein	"KEGG:K03194, RefSeq:WP_026036317.1, SO:0001217, UniParc:UPI0004745BCA, UniRef:UniRef100_UPI0004745BCA, UniRef:UniRef50_UPI0004745BCA, UniRef:UniRef90_UPI0004745BCA"
contig_52	cds	4838	5089	-	KK01_09740		Transposase	"RefSeq:WP_019389894.1, SO:0001217, UniParc:UPI000318000B, UniRef:UniRef100_UPI000318000B, UniRef:UniRef50_F5S6S4, UniRef:UniRef90_F5S6S4"
contig_52	cds	5153	5437	-	KK01_09745		helix-turn-helix domain-containing protein	"RefSeq:WP_019389895.1, SO:0001217, UniParc:UPI000376F2B4, UniRef:UniRef100_UPI000376F2B4, UniRef:UniRef50_F5S6S5, UniRef:UniRef90_UPI00041CD29F"
contig_53	cds	171	863	+	KK01_09750	cls	Phosphatidylserine/phosphatidylglycerophosphate/cardiolipin synthase	"COG:COG1502, COG:I, SO:0001217, UniRef:UniRef50_C5T3F4, UniRef:UniRef90_F5S909"
contig_53	cds	885	2075	+	KK01_09755	tyrB	Aspartate/aromatic aminotransferase	"COG:COG1448, COG:E, SO:0001217, UniRef:UniRef50_A0A378B666, UniRef:UniRef90_F5S908"
contig_53	cds	2464	4347	+	KK01_09760	recQ	DNA helicase RecQ	"SO:0001217, UniRef:UniRef50_C0DRR6, UniRef:UniRef90_UPI001E531F9A"
contig_53	cds	4462	4854	+	KK01_09765		HRDC domain-containing protein	"SO:0001217, UniRef:UniRef50_UPI001E3B833B, UniRef:UniRef90_UPI001E3B833B"
contig_54	cds	103	486	+	KK01_09770		hypothetical protein	"SO:0001217, UniRef:UniRef50_UPI001E53BDB5, UniRef:UniRef90_UPI001E53BDB5"
contig_54	cds	563	682	+	KK01_09775		hypothetical protein	
contig_54	cds	1288	1590	+	KK01_09780		hypothetical protein	"SO:0001217, UniRef:UniRef50_UPI00035ECCFD, UniRef:UniRef90_UPI00035ECCFD"
contig_54	cds	1685	2068	+	KK01_09785		hypothetical protein	"RefSeq:WP_019389442.1, SO:0001217, UniParc:UPI0002E9A72E, UniRef:UniRef100_UPI0002E9A72E, UniRef:UniRef50_UPI00040F9217, UniRef:UniRef90_UPI0002E9A72E"
contig_54	cds	2123	2341	-	KK01_09790		helix-turn-helix domain-containing protein	"SO:0001217, UniRef:UniRef50_A0A238TAB4, UniRef:UniRef90_UPI0002FD91A9"
contig_54	cds	2344	2490	-	KK01_09795		(pseudo) hypothetical protein	"SO:0001217, UniRef:UniRef50_UPI0018AD3E94, UniRef:UniRef90_UPI0018AD3E94"
contig_54	cds	2553	2855	-	KK01_09800		DUF2951 domain-containing protein	"RefSeq:WP_019389445.1, SO:0001217, UniParc:UPI000302CA10, UniRef:UniRef100_UPI000302CA10, UniRef:UniRef50_A0A238T9K0, UniRef:UniRef90_UPI000412C662"
contig_54	cds	3110	3274	-	KK01_09805		hypothetical protein	"RefSeq:WP_019389447.1, SO:0001217, UniParc:UPI0002DD6E36, UniRef:UniRef100_UPI0002DD6E36, UniRef:UniRef50_A0A8X8LAM3, UniRef:UniRef90_UPI0004072400"
contig_54	cds	3283	3552	-	KK01_09810	yafQ	type II toxin-antitoxin system YafQ family toxin	"EC:3.1.-.-, KEGG:K19157, RefSeq:WP_019389448.1, SO:0001217, UniParc:UPI0002DFB44B, UniRef:UniRef100_UPI0002DFB44B, UniRef:UniRef50_A0A380MKH1, UniRef:UniRef90_UPI0002DFB44B"
contig_54	cds	3549	3848	-	KK01_09815		type II toxin-antitoxin system prevent-host-death family antitoxin	"RefSeq:WP_019389449.1, SO:0001217, UniParc:UPI0002FB81B8, UniRef:UniRef100_UPI0002FB81B8, UniRef:UniRef50_V9HL19, UniRef:UniRef90_UPI001EFD54B7"
contig_54	cds	4217	4375	-	KK01_09820	yoeB	Putative mRNA interferase YoeB	"SO:0001217, UniRef:UniRef50_A0A4D4IN76"
contig_54	cds	4372	4626	-	KK01_09825		type II toxin-antitoxin system prevent-host-death family antitoxin	"RefSeq:WP_019389452.1, SO:0001217, UniParc:UPI0002DCD26C, UniRef:UniRef100_UPI0002DCD26C, UniRef:UniRef50_A0A389LZV8, UniRef:UniRef90_UPI0002DCD26C"
contig_55	cds	57	494	+	KK01_09830		DUF4375 domain-containing protein	"RefSeq:WP_019389224.1, SO:0001217, UniParc:UPI00031A7850, UniRef:UniRef100_UPI00031A7850, UniRef:UniRef50_F5S5R9, UniRef:UniRef90_F5S5R9"
contig_55	cds	546	1142	+	KK01_09835	rdgB	RdgB/HAM1 family non-canonical purine NTP pyrophosphatase	"COG:COG0127, COG:F, EC:3.6.1.66, KEGG:K01519, RefSeq:WP_003785869.1, SO:0001217, UniParc:UPI00020C697B, UniRef:UniRef100_F5S5R8, UniRef:UniRef50_Q9K0G6, UniRef:UniRef90_F5S5R8"
contig_55	cds	1319	3361	-	KK01_09840	recG	ATP-dependent DNA helicase RecG	"COG:COG1200, COG:L, EC:5.6.2.4, KEGG:K03655, RefSeq:WP_019389225.1, SO:0001217, UniParc:UPI00031F80F6, UniRef:UniRef100_UPI00031F80F6, UniRef:UniRef50_A0A2W5HI13, UniRef:UniRef90_F5S5R7"
contig_55	cds	3467	4384	-	KK01_09845	ppk2	polyphosphate kinase 2	"COG:C, COG:COG2326, RefSeq:WP_019389226.1, SO:0001217, UniParc:UPI00031EE8AC, UniRef:UniRef100_UPI00031EE8AC, UniRef:UniRef50_A0A0N8KEU6, UniRef:UniRef90_F5S5R6"
contig_56	cds	136	1056	-	KK01_09850		FGE-sulfatase domain-containing protein	"COG:COG4255, COG:S, RefSeq:WP_100215676.1, SO:0001217, UniParc:UPI0007060C67, UniRef:UniRef100_UPI0007060C67, UniRef:UniRef50_F0F2Q8, UniRef:UniRef90_F5S6R7"
contig_56	cds	1171	2445	+	KK01_09855	nlpD	"Murein DD-endopeptidase MepM and murein hydrolase activator NlpD, contains LysM domain"	"COG:COG0739, COG:M, RefSeq:WP_003786505.1, SO:0001217, UniParc:UPI00020C5F88, UniRef:UniRef100_F5S6R8, UniRef:UniRef50_V9H631, UniRef:UniRef90_F5S6R8"
contig_56	cds	2673	3443	-	KK01_09860		DNA adenine methylase	"SO:0001217, UniRef:UniRef50_A0A3M3DJJ3, UniRef:UniRef90_UPI001EFC9150"
contig_56	cds	3562	3813	-	KK01_09865		hypothetical protein	"SO:0001217, UniRef:UniRef50_UPI00041D9385, UniRef:UniRef90_UPI00041D9385"
contig_56	cds	3852	4190	-	KK01_09870		hypothetical protein	"RefSeq:WP_019390140.1, SO:0001217, UniParc:UPI00031B0BCE, UniRef:UniRef100_UPI00031B0BCE, UniRef:UniRef50_UPI0003F66846, UniRef:UniRef90_UPI0003F66846"
contig_57	cds	611	850	-	KK01_09875	copG	CopG family transcriptional regulator	"RefSeq:WP_019390470.1, SO:0001217, UniParc:UPI00031D096D, UniRef:UniRef100_UPI00031D096D, UniRef:UniRef50_T0JA25, UniRef:UniRef90_UPI00031D096D"
contig_57	cds	1006	2157	+	KK01_09880	lpxB	lipid-A-disaccharide synthase	"COG:COG0763, COG:M, EC:2.4.1.182, KEGG:K00748, RefSeq:WP_019390471.1, SO:0001217, UniParc:UPI0003150ACF, UniRef:UniRef100_UPI0003150ACF, UniRef:UniRef50_Q9K1F5, UniRef:UniRef90_F5S9L3"
contig_57	cds	2217	3791	-	KK01_09885	ftsY	signal recognition particle-docking protein FtsY	"COG:COG0552, COG:U, KEGG:K03110, RefSeq:WP_019390472.1, SO:0001217, UniParc:UPI0002F23285, UniRef:UniRef100_UPI0002F23285, UniRef:UniRef50_P14929, UniRef:UniRef90_F5S9L4"
contig_58	cds	148	516	+	KK01_09890		hypothetical protein	"RefSeq:WP_019389782.1, SO:0001217, UniParc:UPI0002FF4256, UniRef:UniRef100_UPI0002FF4256, UniRef:UniRef50_UPI0002FF4256, UniRef:UniRef90_UPI0002FF4256"
contig_58	cds	531	1802	+	KK01_09895		DUF262 domain-containing protein	"RefSeq:WP_019389781.1, SO:0001217, UniParc:UPI0002ED2621, UniRef:UniRef100_UPI0002ED2621, UniRef:UniRef50_A0A238TE04, UniRef:UniRef90_A0A238TE04"
contig_58	cds	1799	3637	+	KK01_09900		DUF262 domain-containing protein	"SO:0001217, UniRef:UniRef50_A0A238TH34, UniRef:UniRef90_A0A238TH34"
contig_59	cds	187	1068	+	KK01_09905	lysR	LysR family transcriptional regulator	"RefSeq:WP_019389455.1, SO:0001217, UniParc:UPI0002ED948E, UniRef:UniRef100_UPI0002ED948E, UniRef:UniRef50_X5EJQ3, UniRef:UniRef90_UPI000424EC21"
contig_59	cds	1308	1976	+	KK01_09910	hda	DnaA regulatory inactivator Hda	"COG:COG0593, COG:L, RefSeq:WP_003789459.1, SO:0001217, UniParc:UPI000258455D, UniRef:UniRef100_F5S504, UniRef:UniRef50_E4ZCV6, UniRef:UniRef90_F5S504"
contig_59	cds	1973	2641	+	KK01_09915	serB	Phosphoserine phosphatase	"COG:COG0560, COG:E, RefSeq:WP_019389454.1, SO:0001217, UniParc:UPI00031E694B, UniRef:UniRef100_UPI00031E694B, UniRef:UniRef50_P0DV34, UniRef:UniRef90_F5S503"
contig_59	cds	2665	3498	+	KK01_09920	metF	methylenetetrahydrofolate reductase [NAD(P)H]	"COG:COG0685, COG:E, RefSeq:WP_019389453.1, SO:0001217, UniParc:UPI0002E9C5C9, UniRef:UniRef100_UPI0002E9C5C9, UniRef:UniRef50_A0A2A4U8J6, UniRef:UniRef90_F5S502"
contig_60	cds	239	685	+	KK01_09925		hypothetical protein	
contig_60	cds	738	3095	-	KK01_09930	ligA	NAD-dependent DNA ligase LigA	"COG:COG0272, COG:L, RefSeq:WP_019389316.1, SO:0001217, UniParc:UPI0002F6D0AF, UniRef:UniRef100_UPI0002F6D0AF, UniRef:UniRef50_Q5F9Z9, UniRef:UniRef90_F5S6J7"
contig_61	cds	124	1887	-	KK01_09935	yddA	"ABC-type uncharacterized transport system, permease and ATPase components"	"COG:COG4178, COG:R, RefSeq:WP_060536979.1, SO:0001217, UniParc:UPI0007066E12, UniRef:UniRef100_UPI0007066E12, UniRef:UniRef50_A0A084EYN4, UniRef:UniRef90_F5S511"
contig_61	cds	1997	2860	-	KK01_09940	degV	Fatty acid-binding protein DegV (function unknown)	"COG:COG1307, COG:I, RefSeq:WP_019390326.1, SO:0001217, UniParc:UPI00031F98F8, UniRef:UniRef100_UPI00031F98F8, UniRef:UniRef50_F5S510, UniRef:UniRef90_F5S510"
contig_62	cds	1501	1848	-	KK01_09945		Lipoprotein	"RefSeq:WP_003785334.1, SO:0001217, UniParc:UPI00020C6440, UniRef:UniRef100_F5S4T0, UniRef:UniRef50_F5S4T0, UniRef:UniRef90_F5S4T0"
contig_62	cds	2069	2863	-	KK01_09950		hypothetical protein	"RefSeq:WP_019388965.1, SO:0001217, UniParc:UPI0003753059, UniRef:UniRef100_UPI0003753059, UniRef:UniRef50_F5S800, UniRef:UniRef90_UPI0003753059"
contig_63	cds	165	473	+	KK01_09955	comEA	DNA uptake protein ComE or related DNA-binding protein	"COG:COG1555, COG:L, KEGG:K02237, RefSeq:WP_019390394.1, SO:0001217, UniParc:UPI00036A920C, UniRef:UniRef100_UPI00036A920C, UniRef:UniRef50_A0A1F9L4S4, UniRef:UniRef90_F5S9D7"
contig_63	cds	694	1419	+	KK01_09960	rpsB	30S ribosomal protein S2	"COG:COG0052, COG:J, RefSeq:WP_032132977.1, SO:0001217, UniParc:UPI000404C979, UniRef:UniRef100_UPI000404C979, UniRef:UniRef50_Q2YBA7, UniRef:UniRef90_A0A1X3CKB0"
contig_63	cds	1504	2358	+	KK01_09965	tsf	translation elongation factor Ts	"COG:COG0264, COG:J, GO:0003746, GO:0005737, RefSeq:WP_003792035.1, SO:0001217, UniParc:UPI0002586C74, UniRef:UniRef100_UPI0002586C74, UniRef:UniRef50_Q5F5F4, UniRef:UniRef90_Q5F5F4"
contig_63	cds	2393	2665	+	KK01_09970		FAD-dependent monooxygenase	"SO:0001217, UniRef:UniRef50_UPI0003F60100, UniRef:UniRef90_UPI0004158B08"
contig_64	cds	219	1397	-	KK01_09975	dapC	succinyldiaminopimelate transaminase	"COG:COG0436, COG:E, RefSeq:WP_019389223.1, SO:0001217, UniParc:UPI00036CB694, UniRef:UniRef100_UPI00036CB694, UniRef:UniRef50_A0A2Z6EUQ7, UniRef:UniRef90_F5S5S0"
contig_64	cds	1501	2679	+	KK01_09980	araJ	sugar transporter	"COG:COG2814, COG:G, KEGG:K08159, RefSeq:WP_003785876.1, SO:0001217, UniParc:UPI00020C697E, UniRef:UniRef100_F5S5S1, UniRef:UniRef50_P44535, UniRef:UniRef90_F5S5S1"
contig_65	cds	474	710	+	KK01_09985		hypothetical protein	
contig_66	cds	100	957	+	KK01_09990		Integral membrane protein	"RefSeq:WP_019390229.1, SO:0001217, UniParc:UPI0002E739E1, UniRef:UniRef100_UPI0002E739E1, UniRef:UniRef50_A0A6S7AUM2, UniRef:UniRef90_F5S936"
contig_66	cds	1016	2008	+	KK01_09995	bioB	biotin synthase BioB	"COG:COG0502, COG:H, EC:2.8.1.6, KEGG:K01012, RefSeq:WP_003791860.1, SO:0001217, UniParc:UPI000258658F, UniRef:UniRef100_F5S935, UniRef:UniRef50_Q12D73, UniRef:UniRef90_F5S935"
contig_67	cds	152	1288	-	KK01_10000	insQ	Transposase	"COG:COG0675, COG:X, RefSeq:WP_060536992.1, SO:0001217, UniParc:UPI000705D376, UniRef:UniRef100_UPI000705D376, UniRef:UniRef50_F5S5E2, UniRef:UniRef90_F5S5E2"
contig_67	cds	1333	1749	+	KK01_10005	tnpA	IS200/IS605 family transposase	"COG:COG1943, COG:X, RefSeq:WP_019388955.1, SO:0001217, UniParc:UPI0002F8C2FB, UniRef:UniRef100_UPI0002F8C2FB, UniRef:UniRef50_V9HBE0, UniRef:UniRef90_V9HBE0"
contig_68	cds	541	639	+	KK01_10010		hypothetical protein	
contig_68	cds	742	1287	+	KK01_10015		hypothetical protein	"RefSeq:WP_038304885.1, SO:0001217, UniParc:UPI000571B11D, UniRef:UniRef100_UPI000571B11D, UniRef:UniRef50_UPI00050A1087, UniRef:UniRef90_UPI00050A1087"
contig_69	cds	939	1418	-	KK01_10020		Lipoprotein	"RefSeq:WP_003785681.1, SO:0001217, UniParc:UPI00020C5A18, UniRef:UniRef100_F5S5F2, UniRef:UniRef50_F5S5F2, UniRef:UniRef90_F5S5F2"
contig_69	cds	1430	1534	-	KK01_10025		hypothetical protein	
contig_70	cds	107	238	-	KK01_10030		hypothetical protein	
contig_70	cds	596	1084	-	KK01_10035		Sulfite reductase flavoprotein alpha-component	"RefSeq:WP_003789288.1, SO:0001217, UniParc:UPI0002584533, UniRef:UniRef100_UPI001EFECCBF, UniRef:UniRef50_F5S804, UniRef:UniRef90_F5S804"
contig_71	cds	144	683	+	KK01_10040		hypothetical protein	"SO:0001217, UniRef:UniRef50_UPI0018AD4F20, UniRef:UniRef90_UPI0018AD4F20"
contig_72	cds	200	922	-	KK01_10045		OMP-b-brl domain-containing protein	"RefSeq:WP_019390214.1, SO:0001217, UniParc:UPI0002D9D789, UniRef:UniRef100_UPI0002D9D789, UniRef:UniRef50_F5S6Q1, UniRef:UniRef90_F5S6Q1"
contig_73	cds	2	1105	-	KK01_10050		Elongation factor Tu	"SO:0001217, UniRef:UniRef50_P48864"
contig_74	cds	86	961	+	KK01_10055		ISHne2 transposase	"SO:0001217, UniRef:UniRef50_F5SA64, UniRef:UniRef90_F5SA64"
contig_76	cds	43	279	+	KK01_10060		transposase family protein	"SO:0001217, UniRef:UniRef50_F5S963, UniRef:UniRef90_UPI000AB7D558"
contig_77	cds	180	635	+	KK01_10065	pcp	pyroglutamyl-peptidase I	"EC:3.4.19.3, KEGG:K01304, SO:0001217, UniRef:UniRef50_A0A240C4H8, UniRef:UniRef90_UPI000688F2EA"
contig_78	cds	199	402	+	KK01_10070		hypothetical protein	"RefSeq:WP_019389014.1, SO:0001217, UniParc:UPI0003716956, UniRef:UniRef100_UPI0003716956, UniRef:UniRef50_UPI0003716956, UniRef:UniRef90_UPI0003716956"
contig_79	cds	181	471	-	KK01_10075		hypothetical protein	"RefSeq:WP_019388929.1, SO:0001217, UniParc:UPI000360ECA9, UniRef:UniRef100_UPI0002D5EDCC, UniRef:UniRef50_UPI000706A145, UniRef:UniRef90_UPI000706A145"
contig_80	cds	57	212	-	KK01_10080		Plasmid stabilization system protein	"RefSeq:WP_154699930.1, SO:0001217, UniParc:UPI000705FFF1, UniRef:UniRef100_UPI000705FFF1, UniRef:UniRef50_A0A238HIW0, UniRef:UniRef90_UPI000705FFF1"
contig_80	cds	214	429	-	KK01_10085		DNA polymerase III subunit theta	"RefSeq:WP_019388976.1, SO:0001217, UniParc:UPI0003030AA0, UniRef:UniRef100_UPI0003030AA0, UniRef:UniRef50_A0A238HI63, UniRef:UniRef90_UPI0003030AA0"
contig_81	cds	32	520	+	KK01_10090		IS5 family transposase	"SO:0001217, UniRef:UniRef50_A0A286EX45, UniRef:UniRef90_UPI000BB78752"
contig_82	cds	80	430	-	KK01_10095		IS1 family transposase	"KEGG:K07480, SO:0001217, UniRef:UniRef50_A0A5M8NVD7, UniRef:UniRef90_UPI00037BB9F6"
contig_86	cds	21	200	+	KK01_10100		hypothetical protein	